[{"model": "admin.logentry", "pk": 1, "fields": {"action_time": "2024-03-19T12:26:08.004Z", "user": 1, "content_type": 25, "object_id": "5", "object_repr": "waca | Level: 1 | Attack : 10 | Defence: 9", "action_flag": 2, "change_message": "[{\"added\": {\"name\": \"\\u041f\\u0440\\u0435\\u0434\\u043c\\u0435\\u0442 \\u043f\\u0435\\u0440\\u0441\\u043e\\u043d\\u0430\\u0436\\u0430\", \"object\": \"Character: waca | Level: 1 | Attack : 10 | Defence: 9 | Item: \\u041f\\u043e\\u0441\\u043e\\u0445 \\u0423\\u0447\\u0435\\u043d\\u0438\\u043a\\u0430 | Amount: 1\"}}, {\"added\": {\"name\": \"\\u041f\\u0440\\u0435\\u0434\\u043c\\u0435\\u0442 \\u043f\\u0435\\u0440\\u0441\\u043e\\u043d\\u0430\\u0436\\u0430\", \"object\": \"Character: waca | Level: 1 | Attack : 10 | Defence: 9 | Item: \\u041c\\u0430\\u043d\\u0442\\u0438\\u044f \\u0423\\u0447\\u0435\\u043d\\u0438\\u043a\\u0430 | Amount: 1\"}}]"}}, {"model": "admin.logentry", "pk": 2, "fields": {"action_time": "2024-03-19T12:31:03.688Z", "user": 1, "content_type": 25, "object_id": "5", "object_repr": "waca | Level: 1 | Attack : 10 | Defence: 9", "action_flag": 2, "change_message": "[{\"added\": {\"name\": \"\\u041f\\u0440\\u0435\\u0434\\u043c\\u0435\\u0442 \\u043f\\u0435\\u0440\\u0441\\u043e\\u043d\\u0430\\u0436\\u0430\", \"object\": \"Character: waca | Level: 1 | Attack : 10 | Defence: 9 | Item: \\u042d\\u043b\\u0438\\u043a\\u0441\\u0438\\u0440 \\u0421\\u0438\\u043b\\u044b | Amount: 12\"}}]"}}, {"model": "admin.logentry", "pk": 3, "fields": {"action_time": "2024-03-19T12:34:40.869Z", "user": 1, "content_type": 18, "object_id": "15", "object_repr": "Эликсир Силы", "action_flag": 2, "change_message": "[{\"added\": {\"name\": \"\\u042d\\u0444\\u0444\\u0435\\u043a\\u0442 \\u043f\\u0440\\u0435\\u0434\\u043c\\u0435\\u0442\\u0430\", \"object\": \"\\u042d\\u043b\\u0438\\u043a\\u0441\\u0438\\u0440 \\u0421\\u0438\\u043b\\u044b \\ufe0f\\u2694\\ufe0f\\u0410\\u0442\\u0430\\u043a\\u0430: 10%\"}}]"}}, {"model": "admin.logentry", "pk": 4, "fields": {"action_time": "2024-03-19T12:34:48.915Z", "user": 1, "content_type": 18, "object_id": "16", "object_repr": "Эликсир Защиты", "action_flag": 2, "change_message": "[{\"added\": {\"name\": \"\\u042d\\u0444\\u0444\\u0435\\u043a\\u0442 \\u043f\\u0440\\u0435\\u0434\\u043c\\u0435\\u0442\\u0430\", \"object\": \"\\u042d\\u043b\\u0438\\u043a\\u0441\\u0438\\u0440 \\u0417\\u0430\\u0449\\u0438\\u0442\\u044b \\ud83d\\udee1\\u0417\\u0430\\u0449\\u0438\\u0442\\u0430: 10%\"}}]"}}, {"model": "admin.logentry", "pk": 5, "fields": {"action_time": "2024-03-19T12:35:14.926Z", "user": 1, "content_type": 23, "object_id": "16", "object_repr": "🔮Опыт: 10%", "action_flag": 1, "change_message": "[{\"added\": {}}]"}}, {"model": "admin.logentry", "pk": 6, "fields": {"action_time": "2024-03-19T12:35:21.789Z", "user": 1, "content_type": 18, "object_id": "17", "object_repr": "Эликсир Мудрости", "action_flag": 2, "change_message": "[{\"added\": {\"name\": \"\\u042d\\u0444\\u0444\\u0435\\u043a\\u0442 \\u043f\\u0440\\u0435\\u0434\\u043c\\u0435\\u0442\\u0430\", \"object\": \"\\u042d\\u043b\\u0438\\u043a\\u0441\\u0438\\u0440 \\u041c\\u0443\\u0434\\u0440\\u043e\\u0441\\u0442\\u0438 \\ud83d\\udd2e\\u041e\\u043f\\u044b\\u0442: 10%\"}}]"}}, {"model": "admin.logentry", "pk": 7, "fields": {"action_time": "2024-03-19T12:35:53.131Z", "user": 1, "content_type": 23, "object_id": "17", "object_repr": "⏳Время охоты: 10%", "action_flag": 1, "change_message": "[{\"added\": {}}]"}}, {"model": "admin.logentry", "pk": 8, "fields": {"action_time": "2024-03-19T12:36:02.800Z", "user": 1, "content_type": 18, "object_id": "14", "object_repr": "Эликсир Выносливости", "action_flag": 2, "change_message": "[{\"added\": {\"name\": \"\\u042d\\u0444\\u0444\\u0435\\u043a\\u0442 \\u043f\\u0440\\u0435\\u0434\\u043c\\u0435\\u0442\\u0430\", \"object\": \"\\u042d\\u043b\\u0438\\u043a\\u0441\\u0438\\u0440 \\u0412\\u044b\\u043d\\u043e\\u0441\\u043b\\u0438\\u0432\\u043e\\u0441\\u0442\\u0438 \\u23f3\\u0412\\u0440\\u0435\\u043c\\u044f \\u043e\\u0445\\u043e\\u0442\\u044b: 10%\"}}]"}}, {"model": "admin.logentry", "pk": 9, "fields": {"action_time": "2024-03-19T12:47:09.136Z", "user": 1, "content_type": 25, "object_id": "5", "object_repr": "waca | Level: 1 | Attack : 10 | Defence: 9", "action_flag": 2, "change_message": "[{\"changed\": {\"name\": \"\\u042d\\u0444\\u0444\\u0435\\u043a\\u0442 \\u043f\\u0435\\u0440\\u0441\\u043e\\u043d\\u0430\\u0436\\u0430\", \"object\": \"Character: waca | Level: 1 | Attack : 10 | Defence: 9 | Effect: \\ufe0f\\u2694\\ufe0f\\u0410\\u0442\\u0430\\u043a\\u0430: 10%\", \"fields\": [\"\\u041e\\u043a\\u043e\\u043d\\u0447\\u0430\\u043d\\u0438\\u0435 \\u042d\\u0444\\u0444\\u0435\\u043a\\u0442\\u0430\"]}}]"}}, {"model": "admin.logentry", "pk": 10, "fields": {"action_time": "2024-03-19T12:48:31.838Z", "user": 1, "content_type": 25, "object_id": "5", "object_repr": "waca | Level: 1 | Attack : 10 | Defence: 9", "action_flag": 2, "change_message": "[{\"changed\": {\"fields\": [\"\\u041e\\u043a\\u043e\\u043d\\u0447\\u0430\\u043d\\u0438\\u0435 \\u041f\\u0440\\u0435\\u043c\\u0438\\u0443\\u043c\\u0430\"]}}]"}}, {"model": "admin.logentry", "pk": 11, "fields": {"action_time": "2024-03-19T12:49:00.184Z", "user": 1, "content_type": 25, "object_id": "5", "object_repr": "waca | Level: 1 | Attack : 10 | Defence: 9", "action_flag": 2, "change_message": "[{\"changed\": {\"fields\": [\"\\u041d\\u0430\\u0447\\u0430\\u043b\\u043e \\u043e\\u0445\\u043e\\u0442\\u044b\"]}}]"}}, {"model": "admin.logentry", "pk": 12, "fields": {"action_time": "2024-03-19T12:54:20.591Z", "user": 1, "content_type": 25, "object_id": "5", "object_repr": "waca | Level: 1 | Attack : 10 | Defence: 9", "action_flag": 2, "change_message": "[{\"changed\": {\"fields\": [\"\\u0422\\u0435\\u043a\\u0443\\u0449\\u0430\\u044f \\u043b\\u043e\\u043a\\u0430\\u0446\\u0438\\u044f\", \"\\u041d\\u0430\\u0447\\u0430\\u043b\\u043e \\u043e\\u0445\\u043e\\u0442\\u044b\", \"\\u041a\\u043e\\u043d\\u0435\\u0446 \\u043e\\u0445\\u043e\\u0442\\u044b\"]}}]"}}, {"model": "admin.logentry", "pk": 13, "fields": {"action_time": "2024-03-19T12:55:20.305Z", "user": 1, "content_type": 25, "object_id": "5", "object_repr": "waca | Level: 1 | Attack : 10 | Defence: 9", "action_flag": 2, "change_message": "[{\"changed\": {\"fields\": [\"\\u041d\\u0430\\u0447\\u0430\\u043b\\u043e \\u043e\\u0445\\u043e\\u0442\\u044b\"]}}]"}}, {"model": "admin.logentry", "pk": 14, "fields": {"action_time": "2024-03-19T12:55:56.728Z", "user": 1, "content_type": 25, "object_id": "5", "object_repr": "waca | Level: 1 | Attack : 10 | Defence: 9", "action_flag": 2, "change_message": "[{\"changed\": {\"name\": \"\\u042d\\u0444\\u0444\\u0435\\u043a\\u0442 \\u043f\\u0435\\u0440\\u0441\\u043e\\u043d\\u0430\\u0436\\u0430\", \"object\": \"Character: waca | Level: 1 | Attack : 10 | Defence: 9 | Effect: \\ufe0f\\u2694\\ufe0f\\u0410\\u0442\\u0430\\u043a\\u0430: 10%\", \"fields\": [\"\\u041e\\u043a\\u043e\\u043d\\u0447\\u0430\\u043d\\u0438\\u0435 \\u042d\\u0444\\u0444\\u0435\\u043a\\u0442\\u0430\"]}}]"}}, {"model": "admin.logentry", "pk": 15, "fields": {"action_time": "2024-03-19T13:03:03.956Z", "user": 1, "content_type": 25, "object_id": "5", "object_repr": "waca | Level: 1 | Attack : 10 | Defence: 9", "action_flag": 2, "change_message": "[{\"changed\": {\"fields\": [\"\\u041e\\u043a\\u043e\\u043d\\u0447\\u0430\\u043d\\u0438\\u0435 \\u041f\\u0440\\u0435\\u043c\\u0438\\u0443\\u043c\\u0430\"]}}]"}}, {"model": "admin.logentry", "pk": 16, "fields": {"action_time": "2024-03-19T13:36:59.072Z", "user": 1, "content_type": 25, "object_id": "5", "object_repr": "waca | Level: 1 | Attack : 10 | Defence: 9", "action_flag": 2, "change_message": "[{\"added\": {\"name\": \"\\u041f\\u0440\\u0435\\u0434\\u043c\\u0435\\u0442 \\u043f\\u0435\\u0440\\u0441\\u043e\\u043d\\u0430\\u0436\\u0430\", \"object\": \"Character: waca | Level: 1 | Attack : 10 | Defence: 9 | Item: \\u0422\\u0430\\u043b\\u0438\\u0441\\u043c\\u0430\\u043d \\u0410\\u0442\\u0430\\u043a\\u0438 | Amount: 1\"}}]"}}, {"model": "admin.logentry", "pk": 17, "fields": {"action_time": "2024-03-19T13:37:20.937Z", "user": 1, "content_type": 14, "object_id": "44", "object_repr": "Талисман Атаки", "action_flag": 2, "change_message": "[{\"added\": {\"name\": \"\\u042d\\u0444\\u0444\\u0435\\u043a\\u0442 \\u043f\\u0440\\u0435\\u0434\\u043c\\u0435\\u0442\\u0430\", \"object\": \"\\u0422\\u0430\\u043b\\u0438\\u0441\\u043c\\u0430\\u043d \\u0410\\u0442\\u0430\\u043a\\u0438 \\ufe0f\\u2694\\ufe0f\\u0410\\u0442\\u0430\\u043a\\u0430: 10%\"}}]"}}, {"model": "admin.logentry", "pk": 18, "fields": {"action_time": "2024-03-19T13:37:21.219Z", "user": 1, "content_type": 14, "object_id": "44", "object_repr": "Талисман Атаки", "action_flag": 2, "change_message": "[{\"added\": {\"name\": \"\\u042d\\u0444\\u0444\\u0435\\u043a\\u0442 \\u043f\\u0440\\u0435\\u0434\\u043c\\u0435\\u0442\\u0430\", \"object\": \"\\u0422\\u0430\\u043b\\u0438\\u0441\\u043c\\u0430\\u043d \\u0410\\u0442\\u0430\\u043a\\u0438 \\ufe0f\\u2694\\ufe0f\\u0410\\u0442\\u0430\\u043a\\u0430: 10%\"}}]"}}, {"model": "admin.logentry", "pk": 19, "fields": {"action_time": "2024-03-19T13:37:38.779Z", "user": 1, "content_type": 14, "object_id": "44", "object_repr": "Талисман Атаки", "action_flag": 2, "change_message": "[{\"deleted\": {\"name\": \"\\u042d\\u0444\\u0444\\u0435\\u043a\\u0442 \\u043f\\u0440\\u0435\\u0434\\u043c\\u0435\\u0442\\u0430\", \"object\": \"\\u0422\\u0430\\u043b\\u0438\\u0441\\u043c\\u0430\\u043d \\u0410\\u0442\\u0430\\u043a\\u0438 \\ufe0f\\u2694\\ufe0f\\u0410\\u0442\\u0430\\u043a\\u0430: 10%\"}}]"}}, {"model": "admin.logentry", "pk": 20, "fields": {"action_time": "2024-03-20T10:26:09.730Z", "user": 1, "content_type": 25, "object_id": "5", "object_repr": "waca | Level: 1 | Attack : 10 | Defence: 9", "action_flag": 2, "change_message": "[{\"changed\": {\"fields\": [\"\\u041e\\u043a\\u043e\\u043d\\u0447\\u0430\\u043d\\u0438\\u0435 \\u041f\\u0440\\u0435\\u043c\\u0438\\u0443\\u043c\\u0430\"]}}]"}}, {"model": "admin.logentry", "pk": 21, "fields": {"action_time": "2024-03-20T11:08:24.340Z", "user": 1, "content_type": 25, "object_id": "5", "object_repr": "waca | Level: 1 | Attack : 1 | Defence: 1", "action_flag": 2, "change_message": "[{\"changed\": {\"fields\": [\"\\u0410\\u0442\\u0430\\u043a\\u0430\", \"\\u0417\\u0430\\u0449\\u0438\\u0442\\u0430\"]}}]"}}, {"model": "admin.logentry", "pk": 22, "fields": {"action_time": "2024-03-20T11:14:49.840Z", "user": 1, "content_type": 25, "object_id": "5", "object_repr": "waca | Level: 2 | Attack : 1 | Defence: 1", "action_flag": 2, "change_message": "[{\"changed\": {\"fields\": [\"\\u0410\\u0442\\u0430\\u043a\\u0430\", \"\\u0417\\u0430\\u0449\\u0438\\u0442\\u0430\"]}}]"}}, {"model": "admin.logentry", "pk": 23, "fields": {"action_time": "2024-03-20T11:15:24.411Z", "user": 1, "content_type": 37, "object_id": "2", "object_repr": "Эльфийский лес | Attack: 17 | Defence: 33", "action_flag": 2, "change_message": "[{\"changed\": {\"fields\": [\"\\u0422\\u0440\\u0435\\u0431\\u0443\\u0435\\u043c\\u0430\\u044f \\u0437\\u0430\\u0449\\u0438\\u0442\\u0430 \\u043f\\u0435\\u0440\\u0441\\u043e\\u043d\\u0430\\u0436\\u0430\"]}}]"}}, {"model": "admin.logentry", "pk": 24, "fields": {"action_time": "2024-03-20T11:15:53.308Z", "user": 1, "content_type": 37, "object_id": "2", "object_repr": "Эльфийский лес | Attack: 17 | Defence: 133", "action_flag": 2, "change_message": "[{\"changed\": {\"fields\": [\"\\u0422\\u0440\\u0435\\u0431\\u0443\\u0435\\u043c\\u0430\\u044f \\u0437\\u0430\\u0449\\u0438\\u0442\\u0430 \\u043f\\u0435\\u0440\\u0441\\u043e\\u043d\\u0430\\u0436\\u0430\"]}}]"}}, {"model": "admin.logentry", "pk": 25, "fields": {"action_time": "2024-03-20T11:37:20.749Z", "user": 1, "content_type": 37, "object_id": "2", "object_repr": "Эльфийский лес | Attack: 17 | Defence: 17", "action_flag": 2, "change_message": "[{\"changed\": {\"fields\": [\"\\u0422\\u0440\\u0435\\u0431\\u0443\\u0435\\u043c\\u0430\\u044f \\u0437\\u0430\\u0449\\u0438\\u0442\\u0430 \\u043f\\u0435\\u0440\\u0441\\u043e\\u043d\\u0430\\u0436\\u0430\"]}}]"}}, {"model": "admin.logentry", "pk": 26, "fields": {"action_time": "2024-03-20T11:48:29.793Z", "user": 1, "content_type": 25, "object_id": "5", "object_repr": "waca | Level: 1 | Attack : 10 | Defence: 10", "action_flag": 2, "change_message": "[{\"changed\": {\"fields\": [\"\\u0423\\u0440\\u043e\\u0432\\u0435\\u043d\\u044c\", \"\\u0410\\u0442\\u0430\\u043a\\u0430\", \"\\u0417\\u0430\\u0449\\u0438\\u0442\\u0430\"]}}]"}}, {"model": "admin.logentry", "pk": 27, "fields": {"action_time": "2024-03-20T11:48:51.288Z", "user": 1, "content_type": 6, "object_id": "1", "object_repr": "Nikita Fedorov | id: 746696354", "action_flag": 2, "change_message": "[{\"changed\": {\"fields\": [\"\\u041f\\u0435\\u0440\\u0441\\u043e\\u043d\\u0430\\u0436\"]}}]"}}, {"model": "admin.logentry", "pk": 28, "fields": {"action_time": "2024-03-20T11:49:38.803Z", "user": 1, "content_type": 6, "object_id": "1", "object_repr": "Nikita Fedorov | id: 746696354", "action_flag": 2, "change_message": "[{\"changed\": {\"fields\": [\"\\u041f\\u0435\\u0440\\u0441\\u043e\\u043d\\u0430\\u0436\"]}}]"}}, {"model": "admin.logentry", "pk": 29, "fields": {"action_time": "2024-03-20T13:15:44.451Z", "user": 1, "content_type": 23, "object_id": "18", "object_repr": "️⚔️Атака: -10%", "action_flag": 1, "change_message": "[{\"added\": {}}]"}}, {"model": "admin.logentry", "pk": 30, "fields": {"action_time": "2024-03-20T13:15:56.565Z", "user": 1, "content_type": 23, "object_id": "19", "object_repr": "🛡Защита: -10%", "action_flag": 1, "change_message": "[{\"added\": {}}]"}}, {"model": "admin.logentry", "pk": 31, "fields": {"action_time": "2024-03-20T13:25:12.679Z", "user": 1, "content_type": 23, "object_id": "19", "object_repr": "🛡Защита: -10%", "action_flag": 2, "change_message": "[{\"changed\": {\"fields\": [\"\\u0412\\u0438\\u0434 \\u044d\\u0444\\u0444\\u0435\\u043a\\u0442\\u0430\"]}}]"}}, {"model": "admin.logentry", "pk": 32, "fields": {"action_time": "2024-03-20T13:25:16.483Z", "user": 1, "content_type": 23, "object_id": "18", "object_repr": "️⚔️Атака: -10%", "action_flag": 2, "change_message": "[{\"changed\": {\"fields\": [\"\\u0412\\u0438\\u0434 \\u044d\\u0444\\u0444\\u0435\\u043a\\u0442\\u0430\"]}}]"}}, {"model": "admin.logentry", "pk": 33, "fields": {"action_time": "2024-03-20T13:28:06.973Z", "user": 1, "content_type": 25, "object_id": "7", "object_repr": "Баклажан2 | Level: 1 | Attack : 9 | Defence: 10", "action_flag": 2, "change_message": "[{\"deleted\": {\"name\": \"\\u042d\\u0444\\u0444\\u0435\\u043a\\u0442 \\u043f\\u0435\\u0440\\u0441\\u043e\\u043d\\u0430\\u0436\\u0430\", \"object\": \"Character: \\u0411\\u0430\\u043a\\u043b\\u0430\\u0436\\u0430\\u043d2 | Level: 1 | Attack : 9 | Defence: 10 | Effect: \\ud83d\\udee1\\u0417\\u0430\\u0449\\u0438\\u0442\\u0430: -10%\"}}, {\"deleted\": {\"name\": \"\\u042d\\u0444\\u0444\\u0435\\u043a\\u0442 \\u043f\\u0435\\u0440\\u0441\\u043e\\u043d\\u0430\\u0436\\u0430\", \"object\": \"Character: \\u0411\\u0430\\u043a\\u043b\\u0430\\u0436\\u0430\\u043d2 | Level: 1 | Attack : 9 | Defence: 10 | Effect: \\ufe0f\\u2694\\ufe0f\\u0410\\u0442\\u0430\\u043a\\u0430: -10%\"}}]"}}, {"model": "admin.logentry", "pk": 34, "fields": {"action_time": "2024-03-20T15:53:28.207Z", "user": 1, "content_type": 25, "object_id": "7", "object_repr": "Баклажан2 | Level: 1 | Attack : 9 | Defence: 10", "action_flag": 2, "change_message": "[{\"deleted\": {\"name\": \"\\u042d\\u0444\\u0444\\u0435\\u043a\\u0442 \\u043f\\u0435\\u0440\\u0441\\u043e\\u043d\\u0430\\u0436\\u0430\", \"object\": \"Character: \\u0411\\u0430\\u043a\\u043b\\u0430\\u0436\\u0430\\u043d2 | Level: 1 | Attack : 9 | Defence: 10 | Effect: \\ud83d\\udee1\\u0417\\u0430\\u0449\\u0438\\u0442\\u0430: -10%\"}}, {\"deleted\": {\"name\": \"\\u042d\\u0444\\u0444\\u0435\\u043a\\u0442 \\u043f\\u0435\\u0440\\u0441\\u043e\\u043d\\u0430\\u0436\\u0430\", \"object\": \"Character: \\u0411\\u0430\\u043a\\u043b\\u0430\\u0436\\u0430\\u043d2 | Level: 1 | Attack : 9 | Defence: 10 | Effect: \\ufe0f\\u2694\\ufe0f\\u0410\\u0442\\u0430\\u043a\\u0430: -10%\"}}, {\"deleted\": {\"name\": \"\\u042d\\u0444\\u0444\\u0435\\u043a\\u0442 \\u043f\\u0435\\u0440\\u0441\\u043e\\u043d\\u0430\\u0436\\u0430\", \"object\": \"Character: \\u0411\\u0430\\u043a\\u043b\\u0430\\u0436\\u0430\\u043d2 | Level: 1 | Attack : 9 | Defence: 10 | Effect: \\ud83d\\udee1\\u0417\\u0430\\u0449\\u0438\\u0442\\u0430: -10%\"}}, {\"deleted\": {\"name\": \"\\u042d\\u0444\\u0444\\u0435\\u043a\\u0442 \\u043f\\u0435\\u0440\\u0441\\u043e\\u043d\\u0430\\u0436\\u0430\", \"object\": \"Character: \\u0411\\u0430\\u043a\\u043b\\u0430\\u0436\\u0430\\u043d2 | Level: 1 | Attack : 9 | Defence: 10 | Effect: \\ufe0f\\u2694\\ufe0f\\u0410\\u0442\\u0430\\u043a\\u0430: -10%\"}}, {\"deleted\": {\"name\": \"\\u042d\\u0444\\u0444\\u0435\\u043a\\u0442 \\u043f\\u0435\\u0440\\u0441\\u043e\\u043d\\u0430\\u0436\\u0430\", \"object\": \"Character: \\u0411\\u0430\\u043a\\u043b\\u0430\\u0436\\u0430\\u043d2 | Level: 1 | Attack : 9 | Defence: 10 | Effect: \\ud83d\\udee1\\u0417\\u0430\\u0449\\u0438\\u0442\\u0430: -10%\"}}, {\"deleted\": {\"name\": \"\\u042d\\u0444\\u0444\\u0435\\u043a\\u0442 \\u043f\\u0435\\u0440\\u0441\\u043e\\u043d\\u0430\\u0436\\u0430\", \"object\": \"Character: \\u0411\\u0430\\u043a\\u043b\\u0430\\u0436\\u0430\\u043d2 | Level: 1 | Attack : 9 | Defence: 10 | Effect: \\ufe0f\\u2694\\ufe0f\\u0410\\u0442\\u0430\\u043a\\u0430: -10%\"}}, {\"deleted\": {\"name\": \"\\u042d\\u0444\\u0444\\u0435\\u043a\\u0442 \\u043f\\u0435\\u0440\\u0441\\u043e\\u043d\\u0430\\u0436\\u0430\", \"object\": \"Character: \\u0411\\u0430\\u043a\\u043b\\u0430\\u0436\\u0430\\u043d2 | Level: 1 | Attack : 9 | Defence: 10 | Effect: \\ud83d\\udee1\\u0417\\u0430\\u0449\\u0438\\u0442\\u0430: -10%\"}}, {\"deleted\": {\"name\": \"\\u042d\\u0444\\u0444\\u0435\\u043a\\u0442 \\u043f\\u0435\\u0440\\u0441\\u043e\\u043d\\u0430\\u0436\\u0430\", \"object\": \"Character: \\u0411\\u0430\\u043a\\u043b\\u0430\\u0436\\u0430\\u043d2 | Level: 1 | Attack : 9 | Defence: 10 | Effect: \\ufe0f\\u2694\\ufe0f\\u0410\\u0442\\u0430\\u043a\\u0430: -10%\"}}, {\"deleted\": {\"name\": \"\\u042d\\u0444\\u0444\\u0435\\u043a\\u0442 \\u043f\\u0435\\u0440\\u0441\\u043e\\u043d\\u0430\\u0436\\u0430\", \"object\": \"Character: \\u0411\\u0430\\u043a\\u043b\\u0430\\u0436\\u0430\\u043d2 | Level: 1 | Attack : 9 | Defence: 10 | Effect: \\ud83d\\udee1\\u0417\\u0430\\u0449\\u0438\\u0442\\u0430: -10%\"}}, {\"deleted\": {\"name\": \"\\u042d\\u0444\\u0444\\u0435\\u043a\\u0442 \\u043f\\u0435\\u0440\\u0441\\u043e\\u043d\\u0430\\u0436\\u0430\", \"object\": \"Character: \\u0411\\u0430\\u043a\\u043b\\u0430\\u0436\\u0430\\u043d2 | Level: 1 | Attack : 9 | Defence: 10 | Effect: \\ufe0f\\u2694\\ufe0f\\u0410\\u0442\\u0430\\u043a\\u0430: -10%\"}}, {\"deleted\": {\"name\": \"\\u042d\\u0444\\u0444\\u0435\\u043a\\u0442 \\u043f\\u0435\\u0440\\u0441\\u043e\\u043d\\u0430\\u0436\\u0430\", \"object\": \"Character: \\u0411\\u0430\\u043a\\u043b\\u0430\\u0436\\u0430\\u043d2 | Level: 1 | Attack : 9 | Defence: 10 | Effect: \\ud83d\\udee1\\u0417\\u0430\\u0449\\u0438\\u0442\\u0430: -10%\"}}, {\"deleted\": {\"name\": \"\\u042d\\u0444\\u0444\\u0435\\u043a\\u0442 \\u043f\\u0435\\u0440\\u0441\\u043e\\u043d\\u0430\\u0436\\u0430\", \"object\": \"Character: \\u0411\\u0430\\u043a\\u043b\\u0430\\u0436\\u0430\\u043d2 | Level: 1 | Attack : 9 | Defence: 10 | Effect: \\ufe0f\\u2694\\ufe0f\\u0410\\u0442\\u0430\\u043a\\u0430: -10%\"}}, {\"deleted\": {\"name\": \"\\u042d\\u0444\\u0444\\u0435\\u043a\\u0442 \\u043f\\u0435\\u0440\\u0441\\u043e\\u043d\\u0430\\u0436\\u0430\", \"object\": \"Character: \\u0411\\u0430\\u043a\\u043b\\u0430\\u0436\\u0430\\u043d2 | Level: 1 | Attack : 9 | Defence: 10 | Effect: \\ud83d\\udee1\\u0417\\u0430\\u0449\\u0438\\u0442\\u0430: -10%\"}}, {\"deleted\": {\"name\": \"\\u042d\\u0444\\u0444\\u0435\\u043a\\u0442 \\u043f\\u0435\\u0440\\u0441\\u043e\\u043d\\u0430\\u0436\\u0430\", \"object\": \"Character: \\u0411\\u0430\\u043a\\u043b\\u0430\\u0436\\u0430\\u043d2 | Level: 1 | Attack : 9 | Defence: 10 | Effect: \\ufe0f\\u2694\\ufe0f\\u0410\\u0442\\u0430\\u043a\\u0430: -10%\"}}, {\"deleted\": {\"name\": \"\\u042d\\u0444\\u0444\\u0435\\u043a\\u0442 \\u043f\\u0435\\u0440\\u0441\\u043e\\u043d\\u0430\\u0436\\u0430\", \"object\": \"Character: \\u0411\\u0430\\u043a\\u043b\\u0430\\u0436\\u0430\\u043d2 | Level: 1 | Attack : 9 | Defence: 10 | Effect: \\ud83d\\udee1\\u0417\\u0430\\u0449\\u0438\\u0442\\u0430: -10%\"}}, {\"deleted\": {\"name\": \"\\u042d\\u0444\\u0444\\u0435\\u043a\\u0442 \\u043f\\u0435\\u0440\\u0441\\u043e\\u043d\\u0430\\u0436\\u0430\", \"object\": \"Character: \\u0411\\u0430\\u043a\\u043b\\u0430\\u0436\\u0430\\u043d2 | Level: 1 | Attack : 9 | Defence: 10 | Effect: \\ufe0f\\u2694\\ufe0f\\u0410\\u0442\\u0430\\u043a\\u0430: -10%\"}}]"}}, {"model": "admin.logentry", "pk": 35, "fields": {"action_time": "2024-03-20T15:54:09.581Z", "user": 1, "content_type": 25, "object_id": "8", "object_repr": "Чак | Level: 1 | Attack : 10 | Defence: 9", "action_flag": 2, "change_message": "[{\"changed\": {\"fields\": [\"\\u0422\\u0435\\u043a\\u0443\\u0449\\u0430\\u044f \\u043b\\u043e\\u043a\\u0430\\u0446\\u0438\\u044f\", \"\\u041d\\u0430\\u0447\\u0430\\u043b\\u043e \\u043e\\u0445\\u043e\\u0442\\u044b\", \"\\u041a\\u043e\\u043d\\u0435\\u0446 \\u043e\\u0445\\u043e\\u0442\\u044b\"]}}]"}}, {"model": "admin.logentry", "pk": 36, "fields": {"action_time": "2024-03-21T09:34:08.495Z", "user": 1, "content_type": 25, "object_id": "5", "object_repr": "waca | Level: 1 | Attack : 10 | Defence: 10", "action_flag": 2, "change_message": "[{\"changed\": {\"fields\": [\"\\u0422\\u0435\\u043a\\u0443\\u0449\\u0430\\u044f \\u043b\\u043e\\u043a\\u0430\\u0446\\u0438\\u044f\"]}}]"}}, {"model": "admin.logentry", "pk": 37, "fields": {"action_time": "2024-03-21T09:47:23.889Z", "user": 1, "content_type": 25, "object_id": "6", "object_repr": "Баклажан | Level: 1 | Attack : 10 | Defence: 9", "action_flag": 2, "change_message": "[{\"changed\": {\"fields\": [\"\\u0422\\u0435\\u043a\\u0443\\u0449\\u0430\\u044f \\u043b\\u043e\\u043a\\u0430\\u0446\\u0438\\u044f\"]}}]"}}, {"model": "admin.logentry", "pk": 38, "fields": {"action_time": "2024-03-21T10:00:03.941Z", "user": 1, "content_type": 25, "object_id": "7", "object_repr": "Баклажан2 | Level: 1 | Attack : 9 | Defence: 10", "action_flag": 2, "change_message": "[{\"changed\": {\"fields\": [\"\\u041e\\u043a\\u043e\\u043d\\u0447\\u0430\\u043d\\u0438\\u0435 \\u041f\\u0440\\u0435\\u043c\\u0438\\u0443\\u043c\\u0430\"]}}]"}}, {"model": "admin.logentry", "pk": 39, "fields": {"action_time": "2024-03-21T10:11:10.252Z", "user": 1, "content_type": 37, "object_id": "3", "object_repr": "Заброшенная Шахта | Attack: 9 | Defence: 9", "action_flag": 2, "change_message": "[{\"changed\": {\"fields\": [\"\\u041c\\u0435\\u0441\\u0442 \\u0432 \\u043b\\u043e\\u043a\\u0430\\u0446\\u0438\\u0438\"]}}]"}}, {"model": "admin.logentry", "pk": 40, "fields": {"action_time": "2024-03-21T10:16:47.715Z", "user": 1, "content_type": 37, "object_id": "3", "object_repr": "Заброшенная Шахта | Attack: 9 | Defence: 9", "action_flag": 2, "change_message": "[{\"changed\": {\"fields\": [\"\\u041c\\u0435\\u0441\\u0442 \\u0432 \\u043b\\u043e\\u043a\\u0430\\u0446\\u0438\\u0438\"]}}]"}}, {"model": "admin.logentry", "pk": 41, "fields": {"action_time": "2024-03-21T10:36:45.138Z", "user": 1, "content_type": 25, "object_id": "7", "object_repr": "Баклажан2 | Level: 1 | Attack : 1 | Defence: 1", "action_flag": 2, "change_message": "[{\"changed\": {\"fields\": [\"\\u0410\\u0442\\u0430\\u043a\\u0430\", \"\\u0417\\u0430\\u0449\\u0438\\u0442\\u0430\"]}}]"}}, {"model": "admin.logentry", "pk": 42, "fields": {"action_time": "2024-03-21T10:38:24.779Z", "user": 1, "content_type": 25, "object_id": "7", "object_repr": "Баклажан2 | Level: 1 | Attack : 1 | Defence: 1", "action_flag": 2, "change_message": "[{\"changed\": {\"fields\": [\"\\u041e\\u043f\\u044b\\u0442\"]}}]"}}, {"model": "admin.logentry", "pk": 43, "fields": {"action_time": "2024-03-21T10:38:48.210Z", "user": 1, "content_type": 25, "object_id": "7", "object_repr": "Баклажан2 | Level: 2 | Attack : 1 | Defence: 1", "action_flag": 2, "change_message": "[{\"changed\": {\"fields\": [\"\\u0423\\u0440\\u043e\\u0432\\u0435\\u043d\\u044c\", \"\\u041e\\u043f\\u044b\\u0442\", \"\\u041e\\u043f\\u044b\\u0442 \\u0434\\u043b\\u044f \\u0434\\u043e\\u0441\\u0442\\u0438\\u0436\\u0435\\u043d\\u0438\\u044f \\u0443\\u0440\\u043e\\u0432\\u043d\\u044f\"]}}]"}}, {"model": "admin.logentry", "pk": 44, "fields": {"action_time": "2024-03-21T10:40:02.509Z", "user": 1, "content_type": 25, "object_id": "7", "object_repr": "Баклажан2 | Level: 1 | Attack : 1 | Defence: 1", "action_flag": 2, "change_message": "[{\"changed\": {\"fields\": [\"\\u041e\\u043f\\u044b\\u0442\", \"\\u0410\\u0442\\u0430\\u043a\\u0430\", \"\\u0417\\u0430\\u0449\\u0438\\u0442\\u0430\", \"\\u0422\\u0435\\u043a\\u0443\\u0449\\u0430\\u044f \\u043b\\u043e\\u043a\\u0430\\u0446\\u0438\\u044f\", \"\\u041d\\u0430\\u0447\\u0430\\u043b\\u043e \\u043e\\u0445\\u043e\\u0442\\u044b\", \"\\u041a\\u043e\\u043d\\u0435\\u0446 \\u043e\\u0445\\u043e\\u0442\\u044b\"]}}]"}}, {"model": "admin.logentry", "pk": 45, "fields": {"action_time": "2024-03-21T10:40:15.466Z", "user": 1, "content_type": 25, "object_id": "7", "object_repr": "Баклажан2 | Level: 1 | Attack : 9 | Defence: 10", "action_flag": 2, "change_message": "[{\"changed\": {\"fields\": [\"\\u0410\\u0442\\u0430\\u043a\\u0430\", \"\\u0417\\u0430\\u0449\\u0438\\u0442\\u0430\"]}}]"}}, {"model": "admin.logentry", "pk": 46, "fields": {"action_time": "2024-03-21T10:40:28.066Z", "user": 1, "content_type": 25, "object_id": "7", "object_repr": "Баклажан2 | Level: 1 | Attack : 9 | Defence: 10", "action_flag": 2, "change_message": "[{\"added\": {\"name\": \"\\u042d\\u0444\\u0444\\u0435\\u043a\\u0442 \\u043f\\u0435\\u0440\\u0441\\u043e\\u043d\\u0430\\u0436\\u0430\", \"object\": \"Character: \\u0411\\u0430\\u043a\\u043b\\u0430\\u0436\\u0430\\u043d2 | Level: 1 | Attack : 9 | Defence: 10 | Effect: \\ufe0f\\u2694\\ufe0f\\u0410\\u0442\\u0430\\u043a\\u0430: -10%\"}}, {\"added\": {\"name\": \"\\u042d\\u0444\\u0444\\u0435\\u043a\\u0442 \\u043f\\u0435\\u0440\\u0441\\u043e\\u043d\\u0430\\u0436\\u0430\", \"object\": \"Character: \\u0411\\u0430\\u043a\\u043b\\u0430\\u0436\\u0430\\u043d2 | Level: 1 | Attack : 9 | Defence: 10 | Effect: \\ufe0f\\u2694\\ufe0f\\u0410\\u0442\\u0430\\u043a\\u0430: -10%\"}}, {\"added\": {\"name\": \"\\u042d\\u0444\\u0444\\u0435\\u043a\\u0442 \\u043f\\u0435\\u0440\\u0441\\u043e\\u043d\\u0430\\u0436\\u0430\", \"object\": \"Character: \\u0411\\u0430\\u043a\\u043b\\u0430\\u0436\\u0430\\u043d2 | Level: 1 | Attack : 9 | Defence: 10 | Effect: \\ufe0f\\u2694\\ufe0f\\u0410\\u0442\\u0430\\u043a\\u0430: -10%\"}}]"}}, {"model": "admin.logentry", "pk": 47, "fields": {"action_time": "2024-03-21T10:40:55.927Z", "user": 1, "content_type": 25, "object_id": "7", "object_repr": "Баклажан2 | Level: 1 | Attack : 9 | Defence: 10", "action_flag": 2, "change_message": "[{\"added\": {\"name\": \"\\u042d\\u0444\\u0444\\u0435\\u043a\\u0442 \\u043f\\u0435\\u0440\\u0441\\u043e\\u043d\\u0430\\u0436\\u0430\", \"object\": \"Character: \\u0411\\u0430\\u043a\\u043b\\u0430\\u0436\\u0430\\u043d2 | Level: 1 | Attack : 9 | Defence: 10 | Effect: \\ufe0f\\u2694\\ufe0f\\u0410\\u0442\\u0430\\u043a\\u0430: -10%\"}}, {\"added\": {\"name\": \"\\u042d\\u0444\\u0444\\u0435\\u043a\\u0442 \\u043f\\u0435\\u0440\\u0441\\u043e\\u043d\\u0430\\u0436\\u0430\", \"object\": \"Character: \\u0411\\u0430\\u043a\\u043b\\u0430\\u0436\\u0430\\u043d2 | Level: 1 | Attack : 9 | Defence: 10 | Effect: \\ufe0f\\u2694\\ufe0f\\u0410\\u0442\\u0430\\u043a\\u0430: -10%\"}}, {\"added\": {\"name\": \"\\u042d\\u0444\\u0444\\u0435\\u043a\\u0442 \\u043f\\u0435\\u0440\\u0441\\u043e\\u043d\\u0430\\u0436\\u0430\", \"object\": \"Character: \\u0411\\u0430\\u043a\\u043b\\u0430\\u0436\\u0430\\u043d2 | Level: 1 | Attack : 9 | Defence: 10 | Effect: \\ufe0f\\u2694\\ufe0f\\u0410\\u0442\\u0430\\u043a\\u0430: -10%\"}}, {\"added\": {\"name\": \"\\u042d\\u0444\\u0444\\u0435\\u043a\\u0442 \\u043f\\u0435\\u0440\\u0441\\u043e\\u043d\\u0430\\u0436\\u0430\", \"object\": \"Character: \\u0411\\u0430\\u043a\\u043b\\u0430\\u0436\\u0430\\u043d2 | Level: 1 | Attack : 9 | Defence: 10 | Effect: \\ufe0f\\u2694\\ufe0f\\u0410\\u0442\\u0430\\u043a\\u0430: -10%\"}}, {\"added\": {\"name\": \"\\u042d\\u0444\\u0444\\u0435\\u043a\\u0442 \\u043f\\u0435\\u0440\\u0441\\u043e\\u043d\\u0430\\u0436\\u0430\", \"object\": \"Character: \\u0411\\u0430\\u043a\\u043b\\u0430\\u0436\\u0430\\u043d2 | Level: 1 | Attack : 9 | Defence: 10 | Effect: \\ufe0f\\u2694\\ufe0f\\u0410\\u0442\\u0430\\u043a\\u0430: -10%\"}}, {\"added\": {\"name\": \"\\u042d\\u0444\\u0444\\u0435\\u043a\\u0442 \\u043f\\u0435\\u0440\\u0441\\u043e\\u043d\\u0430\\u0436\\u0430\", \"object\": \"Character: \\u0411\\u0430\\u043a\\u043b\\u0430\\u0436\\u0430\\u043d2 | Level: 1 | Attack : 9 | Defence: 10 | Effect: \\ufe0f\\u2694\\ufe0f\\u0410\\u0442\\u0430\\u043a\\u0430: -10%\"}}, {\"added\": {\"name\": \"\\u042d\\u0444\\u0444\\u0435\\u043a\\u0442 \\u043f\\u0435\\u0440\\u0441\\u043e\\u043d\\u0430\\u0436\\u0430\", \"object\": \"Character: \\u0411\\u0430\\u043a\\u043b\\u0430\\u0436\\u0430\\u043d2 | Level: 1 | Attack : 9 | Defence: 10 | Effect: \\ufe0f\\u2694\\ufe0f\\u0410\\u0442\\u0430\\u043a\\u0430: -10%\"}}]"}}, {"model": "admin.logentry", "pk": 48, "fields": {"action_time": "2024-03-21T10:41:50.987Z", "user": 1, "content_type": 25, "object_id": "7", "object_repr": "Баклажан2 | Level: 1 | Attack : 9 | Defence: 10", "action_flag": 2, "change_message": "[]"}}, {"model": "admin.logentry", "pk": 49, "fields": {"action_time": "2024-03-21T10:42:21.953Z", "user": 1, "content_type": 25, "object_id": "7", "object_repr": "Баклажан2 | Level: 1 | Attack : 9 | Defence: 10", "action_flag": 2, "change_message": "[{\"deleted\": {\"name\": \"\\u042d\\u0444\\u0444\\u0435\\u043a\\u0442 \\u043f\\u0435\\u0440\\u0441\\u043e\\u043d\\u0430\\u0436\\u0430\", \"object\": \"Character: \\u0411\\u0430\\u043a\\u043b\\u0430\\u0436\\u0430\\u043d2 | Level: 1 | Attack : 9 | Defence: 10 | Effect: \\ufe0f\\u2694\\ufe0f\\u0410\\u0442\\u0430\\u043a\\u0430: -10%\"}}, {\"deleted\": {\"name\": \"\\u042d\\u0444\\u0444\\u0435\\u043a\\u0442 \\u043f\\u0435\\u0440\\u0441\\u043e\\u043d\\u0430\\u0436\\u0430\", \"object\": \"Character: \\u0411\\u0430\\u043a\\u043b\\u0430\\u0436\\u0430\\u043d2 | Level: 1 | Attack : 9 | Defence: 10 | Effect: \\ufe0f\\u2694\\ufe0f\\u0410\\u0442\\u0430\\u043a\\u0430: -10%\"}}, {\"deleted\": {\"name\": \"\\u042d\\u0444\\u0444\\u0435\\u043a\\u0442 \\u043f\\u0435\\u0440\\u0441\\u043e\\u043d\\u0430\\u0436\\u0430\", \"object\": \"Character: \\u0411\\u0430\\u043a\\u043b\\u0430\\u0436\\u0430\\u043d2 | Level: 1 | Attack : 9 | Defence: 10 | Effect: \\ufe0f\\u2694\\ufe0f\\u0410\\u0442\\u0430\\u043a\\u0430: -10%\"}}, {\"deleted\": {\"name\": \"\\u042d\\u0444\\u0444\\u0435\\u043a\\u0442 \\u043f\\u0435\\u0440\\u0441\\u043e\\u043d\\u0430\\u0436\\u0430\", \"object\": \"Character: \\u0411\\u0430\\u043a\\u043b\\u0430\\u0436\\u0430\\u043d2 | Level: 1 | Attack : 9 | Defence: 10 | Effect: \\ufe0f\\u2694\\ufe0f\\u0410\\u0442\\u0430\\u043a\\u0430: -10%\"}}, {\"deleted\": {\"name\": \"\\u042d\\u0444\\u0444\\u0435\\u043a\\u0442 \\u043f\\u0435\\u0440\\u0441\\u043e\\u043d\\u0430\\u0436\\u0430\", \"object\": \"Character: \\u0411\\u0430\\u043a\\u043b\\u0430\\u0436\\u0430\\u043d2 | Level: 1 | Attack : 9 | Defence: 10 | Effect: \\ufe0f\\u2694\\ufe0f\\u0410\\u0442\\u0430\\u043a\\u0430: -10%\"}}, {\"deleted\": {\"name\": \"\\u042d\\u0444\\u0444\\u0435\\u043a\\u0442 \\u043f\\u0435\\u0440\\u0441\\u043e\\u043d\\u0430\\u0436\\u0430\", \"object\": \"Character: \\u0411\\u0430\\u043a\\u043b\\u0430\\u0436\\u0430\\u043d2 | Level: 1 | Attack : 9 | Defence: 10 | Effect: \\ufe0f\\u2694\\ufe0f\\u0410\\u0442\\u0430\\u043a\\u0430: -10%\"}}, {\"deleted\": {\"name\": \"\\u042d\\u0444\\u0444\\u0435\\u043a\\u0442 \\u043f\\u0435\\u0440\\u0441\\u043e\\u043d\\u0430\\u0436\\u0430\", \"object\": \"Character: \\u0411\\u0430\\u043a\\u043b\\u0430\\u0436\\u0430\\u043d2 | Level: 1 | Attack : 9 | Defence: 10 | Effect: \\ufe0f\\u2694\\ufe0f\\u0410\\u0442\\u0430\\u043a\\u0430: -10%\"}}, {\"deleted\": {\"name\": \"\\u042d\\u0444\\u0444\\u0435\\u043a\\u0442 \\u043f\\u0435\\u0440\\u0441\\u043e\\u043d\\u0430\\u0436\\u0430\", \"object\": \"Character: \\u0411\\u0430\\u043a\\u043b\\u0430\\u0436\\u0430\\u043d2 | Level: 1 | Attack : 9 | Defence: 10 | Effect: \\ufe0f\\u2694\\ufe0f\\u0410\\u0442\\u0430\\u043a\\u0430: -10%\"}}, {\"deleted\": {\"name\": \"\\u042d\\u0444\\u0444\\u0435\\u043a\\u0442 \\u043f\\u0435\\u0440\\u0441\\u043e\\u043d\\u0430\\u0436\\u0430\", \"object\": \"Character: \\u0411\\u0430\\u043a\\u043b\\u0430\\u0436\\u0430\\u043d2 | Level: 1 | Attack : 9 | Defence: 10 | Effect: \\ufe0f\\u2694\\ufe0f\\u0410\\u0442\\u0430\\u043a\\u0430: -10%\"}}, {\"deleted\": {\"name\": \"\\u042d\\u0444\\u0444\\u0435\\u043a\\u0442 \\u043f\\u0435\\u0440\\u0441\\u043e\\u043d\\u0430\\u0436\\u0430\", \"object\": \"Character: \\u0411\\u0430\\u043a\\u043b\\u0430\\u0436\\u0430\\u043d2 | Level: 1 | Attack : 9 | Defence: 10 | Effect: \\ufe0f\\u2694\\ufe0f\\u0410\\u0442\\u0430\\u043a\\u0430: -10%\"}}]"}}, {"model": "admin.logentry", "pk": 50, "fields": {"action_time": "2024-03-21T10:42:59.691Z", "user": 1, "content_type": 25, "object_id": "7", "object_repr": "Баклажан2 | Level: 1 | Attack : 100 | Defence: 10", "action_flag": 2, "change_message": "[{\"changed\": {\"fields\": [\"\\u0410\\u0442\\u0430\\u043a\\u0430\"]}}]"}}, {"model": "admin.logentry", "pk": 51, "fields": {"action_time": "2024-03-21T10:51:07.572Z", "user": 1, "content_type": 25, "object_id": "7", "object_repr": "Баклажан2 | Level: 1 | Attack : 100 | Defence: 10", "action_flag": 2, "change_message": "[{\"deleted\": {\"name\": \"\\u042d\\u0444\\u0444\\u0435\\u043a\\u0442 \\u043f\\u0435\\u0440\\u0441\\u043e\\u043d\\u0430\\u0436\\u0430\", \"object\": \"Character: \\u0411\\u0430\\u043a\\u043b\\u0430\\u0436\\u0430\\u043d2 | Level: 1 | Attack : 100 | Defence: 10 | Effect: \\ud83d\\udee1\\u0417\\u0430\\u0449\\u0438\\u0442\\u0430: -10%\"}}, {\"deleted\": {\"name\": \"\\u042d\\u0444\\u0444\\u0435\\u043a\\u0442 \\u043f\\u0435\\u0440\\u0441\\u043e\\u043d\\u0430\\u0436\\u0430\", \"object\": \"Character: \\u0411\\u0430\\u043a\\u043b\\u0430\\u0436\\u0430\\u043d2 | Level: 1 | Attack : 100 | Defence: 10 | Effect: \\ufe0f\\u2694\\ufe0f\\u0410\\u0442\\u0430\\u043a\\u0430: -10%\"}}, {\"deleted\": {\"name\": \"\\u042d\\u0444\\u0444\\u0435\\u043a\\u0442 \\u043f\\u0435\\u0440\\u0441\\u043e\\u043d\\u0430\\u0436\\u0430\", \"object\": \"Character: \\u0411\\u0430\\u043a\\u043b\\u0430\\u0436\\u0430\\u043d2 | Level: 1 | Attack : 100 | Defence: 10 | Effect: \\ud83d\\udee1\\u0417\\u0430\\u0449\\u0438\\u0442\\u0430: -10%\"}}, {\"deleted\": {\"name\": \"\\u042d\\u0444\\u0444\\u0435\\u043a\\u0442 \\u043f\\u0435\\u0440\\u0441\\u043e\\u043d\\u0430\\u0436\\u0430\", \"object\": \"Character: \\u0411\\u0430\\u043a\\u043b\\u0430\\u0436\\u0430\\u043d2 | Level: 1 | Attack : 100 | Defence: 10 | Effect: \\ufe0f\\u2694\\ufe0f\\u0410\\u0442\\u0430\\u043a\\u0430: -10%\"}}, {\"deleted\": {\"name\": \"\\u042d\\u0444\\u0444\\u0435\\u043a\\u0442 \\u043f\\u0435\\u0440\\u0441\\u043e\\u043d\\u0430\\u0436\\u0430\", \"object\": \"Character: \\u0411\\u0430\\u043a\\u043b\\u0430\\u0436\\u0430\\u043d2 | Level: 1 | Attack : 100 | Defence: 10 | Effect: \\ud83d\\udee1\\u0417\\u0430\\u0449\\u0438\\u0442\\u0430: -10%\"}}, {\"deleted\": {\"name\": \"\\u042d\\u0444\\u0444\\u0435\\u043a\\u0442 \\u043f\\u0435\\u0440\\u0441\\u043e\\u043d\\u0430\\u0436\\u0430\", \"object\": \"Character: \\u0411\\u0430\\u043a\\u043b\\u0430\\u0436\\u0430\\u043d2 | Level: 1 | Attack : 100 | Defence: 10 | Effect: \\ufe0f\\u2694\\ufe0f\\u0410\\u0442\\u0430\\u043a\\u0430: -10%\"}}, {\"deleted\": {\"name\": \"\\u042d\\u0444\\u0444\\u0435\\u043a\\u0442 \\u043f\\u0435\\u0440\\u0441\\u043e\\u043d\\u0430\\u0436\\u0430\", \"object\": \"Character: \\u0411\\u0430\\u043a\\u043b\\u0430\\u0436\\u0430\\u043d2 | Level: 1 | Attack : 100 | Defence: 10 | Effect: \\ud83d\\udee1\\u0417\\u0430\\u0449\\u0438\\u0442\\u0430: -10%\"}}, {\"deleted\": {\"name\": \"\\u042d\\u0444\\u0444\\u0435\\u043a\\u0442 \\u043f\\u0435\\u0440\\u0441\\u043e\\u043d\\u0430\\u0436\\u0430\", \"object\": \"Character: \\u0411\\u0430\\u043a\\u043b\\u0430\\u0436\\u0430\\u043d2 | Level: 1 | Attack : 100 | Defence: 10 | Effect: \\ufe0f\\u2694\\ufe0f\\u0410\\u0442\\u0430\\u043a\\u0430: -10%\"}}, {\"deleted\": {\"name\": \"\\u042d\\u0444\\u0444\\u0435\\u043a\\u0442 \\u043f\\u0435\\u0440\\u0441\\u043e\\u043d\\u0430\\u0436\\u0430\", \"object\": \"Character: \\u0411\\u0430\\u043a\\u043b\\u0430\\u0436\\u0430\\u043d2 | Level: 1 | Attack : 100 | Defence: 10 | Effect: \\ud83d\\udee1\\u0417\\u0430\\u0449\\u0438\\u0442\\u0430: -10%\"}}, {\"deleted\": {\"name\": \"\\u042d\\u0444\\u0444\\u0435\\u043a\\u0442 \\u043f\\u0435\\u0440\\u0441\\u043e\\u043d\\u0430\\u0436\\u0430\", \"object\": \"Character: \\u0411\\u0430\\u043a\\u043b\\u0430\\u0436\\u0430\\u043d2 | Level: 1 | Attack : 100 | Defence: 10 | Effect: \\ufe0f\\u2694\\ufe0f\\u0410\\u0442\\u0430\\u043a\\u0430: -10%\"}}, {\"deleted\": {\"name\": \"\\u042d\\u0444\\u0444\\u0435\\u043a\\u0442 \\u043f\\u0435\\u0440\\u0441\\u043e\\u043d\\u0430\\u0436\\u0430\", \"object\": \"Character: \\u0411\\u0430\\u043a\\u043b\\u0430\\u0436\\u0430\\u043d2 | Level: 1 | Attack : 100 | Defence: 10 | Effect: \\ud83d\\udee1\\u0417\\u0430\\u0449\\u0438\\u0442\\u0430: -10%\"}}, {\"deleted\": {\"name\": \"\\u042d\\u0444\\u0444\\u0435\\u043a\\u0442 \\u043f\\u0435\\u0440\\u0441\\u043e\\u043d\\u0430\\u0436\\u0430\", \"object\": \"Character: \\u0411\\u0430\\u043a\\u043b\\u0430\\u0436\\u0430\\u043d2 | Level: 1 | Attack : 100 | Defence: 10 | Effect: \\ufe0f\\u2694\\ufe0f\\u0410\\u0442\\u0430\\u043a\\u0430: -10%\"}}, {\"deleted\": {\"name\": \"\\u042d\\u0444\\u0444\\u0435\\u043a\\u0442 \\u043f\\u0435\\u0440\\u0441\\u043e\\u043d\\u0430\\u0436\\u0430\", \"object\": \"Character: \\u0411\\u0430\\u043a\\u043b\\u0430\\u0436\\u0430\\u043d2 | Level: 1 | Attack : 100 | Defence: 10 | Effect: \\ud83d\\udee1\\u0417\\u0430\\u0449\\u0438\\u0442\\u0430: -10%\"}}, {\"deleted\": {\"name\": \"\\u042d\\u0444\\u0444\\u0435\\u043a\\u0442 \\u043f\\u0435\\u0440\\u0441\\u043e\\u043d\\u0430\\u0436\\u0430\", \"object\": \"Character: \\u0411\\u0430\\u043a\\u043b\\u0430\\u0436\\u0430\\u043d2 | Level: 1 | Attack : 100 | Defence: 10 | Effect: \\ufe0f\\u2694\\ufe0f\\u0410\\u0442\\u0430\\u043a\\u0430: -10%\"}}, {\"deleted\": {\"name\": \"\\u042d\\u0444\\u0444\\u0435\\u043a\\u0442 \\u043f\\u0435\\u0440\\u0441\\u043e\\u043d\\u0430\\u0436\\u0430\", \"object\": \"Character: \\u0411\\u0430\\u043a\\u043b\\u0430\\u0436\\u0430\\u043d2 | Level: 1 | Attack : 100 | Defence: 10 | Effect: \\ud83d\\udee1\\u0417\\u0430\\u0449\\u0438\\u0442\\u0430: -10%\"}}, {\"deleted\": {\"name\": \"\\u042d\\u0444\\u0444\\u0435\\u043a\\u0442 \\u043f\\u0435\\u0440\\u0441\\u043e\\u043d\\u0430\\u0436\\u0430\", \"object\": \"Character: \\u0411\\u0430\\u043a\\u043b\\u0430\\u0436\\u0430\\u043d2 | Level: 1 | Attack : 100 | Defence: 10 | Effect: \\ufe0f\\u2694\\ufe0f\\u0410\\u0442\\u0430\\u043a\\u0430: -10%\"}}]"}}, {"model": "admin.logentry", "pk": 52, "fields": {"action_time": "2024-03-21T10:55:27.498Z", "user": 1, "content_type": 25, "object_id": "7", "object_repr": "Баклажан2 | Level: 1 | Attack : 100 | Defence: 10", "action_flag": 2, "change_message": "[{\"added\": {\"name\": \"\\u041f\\u0440\\u0435\\u0434\\u043c\\u0435\\u0442 \\u043f\\u0435\\u0440\\u0441\\u043e\\u043d\\u0430\\u0436\\u0430\", \"object\": \"Character: \\u0411\\u0430\\u043a\\u043b\\u0430\\u0436\\u0430\\u043d2 | Level: 1 | Attack : 100 | Defence: 10 | Item: \\u041c\\u0435\\u0447 \\u0423\\u0447\\u0435\\u043d\\u0438\\u043a\\u0430 | Amount: 1\"}}, {\"added\": {\"name\": \"\\u041f\\u0440\\u0435\\u0434\\u043c\\u0435\\u0442 \\u043f\\u0435\\u0440\\u0441\\u043e\\u043d\\u0430\\u0436\\u0430\", \"object\": \"Character: \\u0411\\u0430\\u043a\\u043b\\u0430\\u0436\\u0430\\u043d2 | Level: 1 | Attack : 100 | Defence: 10 | Item: \\u0422\\u044f\\u0436\\u0435\\u043b\\u0430\\u044f \\u0411\\u0440\\u043e\\u043d\\u044f \\u0423\\u0447\\u0435\\u043d\\u0438\\u043a\\u0430 | Amount: 1\"}}]"}}, {"model": "admin.logentry", "pk": 53, "fields": {"action_time": "2024-03-21T11:07:03.555Z", "user": 1, "content_type": 25, "object_id": "7", "object_repr": "Баклажан2 | Level: 1 | Attack : 100 | Defence: 10", "action_flag": 2, "change_message": "[{\"added\": {\"name\": \"\\u041f\\u0440\\u0435\\u0434\\u043c\\u0435\\u0442 \\u043f\\u0435\\u0440\\u0441\\u043e\\u043d\\u0430\\u0436\\u0430\", \"object\": \"Character: \\u0411\\u0430\\u043a\\u043b\\u0430\\u0436\\u0430\\u043d2 | Level: 1 | Attack : 100 | Defence: 10 | Item: \\u0421\\u0432\\u0438\\u0442\\u043e\\u043a \\u0423\\u043b\\u0443\\u0447\\u0448\\u0435\\u043d\\u0438\\u044f \\u041e\\u0440\\u0443\\u0436\\u0438\\u044f | Amount: 12\"}}, {\"added\": {\"name\": \"\\u041f\\u0440\\u0435\\u0434\\u043c\\u0435\\u0442 \\u043f\\u0435\\u0440\\u0441\\u043e\\u043d\\u0430\\u0436\\u0430\", \"object\": \"Character: \\u0411\\u0430\\u043a\\u043b\\u0430\\u0436\\u0430\\u043d2 | Level: 1 | Attack : 100 | Defence: 10 | Item: \\u0421\\u0432\\u0438\\u0442\\u043e\\u043a \\u0423\\u043b\\u0443\\u0447\\u0448\\u0435\\u043d\\u0438\\u044f \\u0422\\u0430\\u043b\\u0438\\u0441\\u043c\\u0430\\u043d\\u0430 | Amount: 12\"}}, {\"added\": {\"name\": \"\\u041f\\u0440\\u0435\\u0434\\u043c\\u0435\\u0442 \\u043f\\u0435\\u0440\\u0441\\u043e\\u043d\\u0430\\u0436\\u0430\", \"object\": \"Character: \\u0411\\u0430\\u043a\\u043b\\u0430\\u0436\\u0430\\u043d2 | Level: 1 | Attack : 100 | Defence: 10 | Item: \\u0421\\u0432\\u0438\\u0442\\u043e\\u043a \\u0423\\u043b\\u0443\\u0447\\u0448\\u0435\\u043d\\u0438\\u044f \\u0411\\u0440\\u043e\\u043d\\u0438 | Amount: 12\"}}, {\"added\": {\"name\": \"\\u041f\\u0440\\u0435\\u0434\\u043c\\u0435\\u0442 \\u043f\\u0435\\u0440\\u0441\\u043e\\u043d\\u0430\\u0436\\u0430\", \"object\": \"Character: \\u0411\\u0430\\u043a\\u043b\\u0430\\u0436\\u0430\\u043d2 | Level: 1 | Attack : 100 | Defence: 10 | Item: \\u0422\\u0430\\u043b\\u0438\\u0441\\u043c\\u0430\\u043d \\u0417\\u0430\\u0449\\u0438\\u0442\\u044b | Amount: 1\"}}]"}}, {"model": "admin.logentry", "pk": 54, "fields": {"action_time": "2024-03-21T11:20:53.638Z", "user": 1, "content_type": 25, "object_id": "7", "object_repr": "Баклажан2 | Level: 1 | Attack : 100 | Defence: 10", "action_flag": 2, "change_message": "[{\"changed\": {\"name\": \"\\u041f\\u0440\\u0435\\u0434\\u043c\\u0435\\u0442 \\u043f\\u0435\\u0440\\u0441\\u043e\\u043d\\u0430\\u0436\\u0430\", \"object\": \"Character: \\u0411\\u0430\\u043a\\u043b\\u0430\\u0436\\u0430\\u043d2 | Level: 1 | Attack : 100 | Defence: 10 | Item: \\u041c\\u0435\\u0447 \\u0423\\u0447\\u0435\\u043d\\u0438\\u043a\\u0430 | Amount: 1\", \"fields\": [\"\\u0423\\u0440\\u043e\\u0432\\u0435\\u043d\\u044c \\u0443\\u043b\\u0443\\u0447\\u0448\\u0435\\u043d\\u0438\\u044f\"]}}, {\"changed\": {\"name\": \"\\u041f\\u0440\\u0435\\u0434\\u043c\\u0435\\u0442 \\u043f\\u0435\\u0440\\u0441\\u043e\\u043d\\u0430\\u0436\\u0430\", \"object\": \"Character: \\u0411\\u0430\\u043a\\u043b\\u0430\\u0436\\u0430\\u043d2 | Level: 1 | Attack : 100 | Defence: 10 | Item: \\u0422\\u044f\\u0436\\u0435\\u043b\\u0430\\u044f \\u0411\\u0440\\u043e\\u043d\\u044f \\u0423\\u0447\\u0435\\u043d\\u0438\\u043a\\u0430 | Amount: 1\", \"fields\": [\"\\u0423\\u0440\\u043e\\u0432\\u0435\\u043d\\u044c \\u0443\\u043b\\u0443\\u0447\\u0448\\u0435\\u043d\\u0438\\u044f\"]}}]"}}, {"model": "admin.logentry", "pk": 55, "fields": {"action_time": "2024-03-21T11:21:11.568Z", "user": 1, "content_type": 15, "object_id": "30", "object_repr": "Меч Ученика", "action_flag": 2, "change_message": "[{\"added\": {\"name\": \"\\u042d\\u0444\\u0444\\u0435\\u043a\\u0442 \\u043f\\u0440\\u0435\\u0434\\u043c\\u0435\\u0442\\u0430\", \"object\": \"\\u041c\\u0435\\u0447 \\u0423\\u0447\\u0435\\u043d\\u0438\\u043a\\u0430 \\ufe0f\\u2694\\ufe0f\\u0410\\u0442\\u0430\\u043a\\u0430: 10%\"}}]"}}, {"model": "admin.logentry", "pk": 56, "fields": {"action_time": "2024-03-21T11:28:37.062Z", "user": 1, "content_type": 15, "object_id": "30", "object_repr": "Меч Ученика", "action_flag": 2, "change_message": "[{\"deleted\": {\"name\": \"\\u042d\\u0444\\u0444\\u0435\\u043a\\u0442 \\u043f\\u0440\\u0435\\u0434\\u043c\\u0435\\u0442\\u0430\", \"object\": \"\\u041c\\u0435\\u0447 \\u0423\\u0447\\u0435\\u043d\\u0438\\u043a\\u0430 \\ufe0f\\u2694\\ufe0f\\u0410\\u0442\\u0430\\u043a\\u0430: 10%\"}}]"}}, {"model": "admin.logentry", "pk": 57, "fields": {"action_time": "2024-03-21T11:37:03.919Z", "user": 1, "content_type": 10, "object_id": "23", "object_repr": "Тяжелая Броня Ученика", "action_flag": 2, "change_message": "[{\"changed\": {\"fields\": [\"\\u041e\\u043f\\u0438\\u0441\\u0430\\u043d\\u0438\\u0435\"]}}]"}}, {"model": "admin.logentry", "pk": 58, "fields": {"action_time": "2024-03-21T11:37:16.398Z", "user": 1, "content_type": 10, "object_id": "22", "object_repr": "Легкая Броня Ученика", "action_flag": 2, "change_message": "[{\"changed\": {\"fields\": [\"\\u041e\\u043f\\u0438\\u0441\\u0430\\u043d\\u0438\\u0435\"]}}]"}}, {"model": "admin.logentry", "pk": 59, "fields": {"action_time": "2024-03-21T11:37:39.283Z", "user": 1, "content_type": 10, "object_id": "21", "object_repr": "Мантия Ученика", "action_flag": 2, "change_message": "[{\"changed\": {\"fields\": [\"\\u041e\\u043f\\u0438\\u0441\\u0430\\u043d\\u0438\\u0435\"]}}]"}}, {"model": "admin.logentry", "pk": 60, "fields": {"action_time": "2024-03-21T11:37:45.010Z", "user": 1, "content_type": 10, "object_id": "20", "object_repr": "Потрепанный Тяжелый Доспех", "action_flag": 2, "change_message": "[{\"changed\": {\"fields\": [\"\\u041e\\u043f\\u0438\\u0441\\u0430\\u043d\\u0438\\u0435\"]}}]"}}, {"model": "admin.logentry", "pk": 61, "fields": {"action_time": "2024-03-21T11:37:55.262Z", "user": 1, "content_type": 10, "object_id": "19", "object_repr": "Потрепанный Кожанный Доспех", "action_flag": 2, "change_message": "[{\"changed\": {\"fields\": [\"\\u041e\\u043f\\u0438\\u0441\\u0430\\u043d\\u0438\\u0435\"]}}]"}}, {"model": "admin.logentry", "pk": 62, "fields": {"action_time": "2024-03-21T11:38:07.128Z", "user": 1, "content_type": 10, "object_id": "18", "object_repr": "Потрепанная Мантия", "action_flag": 2, "change_message": "[{\"changed\": {\"fields\": [\"\\u041e\\u043f\\u0438\\u0441\\u0430\\u043d\\u0438\\u0435\"]}}]"}}, {"model": "admin.logentry", "pk": 63, "fields": {"action_time": "2024-03-21T11:39:50.480Z", "user": 1, "content_type": 15, "object_id": "32", "object_repr": "Дубина Ученика", "action_flag": 2, "change_message": "[{\"changed\": {\"fields\": [\"\\u041e\\u043f\\u0438\\u0441\\u0430\\u043d\\u0438\\u0435\"]}}]"}}, {"model": "admin.logentry", "pk": 64, "fields": {"action_time": "2024-03-21T11:39:59.500Z", "user": 1, "content_type": 15, "object_id": "31", "object_repr": "Кинжал Ученика", "action_flag": 2, "change_message": "[{\"changed\": {\"fields\": [\"\\u041e\\u043f\\u0438\\u0441\\u0430\\u043d\\u0438\\u0435\"]}}]"}}, {"model": "admin.logentry", "pk": 65, "fields": {"action_time": "2024-03-21T11:40:07.788Z", "user": 1, "content_type": 15, "object_id": "30", "object_repr": "Меч Ученика", "action_flag": 2, "change_message": "[{\"changed\": {\"fields\": [\"\\u041e\\u043f\\u0438\\u0441\\u0430\\u043d\\u0438\\u0435\"]}}]"}}, {"model": "admin.logentry", "pk": 66, "fields": {"action_time": "2024-03-21T11:40:14.176Z", "user": 1, "content_type": 15, "object_id": "28", "object_repr": "Надломанная Дубина", "action_flag": 2, "change_message": "[{\"changed\": {\"fields\": [\"\\u041e\\u043f\\u0438\\u0441\\u0430\\u043d\\u0438\\u0435\"]}}]"}}, {"model": "admin.logentry", "pk": 67, "fields": {"action_time": "2024-03-21T11:40:22.428Z", "user": 1, "content_type": 15, "object_id": "29", "object_repr": "Посох Ученика", "action_flag": 2, "change_message": "[{\"changed\": {\"fields\": [\"\\u041e\\u043f\\u0438\\u0441\\u0430\\u043d\\u0438\\u0435\"]}}]"}}, {"model": "admin.logentry", "pk": 68, "fields": {"action_time": "2024-03-21T11:41:03.863Z", "user": 1, "content_type": 15, "object_id": "27", "object_repr": "Деревянный Кинжал", "action_flag": 2, "change_message": "[{\"changed\": {\"fields\": [\"\\u041e\\u043f\\u0438\\u0441\\u0430\\u043d\\u0438\\u0435\"]}}]"}}, {"model": "admin.logentry", "pk": 69, "fields": {"action_time": "2024-03-21T11:41:13.291Z", "user": 1, "content_type": 15, "object_id": "26", "object_repr": "Деревянный Меч", "action_flag": 2, "change_message": "[{\"changed\": {\"fields\": [\"\\u041e\\u043f\\u0438\\u0441\\u0430\\u043d\\u0438\\u0435\"]}}]"}}, {"model": "admin.logentry", "pk": 70, "fields": {"action_time": "2024-03-21T11:41:22.936Z", "user": 1, "content_type": 15, "object_id": "25", "object_repr": "Потрепанный Посох", "action_flag": 2, "change_message": "[{\"changed\": {\"fields\": [\"\\u041e\\u043f\\u0438\\u0441\\u0430\\u043d\\u0438\\u0435\"]}}]"}}, {"model": "admin.logentry", "pk": 71, "fields": {"action_time": "2024-03-21T11:44:51.240Z", "user": 1, "content_type": 16, "object_id": "48", "object_repr": "Мешок со Свитками", "action_flag": 1, "change_message": "[{\"added\": {}}, {\"added\": {\"name\": \"\\u041f\\u0440\\u0435\\u0434\\u043c\\u0435\\u0442 \\u0432 \\u043c\\u0435\\u0448\\u043a\\u0435\", \"object\": \"Bag: \\u041c\\u0435\\u0448\\u043e\\u043a \\u0441\\u043e \\u0421\\u0432\\u0438\\u0442\\u043a\\u0430\\u043c\\u0438 | Item: \\u0421\\u0432\\u0438\\u0442\\u043e\\u043a \\u0423\\u043b\\u0443\\u0447\\u0448\\u0435\\u043d\\u0438\\u044f \\u041e\\u0440\\u0443\\u0436\\u0438\\u044f | Chance: 1%\"}}, {\"added\": {\"name\": \"\\u041f\\u0440\\u0435\\u0434\\u043c\\u0435\\u0442 \\u0432 \\u043c\\u0435\\u0448\\u043a\\u0435\", \"object\": \"Bag: \\u041c\\u0435\\u0448\\u043e\\u043a \\u0441\\u043e \\u0421\\u0432\\u0438\\u0442\\u043a\\u0430\\u043c\\u0438 | Item: \\u0421\\u0432\\u0438\\u0442\\u043e\\u043a \\u0423\\u043b\\u0443\\u0447\\u0448\\u0435\\u043d\\u0438\\u044f \\u0411\\u0440\\u043e\\u043d\\u0438 | Chance: 1%\"}}, {\"added\": {\"name\": \"\\u041f\\u0440\\u0435\\u0434\\u043c\\u0435\\u0442 \\u0432 \\u043c\\u0435\\u0448\\u043a\\u0435\", \"object\": \"Bag: \\u041c\\u0435\\u0448\\u043e\\u043a \\u0441\\u043e \\u0421\\u0432\\u0438\\u0442\\u043a\\u0430\\u043c\\u0438 | Item: \\u0421\\u0432\\u0438\\u0442\\u043e\\u043a \\u0423\\u043b\\u0443\\u0447\\u0448\\u0435\\u043d\\u0438\\u044f \\u0422\\u0430\\u043b\\u0438\\u0441\\u043c\\u0430\\u043d\\u0430 | Chance: 1%\"}}]"}}, {"model": "admin.logentry", "pk": 72, "fields": {"action_time": "2024-03-21T11:46:19.431Z", "user": 1, "content_type": 16, "object_id": "49", "object_repr": "Мешок с Талисманами", "action_flag": 1, "change_message": "[{\"added\": {}}, {\"added\": {\"name\": \"\\u041f\\u0440\\u0435\\u0434\\u043c\\u0435\\u0442 \\u0432 \\u043c\\u0435\\u0448\\u043a\\u0435\", \"object\": \"Bag: \\u041c\\u0435\\u0448\\u043e\\u043a \\u0441 \\u0422\\u0430\\u043b\\u0438\\u0441\\u043c\\u0430\\u043d\\u0430\\u043c\\u0438 | Item: \\u0422\\u0430\\u043b\\u0438\\u0441\\u043c\\u0430\\u043d \\u0417\\u0430\\u0449\\u0438\\u0442\\u044b | Chance: 1%\"}}, {\"added\": {\"name\": \"\\u041f\\u0440\\u0435\\u0434\\u043c\\u0435\\u0442 \\u0432 \\u043c\\u0435\\u0448\\u043a\\u0435\", \"object\": \"Bag: \\u041c\\u0435\\u0448\\u043e\\u043a \\u0441 \\u0422\\u0430\\u043b\\u0438\\u0441\\u043c\\u0430\\u043d\\u0430\\u043c\\u0438 | Item: \\u0422\\u0430\\u043b\\u0438\\u0441\\u043c\\u0430\\u043d \\u041c\\u0443\\u0434\\u0440\\u043e\\u0441\\u0442\\u0438 | Chance: 1%\"}}, {\"added\": {\"name\": \"\\u041f\\u0440\\u0435\\u0434\\u043c\\u0435\\u0442 \\u0432 \\u043c\\u0435\\u0448\\u043a\\u0435\", \"object\": \"Bag: \\u041c\\u0435\\u0448\\u043e\\u043a \\u0441 \\u0422\\u0430\\u043b\\u0438\\u0441\\u043c\\u0430\\u043d\\u0430\\u043c\\u0438 | Item: \\u0422\\u0430\\u043b\\u0438\\u0441\\u043c\\u0430\\u043d \\u0423\\u0434\\u0430\\u0447\\u0438 | Chance: 1%\"}}, {\"added\": {\"name\": \"\\u041f\\u0440\\u0435\\u0434\\u043c\\u0435\\u0442 \\u0432 \\u043c\\u0435\\u0448\\u043a\\u0435\", \"object\": \"Bag: \\u041c\\u0435\\u0448\\u043e\\u043a \\u0441 \\u0422\\u0430\\u043b\\u0438\\u0441\\u043c\\u0430\\u043d\\u0430\\u043c\\u0438 | Item: \\u0422\\u0430\\u043b\\u0438\\u0441\\u043c\\u0430\\u043d \\u0410\\u0442\\u0430\\u043a\\u0438 | Chance: 1%\"}}, {\"added\": {\"name\": \"\\u041f\\u0440\\u0435\\u0434\\u043c\\u0435\\u0442 \\u0432 \\u043c\\u0435\\u0448\\u043a\\u0435\", \"object\": \"Bag: \\u041c\\u0435\\u0448\\u043e\\u043a \\u0441 \\u0422\\u0430\\u043b\\u0438\\u0441\\u043c\\u0430\\u043d\\u0430\\u043c\\u0438 | Item: \\u0422\\u0430\\u043b\\u0438\\u0441\\u043c\\u0430\\u043d \\u0412\\u044b\\u043d\\u043e\\u0441\\u043b\\u0438\\u0432\\u043e\\u0441\\u0442\\u0438 | Chance: 1%\"}}]"}}, {"model": "admin.logentry", "pk": 73, "fields": {"action_time": "2024-03-21T11:48:44.516Z", "user": 1, "content_type": 12, "object_id": "50", "object_repr": "Осколок Талисмана", "action_flag": 1, "change_message": "[{\"added\": {}}]"}}, {"model": "admin.logentry", "pk": 74, "fields": {"action_time": "2024-03-21T11:50:20.349Z", "user": 1, "content_type": 12, "object_id": "51", "object_repr": "Оторванный кусок Свитка", "action_flag": 1, "change_message": "[{\"added\": {}}]"}}, {"model": "admin.logentry", "pk": 75, "fields": {"action_time": "2024-03-21T11:50:31.265Z", "user": 1, "content_type": 12, "object_id": "51", "object_repr": "Оторванный кусок Свитка", "action_flag": 2, "change_message": "[{\"changed\": {\"fields\": [\"\\u0421\\u0442\\u043e\\u0438\\u043c\\u043e\\u0441\\u0442\\u044c \\u043f\\u0440\\u043e\\u0434\\u0430\\u0436\\u0438\"]}}]"}}, {"model": "admin.logentry", "pk": 76, "fields": {"action_time": "2024-03-21T11:51:14.215Z", "user": 1, "content_type": 12, "object_id": "51", "object_repr": "Оторванная часть Свитка", "action_flag": 2, "change_message": "[{\"changed\": {\"fields\": [\"\\u0418\\u043c\\u044f\", \"\\u0422\\u0438\\u043f\"]}}]"}}, {"model": "admin.logentry", "pk": 77, "fields": {"action_time": "2024-03-21T11:51:49.252Z", "user": 1, "content_type": 16, "object_id": "49", "object_repr": "Мешок с Талисманами", "action_flag": 2, "change_message": "[{\"added\": {\"name\": \"\\u041f\\u0440\\u0435\\u0434\\u043c\\u0435\\u0442 \\u0432 \\u043c\\u0435\\u0448\\u043a\\u0435\", \"object\": \"Bag: \\u041c\\u0435\\u0448\\u043e\\u043a \\u0441 \\u0422\\u0430\\u043b\\u0438\\u0441\\u043c\\u0430\\u043d\\u0430\\u043c\\u0438 | Item: \\u041e\\u0441\\u043a\\u043e\\u043b\\u043e\\u043a \\u0422\\u0430\\u043b\\u0438\\u0441\\u043c\\u0430\\u043d\\u0430 | Chance: 40%\"}}]"}}, {"model": "admin.logentry", "pk": 78, "fields": {"action_time": "2024-03-21T11:52:04.916Z", "user": 1, "content_type": 16, "object_id": "48", "object_repr": "Мешок со Свитками", "action_flag": 2, "change_message": "[{\"added\": {\"name\": \"\\u041f\\u0440\\u0435\\u0434\\u043c\\u0435\\u0442 \\u0432 \\u043c\\u0435\\u0448\\u043a\\u0435\", \"object\": \"Bag: \\u041c\\u0435\\u0448\\u043e\\u043a \\u0441\\u043e \\u0421\\u0432\\u0438\\u0442\\u043a\\u0430\\u043c\\u0438 | Item: \\u041e\\u0442\\u043e\\u0440\\u0432\\u0430\\u043d\\u043d\\u0430\\u044f \\u0447\\u0430\\u0441\\u0442\\u044c \\u0421\\u0432\\u0438\\u0442\\u043a\\u0430 | Chance: 60%\"}}]"}}, {"model": "admin.logentry", "pk": 79, "fields": {"action_time": "2024-03-21T11:59:34.196Z", "user": 1, "content_type": 25, "object_id": "7", "object_repr": "Баклажан2 | Level: 1 | Attack : 100 | Defence: 10", "action_flag": 2, "change_message": "[{\"added\": {\"name\": \"\\u041f\\u0440\\u0435\\u0434\\u043c\\u0435\\u0442 \\u043f\\u0435\\u0440\\u0441\\u043e\\u043d\\u0430\\u0436\\u0430\", \"object\": \"Character: \\u0411\\u0430\\u043a\\u043b\\u0430\\u0436\\u0430\\u043d2 | Level: 1 | Attack : 100 | Defence: 10 | Item: \\u041c\\u0435\\u0448\\u043e\\u043a \\u0441 \\u0422\\u0430\\u043b\\u0438\\u0441\\u043c\\u0430\\u043d\\u0430\\u043c\\u0438 | Amount: 25\"}}, {\"added\": {\"name\": \"\\u041f\\u0440\\u0435\\u0434\\u043c\\u0435\\u0442 \\u043f\\u0435\\u0440\\u0441\\u043e\\u043d\\u0430\\u0436\\u0430\", \"object\": \"Character: \\u0411\\u0430\\u043a\\u043b\\u0430\\u0436\\u0430\\u043d2 | Level: 1 | Attack : 100 | Defence: 10 | Item: \\u041c\\u0435\\u0448\\u043e\\u043a \\u0441\\u043e \\u0421\\u0432\\u0438\\u0442\\u043a\\u0430\\u043c\\u0438 | Amount: 25\"}}]"}}, {"model": "admin.logentry", "pk": 80, "fields": {"action_time": "2024-03-21T12:04:08.054Z", "user": 1, "content_type": 16, "object_id": "49", "object_repr": "Мешок с Талисманами (Обычный)", "action_flag": 2, "change_message": "[{\"changed\": {\"fields\": [\"\\u0418\\u043c\\u044f\"]}}]"}}, {"model": "admin.logentry", "pk": 81, "fields": {"action_time": "2024-03-21T12:04:17.703Z", "user": 1, "content_type": 16, "object_id": "48", "object_repr": "Мешок со Свитками (Обычный)", "action_flag": 2, "change_message": "[{\"changed\": {\"fields\": [\"\\u0418\\u043c\\u044f\"]}}]"}}, {"model": "admin.logentry", "pk": 82, "fields": {"action_time": "2024-03-21T12:05:51.753Z", "user": 1, "content_type": 16, "object_id": "52", "object_repr": "Мешок с Талисманом (Редкий)", "action_flag": 1, "change_message": "[{\"added\": {}}, {\"added\": {\"name\": \"\\u041f\\u0440\\u0435\\u0434\\u043c\\u0435\\u0442 \\u0432 \\u043c\\u0435\\u0448\\u043a\\u0435\", \"object\": \"Bag: \\u041c\\u0435\\u0448\\u043e\\u043a \\u0441 \\u0422\\u0430\\u043b\\u0438\\u0441\\u043c\\u0430\\u043d\\u043e\\u043c (\\u0420\\u0435\\u0434\\u043a\\u0438\\u0439) | Item: \\u0422\\u0430\\u043b\\u0438\\u0441\\u043c\\u0430\\u043d \\u0417\\u0430\\u0449\\u0438\\u0442\\u044b | Chance: 1%\"}}, {\"added\": {\"name\": \"\\u041f\\u0440\\u0435\\u0434\\u043c\\u0435\\u0442 \\u0432 \\u043c\\u0435\\u0448\\u043a\\u0435\", \"object\": \"Bag: \\u041c\\u0435\\u0448\\u043e\\u043a \\u0441 \\u0422\\u0430\\u043b\\u0438\\u0441\\u043c\\u0430\\u043d\\u043e\\u043c (\\u0420\\u0435\\u0434\\u043a\\u0438\\u0439) | Item: \\u0422\\u0430\\u043b\\u0438\\u0441\\u043c\\u0430\\u043d \\u041c\\u0443\\u0434\\u0440\\u043e\\u0441\\u0442\\u0438 | Chance: 1%\"}}, {\"added\": {\"name\": \"\\u041f\\u0440\\u0435\\u0434\\u043c\\u0435\\u0442 \\u0432 \\u043c\\u0435\\u0448\\u043a\\u0435\", \"object\": \"Bag: \\u041c\\u0435\\u0448\\u043e\\u043a \\u0441 \\u0422\\u0430\\u043b\\u0438\\u0441\\u043c\\u0430\\u043d\\u043e\\u043c (\\u0420\\u0435\\u0434\\u043a\\u0438\\u0439) | Item: \\u0422\\u0430\\u043b\\u0438\\u0441\\u043c\\u0430\\u043d \\u0423\\u0434\\u0430\\u0447\\u0438 | Chance: 1%\"}}, {\"added\": {\"name\": \"\\u041f\\u0440\\u0435\\u0434\\u043c\\u0435\\u0442 \\u0432 \\u043c\\u0435\\u0448\\u043a\\u0435\", \"object\": \"Bag: \\u041c\\u0435\\u0448\\u043e\\u043a \\u0441 \\u0422\\u0430\\u043b\\u0438\\u0441\\u043c\\u0430\\u043d\\u043e\\u043c (\\u0420\\u0435\\u0434\\u043a\\u0438\\u0439) | Item: \\u0422\\u0430\\u043b\\u0438\\u0441\\u043c\\u0430\\u043d \\u0412\\u044b\\u043d\\u043e\\u0441\\u043b\\u0438\\u0432\\u043e\\u0441\\u0442\\u0438 | Chance: 1%\"}}, {\"added\": {\"name\": \"\\u041f\\u0440\\u0435\\u0434\\u043c\\u0435\\u0442 \\u0432 \\u043c\\u0435\\u0448\\u043a\\u0435\", \"object\": \"Bag: \\u041c\\u0435\\u0448\\u043e\\u043a \\u0441 \\u0422\\u0430\\u043b\\u0438\\u0441\\u043c\\u0430\\u043d\\u043e\\u043c (\\u0420\\u0435\\u0434\\u043a\\u0438\\u0439) | Item: \\u0422\\u0430\\u043b\\u0438\\u0441\\u043c\\u0430\\u043d \\u0410\\u0442\\u0430\\u043a\\u0438 | Chance: 1%\"}}]"}}, {"model": "admin.logentry", "pk": 83, "fields": {"action_time": "2024-03-21T12:06:06.405Z", "user": 1, "content_type": 16, "object_id": "49", "object_repr": "Мешок с Талисманом (Обычный)", "action_flag": 2, "change_message": "[{\"changed\": {\"fields\": [\"\\u0418\\u043c\\u044f\"]}}]"}}, {"model": "admin.logentry", "pk": 84, "fields": {"action_time": "2024-03-21T12:06:15.942Z", "user": 1, "content_type": 16, "object_id": "48", "object_repr": "Мешок со Свитком (Обычный)", "action_flag": 2, "change_message": "[{\"changed\": {\"fields\": [\"\\u0418\\u043c\\u044f\"]}}]"}}, {"model": "admin.logentry", "pk": 85, "fields": {"action_time": "2024-03-21T12:07:01.731Z", "user": 1, "content_type": 16, "object_id": "53", "object_repr": "Мешок со Свитком (Редкий)", "action_flag": 1, "change_message": "[{\"added\": {}}, {\"added\": {\"name\": \"\\u041f\\u0440\\u0435\\u0434\\u043c\\u0435\\u0442 \\u0432 \\u043c\\u0435\\u0448\\u043a\\u0435\", \"object\": \"Bag: \\u041c\\u0435\\u0448\\u043e\\u043a \\u0441\\u043e \\u0421\\u0432\\u0438\\u0442\\u043a\\u043e\\u043c (\\u0420\\u0435\\u0434\\u043a\\u0438\\u0439) | Item: \\u0421\\u0432\\u0438\\u0442\\u043e\\u043a \\u0423\\u043b\\u0443\\u0447\\u0448\\u0435\\u043d\\u0438\\u044f \\u041e\\u0440\\u0443\\u0436\\u0438\\u044f | Chance: 1%\"}}, {\"added\": {\"name\": \"\\u041f\\u0440\\u0435\\u0434\\u043c\\u0435\\u0442 \\u0432 \\u043c\\u0435\\u0448\\u043a\\u0435\", \"object\": \"Bag: \\u041c\\u0435\\u0448\\u043e\\u043a \\u0441\\u043e \\u0421\\u0432\\u0438\\u0442\\u043a\\u043e\\u043c (\\u0420\\u0435\\u0434\\u043a\\u0438\\u0439) | Item: \\u0421\\u0432\\u0438\\u0442\\u043e\\u043a \\u0423\\u043b\\u0443\\u0447\\u0448\\u0435\\u043d\\u0438\\u044f \\u0422\\u0430\\u043b\\u0438\\u0441\\u043c\\u0430\\u043d\\u0430 | Chance: 1%\"}}, {\"added\": {\"name\": \"\\u041f\\u0440\\u0435\\u0434\\u043c\\u0435\\u0442 \\u0432 \\u043c\\u0435\\u0448\\u043a\\u0435\", \"object\": \"Bag: \\u041c\\u0435\\u0448\\u043e\\u043a \\u0441\\u043e \\u0421\\u0432\\u0438\\u0442\\u043a\\u043e\\u043c (\\u0420\\u0435\\u0434\\u043a\\u0438\\u0439) | Item: \\u0421\\u0432\\u0438\\u0442\\u043e\\u043a \\u0423\\u043b\\u0443\\u0447\\u0448\\u0435\\u043d\\u0438\\u044f \\u0411\\u0440\\u043e\\u043d\\u0438 | Chance: 1%\"}}]"}}, {"model": "admin.logentry", "pk": 86, "fields": {"action_time": "2024-03-21T12:24:27.040Z", "user": 1, "content_type": 19, "object_id": "54", "object_repr": "Рецепт: Талисман (100%) (Ур. 2)", "action_flag": 1, "change_message": "[{\"added\": {}}, {\"added\": {\"name\": \"\\u041f\\u0440\\u0435\\u0434\\u043c\\u0435\\u0442 \\u0438\\u0437\\u0433\\u043e\\u0442\\u043e\\u0432\\u043b\\u0435\\u043d\\u0438\", \"object\": \"\\u0420\\u0435\\u0446\\u0435\\u043f\\u0442: \\u0422\\u0430\\u043b\\u0438\\u0441\\u043c\\u0430\\u043d (100%) (\\u0423\\u0440. 2) | \\u041e\\u0441\\u043a\\u043e\\u043b\\u043e\\u043a \\u0422\\u0430\\u043b\\u0438\\u0441\\u043c\\u0430\\u043d\\u0430\"}}]"}}, {"model": "admin.logentry", "pk": 87, "fields": {"action_time": "2024-03-21T12:25:02.166Z", "user": 1, "content_type": 19, "object_id": "55", "object_repr": "Рецепт: Свиток (100%) (Ур. 2)", "action_flag": 1, "change_message": "[{\"added\": {}}, {\"added\": {\"name\": \"\\u041f\\u0440\\u0435\\u0434\\u043c\\u0435\\u0442 \\u0438\\u0437\\u0433\\u043e\\u0442\\u043e\\u0432\\u043b\\u0435\\u043d\\u0438\", \"object\": \"\\u0420\\u0435\\u0446\\u0435\\u043f\\u0442: \\u0421\\u0432\\u0438\\u0442\\u043e\\u043a (100%) (\\u0423\\u0440. 2) | \\u041e\\u0442\\u043e\\u0440\\u0432\\u0430\\u043d\\u043d\\u0430\\u044f \\u0447\\u0430\\u0441\\u0442\\u044c \\u0421\\u0432\\u0438\\u0442\\u043a\\u0430\"}}]"}}, {"model": "admin.logentry", "pk": 88, "fields": {"action_time": "2024-03-21T12:26:02.787Z", "user": 1, "content_type": 35, "object_id": "4", "object_repr": "Seller: waca | Level: 1 | Attack : 10 | Defence: 10 | Item: 📦Мешок с Ресурсами (Обычный) | Amount: 12 |Price: 123", "action_flag": 3, "change_message": ""}}, {"model": "admin.logentry", "pk": 89, "fields": {"action_time": "2024-03-21T12:26:02.791Z", "user": 1, "content_type": 35, "object_id": "3", "object_repr": "Seller: waca | Level: 1 | Attack : 10 | Defence: 10 | Item: ⚔Деревянный Кинжал | Amount: 1 |Price: 1231", "action_flag": 3, "change_message": ""}}, {"model": "admin.logentry", "pk": 90, "fields": {"action_time": "2024-03-21T12:26:02.792Z", "user": 1, "content_type": 35, "object_id": "2", "object_repr": "Seller: waca | Level: 1 | Attack : 10 | Defence: 10 | Item: ⚔Деревянный Меч | Amount: 1 |Price: 321", "action_flag": 3, "change_message": ""}}, {"model": "admin.logentry", "pk": 91, "fields": {"action_time": "2024-03-21T12:26:02.794Z", "user": 1, "content_type": 35, "object_id": "1", "object_repr": "Seller: waca | Level: 1 | Attack : 10 | Defence: 10 | Item: ⚔Потрепанный Посох +2 | Amount: 1 |Price: 3555", "action_flag": 3, "change_message": ""}}, {"model": "admin.logentry", "pk": 92, "fields": {"action_time": "2024-03-21T12:29:17.477Z", "user": 1, "content_type": 37, "object_id": "4", "object_repr": "Лагерь Орков | Attack: 26 | Defence: 26", "action_flag": 1, "change_message": "[{\"added\": {}}, {\"added\": {\"name\": \"\\u0414\\u0440\\u043e\\u043f \\u0432 \\u043b\\u043e\\u043a\\u0430\\u0446\\u0438\\u0438\", \"object\": \"Item: \\ud83d\\udfe1\\u0417\\u043e\\u043b\\u043e\\u0442\\u043e | Location: \\u041b\\u0430\\u0433\\u0435\\u0440\\u044c \\u041e\\u0440\\u043a\\u043e\\u0432 | Attack: 26 | Defence: 26 | Amount: 1 - 2 | Chance: 50.0\"}}]"}}, {"model": "admin.logentry", "pk": 93, "fields": {"action_time": "2024-03-21T12:29:42.745Z", "user": 1, "content_type": 25, "object_id": "7", "object_repr": "Баклажан2 | Level: 1 | Attack : 100 | Defence: 10", "action_flag": 3, "change_message": ""}}, {"model": "admin.logentry", "pk": 94, "fields": {"action_time": "2024-03-21T12:31:06.299Z", "user": 1, "content_type": 37, "object_id": "4", "object_repr": "Лагерь Орков | Attack: 26 | Defence: 26", "action_flag": 2, "change_message": "[{\"changed\": {\"name\": \"\\u0414\\u0440\\u043e\\u043f \\u0432 \\u043b\\u043e\\u043a\\u0430\\u0446\\u0438\\u0438\", \"object\": \"Item: \\ud83d\\udfe1\\u0417\\u043e\\u043b\\u043e\\u0442\\u043e | Location: \\u041b\\u0430\\u0433\\u0435\\u0440\\u044c \\u041e\\u0440\\u043a\\u043e\\u0432 | Attack: 26 | Defence: 26 | Amount: 1 - 3 | Chance: 50.0\", \"fields\": [\"\\u041c\\u0430\\u043a\\u0441\\u0438\\u043c\\u0430\\u043b\\u044c\\u043d\\u043e\\u0435 \\u043a\\u043e\\u043b\\u0438\\u0447\\u0435\\u0441\\u0442\\u0432\\u043e\"]}}]"}}, {"model": "admin.logentry", "pk": 95, "fields": {"action_time": "2024-03-21T12:40:08.479Z", "user": 1, "content_type": 28, "object_id": "3", "object_repr": "Мастер Создания Ур. 1", "action_flag": 2, "change_message": "[]"}}, {"model": "admin.logentry", "pk": 96, "fields": {"action_time": "2024-03-21T12:40:22.309Z", "user": 1, "content_type": 28, "object_id": "5", "object_repr": "Мастер Создания Ур. 2", "action_flag": 1, "change_message": "[{\"added\": {}}]"}}, {"model": "admin.logentry", "pk": 97, "fields": {"action_time": "2024-03-21T12:40:37.178Z", "user": 1, "content_type": 28, "object_id": "5", "object_repr": "Мастер Создания Ур. 2", "action_flag": 2, "change_message": "[{\"changed\": {\"fields\": [\"\\u041e\\u043f\\u0438\\u0441\\u0430\\u043d\\u0438\\u0435\"]}}]"}}, {"model": "admin.logentry", "pk": 98, "fields": {"action_time": "2024-03-21T12:43:35.589Z", "user": 1, "content_type": 40, "object_id": "56", "object_repr": "Книга: Мастер Создания Ур. 2", "action_flag": 1, "change_message": "[{\"added\": {}}]"}}, {"model": "admin.logentry", "pk": 99, "fields": {"action_time": "2024-03-21T12:44:59.308Z", "user": 1, "content_type": 40, "object_id": "56", "object_repr": "Книга: Мастер Создания Ур. 2", "action_flag": 2, "change_message": "[{\"changed\": {\"fields\": [\"\\u0422\\u0438\\u043f\"]}}]"}}, {"model": "admin.logentry", "pk": 100, "fields": {"action_time": "2024-03-21T12:45:18.439Z", "user": 1, "content_type": 40, "object_id": "56", "object_repr": "Книга: Мастер Создания Ур. 2", "action_flag": 2, "change_message": "[]"}}, {"model": "admin.logentry", "pk": 101, "fields": {"action_time": "2024-03-21T12:46:19.909Z", "user": 1, "content_type": 23, "object_id": "20", "object_repr": "️⚔️Атака: 20%", "action_flag": 1, "change_message": "[{\"added\": {}}]"}}, {"model": "admin.logentry", "pk": 102, "fields": {"action_time": "2024-03-21T12:46:36.691Z", "user": 1, "content_type": 23, "object_id": "21", "object_repr": "🛡Защита: 20%", "action_flag": 1, "change_message": "[{\"added\": {}}]"}}, {"model": "admin.logentry", "pk": 103, "fields": {"action_time": "2024-03-21T12:46:45.226Z", "user": 1, "content_type": 23, "object_id": "22", "object_repr": "🍀Выпадение предметов: 20%", "action_flag": 1, "change_message": "[{\"added\": {}}]"}}, {"model": "admin.logentry", "pk": 104, "fields": {"action_time": "2024-03-21T12:47:00.279Z", "user": 1, "content_type": 28, "object_id": "4", "object_repr": "Улучшенное чутье Ур. 1", "action_flag": 2, "change_message": "[]"}}, {"model": "admin.logentry", "pk": 105, "fields": {"action_time": "2024-03-21T12:47:17.612Z", "user": 1, "content_type": 28, "object_id": "6", "object_repr": "Улучшенное чутье Ур. 2", "action_flag": 1, "change_message": "[{\"added\": {}}, {\"added\": {\"name\": \"\\u042d\\u0444\\u0444\\u0435\\u043a\\u0442 \\u0441\\u043f\\u043e\\u0441\\u043e\\u0431\\u043d\\u043e\\u0441\\u0442\\u0438\", \"object\": \"\\u0423\\u043b\\u0443\\u0447\\u0448\\u0435\\u043d\\u043d\\u043e\\u0435 \\u0447\\u0443\\u0442\\u044c\\u0435 \\u0423\\u0440. 2 \\ud83c\\udf40\\u0412\\u044b\\u043f\\u0430\\u0434\\u0435\\u043d\\u0438\\u0435 \\u043f\\u0440\\u0435\\u0434\\u043c\\u0435\\u0442\\u043e\\u0432: 20%\"}}]"}}, {"model": "admin.logentry", "pk": 106, "fields": {"action_time": "2024-03-21T12:47:32.810Z", "user": 1, "content_type": 28, "object_id": "2", "object_repr": "Улучшенная Атака Ур. 1", "action_flag": 2, "change_message": "[{\"changed\": {\"fields\": [\"\\u041d\\u0430\\u0437\\u0432\\u0430\\u043d\\u0438\\u0435\"]}}]"}}, {"model": "admin.logentry", "pk": 107, "fields": {"action_time": "2024-03-21T12:47:45.604Z", "user": 1, "content_type": 28, "object_id": "7", "object_repr": "Улучшенная Атака Ур. 2", "action_flag": 1, "change_message": "[{\"added\": {}}, {\"added\": {\"name\": \"\\u042d\\u0444\\u0444\\u0435\\u043a\\u0442 \\u0441\\u043f\\u043e\\u0441\\u043e\\u0431\\u043d\\u043e\\u0441\\u0442\\u0438\", \"object\": \"\\u0423\\u043b\\u0443\\u0447\\u0448\\u0435\\u043d\\u043d\\u0430\\u044f \\u0410\\u0442\\u0430\\u043a\\u0430 \\u0423\\u0440. 2 \\ufe0f\\u2694\\ufe0f\\u0410\\u0442\\u0430\\u043a\\u0430: 20%\"}}]"}}, {"model": "admin.logentry", "pk": 108, "fields": {"action_time": "2024-03-21T12:47:51.224Z", "user": 1, "content_type": 28, "object_id": "6", "object_repr": "Улучшенное Чутье Ур. 2", "action_flag": 2, "change_message": "[{\"changed\": {\"fields\": [\"\\u041d\\u0430\\u0437\\u0432\\u0430\\u043d\\u0438\\u0435\"]}}]"}}, {"model": "admin.logentry", "pk": 109, "fields": {"action_time": "2024-03-21T12:47:57.236Z", "user": 1, "content_type": 28, "object_id": "4", "object_repr": "Улучшенное Чутье Ур. 1", "action_flag": 2, "change_message": "[{\"changed\": {\"fields\": [\"\\u041d\\u0430\\u0437\\u0432\\u0430\\u043d\\u0438\\u0435\"]}}]"}}, {"model": "admin.logentry", "pk": 110, "fields": {"action_time": "2024-03-21T12:48:05.819Z", "user": 1, "content_type": 28, "object_id": "1", "object_repr": "Улучшенная Защита Ур. 1", "action_flag": 2, "change_message": "[{\"changed\": {\"fields\": [\"\\u041d\\u0430\\u0437\\u0432\\u0430\\u043d\\u0438\\u0435\"]}}]"}}, {"model": "admin.logentry", "pk": 111, "fields": {"action_time": "2024-03-21T12:48:27.468Z", "user": 1, "content_type": 28, "object_id": "8", "object_repr": "Улучшенная Защита Ур. 2", "action_flag": 1, "change_message": "[{\"added\": {}}, {\"added\": {\"name\": \"\\u042d\\u0444\\u0444\\u0435\\u043a\\u0442 \\u0441\\u043f\\u043e\\u0441\\u043e\\u0431\\u043d\\u043e\\u0441\\u0442\\u0438\", \"object\": \"\\u0423\\u043b\\u0443\\u0447\\u0448\\u0435\\u043d\\u043d\\u0430\\u044f \\u0417\\u0430\\u0449\\u0438\\u0442\\u0430 \\u0423\\u0440. 2 \\ud83d\\udee1\\u0417\\u0430\\u0449\\u0438\\u0442\\u0430: 20%\"}}]"}}, {"model": "admin.logentry", "pk": 112, "fields": {"action_time": "2024-03-21T12:49:41.360Z", "user": 1, "content_type": 40, "object_id": "56", "object_repr": "Книга: Мастер Создания Ур. 2", "action_flag": 2, "change_message": "[]"}}, {"model": "admin.logentry", "pk": 113, "fields": {"action_time": "2024-03-21T12:50:16.349Z", "user": 1, "content_type": 40, "object_id": "57", "object_repr": "Книга: Улучшенное Чутье Ур. 2", "action_flag": 1, "change_message": "[{\"added\": {}}]"}}, {"model": "admin.logentry", "pk": 114, "fields": {"action_time": "2024-03-21T12:50:45.560Z", "user": 1, "content_type": 40, "object_id": "58", "object_repr": "Книга: Улучшенная Атака Ур. 2", "action_flag": 1, "change_message": "[{\"added\": {}}]"}}, {"model": "admin.logentry", "pk": 115, "fields": {"action_time": "2024-03-21T12:51:08.484Z", "user": 1, "content_type": 40, "object_id": "59", "object_repr": "Книга: Улучшенная Защита Ур. 2", "action_flag": 1, "change_message": "[{\"added\": {}}]"}}, {"model": "admin.logentry", "pk": 116, "fields": {"action_time": "2024-03-21T12:53:35.911Z", "user": 1, "content_type": 40, "object_id": "59", "object_repr": "Книга: Улучшенная Защита Ур. 2", "action_flag": 2, "change_message": "[{\"changed\": {\"fields\": [\"\\u0422\\u0440\\u0435\\u0431\\u0443\\u0435\\u043c\\u044b\\u0439 \\u0443\\u0440\\u043e\\u0432\\u0435\\u043d\\u044c\"]}}]"}}, {"model": "admin.logentry", "pk": 117, "fields": {"action_time": "2024-03-21T12:53:41.049Z", "user": 1, "content_type": 40, "object_id": "58", "object_repr": "Книга: Улучшенная Атака Ур. 2", "action_flag": 2, "change_message": "[{\"changed\": {\"fields\": [\"\\u0422\\u0440\\u0435\\u0431\\u0443\\u0435\\u043c\\u044b\\u0439 \\u0443\\u0440\\u043e\\u0432\\u0435\\u043d\\u044c\"]}}]"}}, {"model": "admin.logentry", "pk": 118, "fields": {"action_time": "2024-03-21T12:53:45.057Z", "user": 1, "content_type": 40, "object_id": "57", "object_repr": "Книга: Улучшенное Чутье Ур. 2", "action_flag": 2, "change_message": "[{\"changed\": {\"fields\": [\"\\u0422\\u0440\\u0435\\u0431\\u0443\\u0435\\u043c\\u044b\\u0439 \\u0443\\u0440\\u043e\\u0432\\u0435\\u043d\\u044c\"]}}]"}}, {"model": "admin.logentry", "pk": 119, "fields": {"action_time": "2024-03-21T12:53:49.543Z", "user": 1, "content_type": 40, "object_id": "56", "object_repr": "Книга: Мастер Создания Ур. 2", "action_flag": 2, "change_message": "[{\"changed\": {\"fields\": [\"\\u0422\\u0440\\u0435\\u0431\\u0443\\u0435\\u043c\\u044b\\u0439 \\u0443\\u0440\\u043e\\u0432\\u0435\\u043d\\u044c\"]}}]"}}, {"model": "admin.logentry", "pk": 120, "fields": {"action_time": "2024-03-21T13:01:24.605Z", "user": 1, "content_type": 25, "object_id": "9", "object_repr": "Орех | Level: 1 | Attack : 9 | Defence: 10", "action_flag": 2, "change_message": "[{\"added\": {\"name\": \"\\u041f\\u0440\\u0435\\u0434\\u043c\\u0435\\u0442 \\u043f\\u0435\\u0440\\u0441\\u043e\\u043d\\u0430\\u0436\\u0430\", \"object\": \"Character: \\u041e\\u0440\\u0435\\u0445 | Level: 1 | Attack : 9 | Defence: 10 | Item: \\u041a\\u043d\\u0438\\u0433\\u0430: \\u041c\\u0430\\u0441\\u0442\\u0435\\u0440 \\u0421\\u043e\\u0437\\u0434\\u0430\\u043d\\u0438\\u044f \\u0423\\u0440. 2 | Amount: 1\"}}]"}}, {"model": "admin.logentry", "pk": 121, "fields": {"action_time": "2024-03-21T13:15:13.734Z", "user": 1, "content_type": 25, "object_id": "9", "object_repr": "Орех | Level: 1 | Attack : 9 | Defence: 10", "action_flag": 2, "change_message": "[{\"changed\": {\"fields\": [\"\\u041a\\u043b\\u0430\\u0441\\u0441 \\u043f\\u0435\\u0440\\u0441\\u043e\\u043d\\u0430\\u0436\\u0430\"]}}]"}}, {"model": "admin.logentry", "pk": 122, "fields": {"action_time": "2024-03-21T13:15:37.233Z", "user": 1, "content_type": 25, "object_id": "9", "object_repr": "Орех | Level: 5 | Attack : 9 | Defence: 10", "action_flag": 2, "change_message": "[{\"changed\": {\"fields\": [\"\\u041a\\u043b\\u0430\\u0441\\u0441 \\u043f\\u0435\\u0440\\u0441\\u043e\\u043d\\u0430\\u0436\\u0430\", \"\\u0423\\u0440\\u043e\\u0432\\u0435\\u043d\\u044c\"]}}, {\"changed\": {\"name\": \"\\u0423\\u043c\\u0435\\u043d\\u0438\\u0435 \\u043f\\u0435\\u0440\\u0441\\u043e\\u043d\\u0430\\u0436\\u0430\", \"object\": \"\\u0423\\u043b\\u0443\\u0447\\u0448\\u0435\\u043d\\u043d\\u0430\\u044f \\u0410\\u0442\\u0430\\u043a\\u0430 \\u0423\\u0440. 2 \\u041e\\u0440\\u0435\\u0445 | Level: 5 | Attack : 9 | Defence: 10\", \"fields\": [\"\\u0423\\u043c\\u0435\\u043d\\u0438\\u0435\"]}}]"}}, {"model": "admin.logentry", "pk": 123, "fields": {"action_time": "2024-03-21T13:18:01.386Z", "user": 1, "content_type": 25, "object_id": "9", "object_repr": "Орех | Level: 5 | Attack : 9 | Defence: 10", "action_flag": 2, "change_message": "[{\"changed\": {\"name\": \"\\u0423\\u043c\\u0435\\u043d\\u0438\\u0435 \\u043f\\u0435\\u0440\\u0441\\u043e\\u043d\\u0430\\u0436\\u0430\", \"object\": \"\\u041c\\u0430\\u0441\\u0442\\u0435\\u0440 \\u0421\\u043e\\u0437\\u0434\\u0430\\u043d\\u0438\\u044f \\u0423\\u0440. 1 \\u041e\\u0440\\u0435\\u0445 | Level: 5 | Attack : 9 | Defence: 10\", \"fields\": [\"\\u0423\\u043c\\u0435\\u043d\\u0438\\u0435\"]}}]"}}, {"model": "admin.logentry", "pk": 124, "fields": {"action_time": "2024-03-21T13:18:50.034Z", "user": 1, "content_type": 25, "object_id": "9", "object_repr": "Орех | Level: 5 | Attack : 9 | Defence: 10", "action_flag": 2, "change_message": "[{\"deleted\": {\"name\": \"\\u0423\\u043c\\u0435\\u043d\\u0438\\u0435 \\u043f\\u0435\\u0440\\u0441\\u043e\\u043d\\u0430\\u0436\\u0430\", \"object\": \"\\u041c\\u0430\\u0441\\u0442\\u0435\\u0440 \\u0421\\u043e\\u0437\\u0434\\u0430\\u043d\\u0438\\u044f \\u0423\\u0440. 2 \\u041e\\u0440\\u0435\\u0445 | Level: 5 | Attack : 9 | Defence: 10\"}}]"}}, {"model": "admin.logentry", "pk": 125, "fields": {"action_time": "2024-03-21T13:22:36.114Z", "user": 1, "content_type": 25, "object_id": "9", "object_repr": "Орех | Level: 5 | Attack : 9 | Defence: 10", "action_flag": 2, "change_message": "[{\"deleted\": {\"name\": \"\\u0423\\u043c\\u0435\\u043d\\u0438\\u0435 \\u043f\\u0435\\u0440\\u0441\\u043e\\u043d\\u0430\\u0436\\u0430\", \"object\": \"\\u041c\\u0430\\u0441\\u0442\\u0435\\u0440 \\u0421\\u043e\\u0437\\u0434\\u0430\\u043d\\u0438\\u044f \\u0423\\u0440. 2 \\u041e\\u0440\\u0435\\u0445 | Level: 5 | Attack : 9 | Defence: 10\"}}]"}}, {"model": "admin.logentry", "pk": 126, "fields": {"action_time": "2024-03-22T09:22:56.093Z", "user": 1, "content_type": 16, "object_id": "60", "object_repr": "Мешок с Книгой (Обычный)", "action_flag": 1, "change_message": "[{\"added\": {}}, {\"added\": {\"name\": \"\\u041f\\u0440\\u0435\\u0434\\u043c\\u0435\\u0442 \\u0432 \\u043c\\u0435\\u0448\\u043a\\u0435\", \"object\": \"Bag: \\u041c\\u0435\\u0448\\u043e\\u043a \\u0441 \\u041a\\u043d\\u0438\\u0433\\u043e\\u0439 (\\u041e\\u0431\\u044b\\u0447\\u043d\\u044b\\u0439) | Item: \\u041a\\u043d\\u0438\\u0433\\u0430: \\u0423\\u043b\\u0443\\u0447\\u0448\\u0435\\u043d\\u043d\\u0430\\u044f \\u0417\\u0430\\u0449\\u0438\\u0442\\u0430 \\u0423\\u0440. 2 | Chance: 1%\"}}, {\"added\": {\"name\": \"\\u041f\\u0440\\u0435\\u0434\\u043c\\u0435\\u0442 \\u0432 \\u043c\\u0435\\u0448\\u043a\\u0435\", \"object\": \"Bag: \\u041c\\u0435\\u0448\\u043e\\u043a \\u0441 \\u041a\\u043d\\u0438\\u0433\\u043e\\u0439 (\\u041e\\u0431\\u044b\\u0447\\u043d\\u044b\\u0439) | Item: \\u041a\\u043d\\u0438\\u0433\\u0430: \\u0423\\u043b\\u0443\\u0447\\u0448\\u0435\\u043d\\u043d\\u0430\\u044f \\u0410\\u0442\\u0430\\u043a\\u0430 \\u0423\\u0440. 2 | Chance: 1%\"}}, {\"added\": {\"name\": \"\\u041f\\u0440\\u0435\\u0434\\u043c\\u0435\\u0442 \\u0432 \\u043c\\u0435\\u0448\\u043a\\u0435\", \"object\": \"Bag: \\u041c\\u0435\\u0448\\u043e\\u043a \\u0441 \\u041a\\u043d\\u0438\\u0433\\u043e\\u0439 (\\u041e\\u0431\\u044b\\u0447\\u043d\\u044b\\u0439) | Item: \\u041a\\u043d\\u0438\\u0433\\u0430: \\u0423\\u043b\\u0443\\u0447\\u0448\\u0435\\u043d\\u043d\\u043e\\u0435 \\u0427\\u0443\\u0442\\u044c\\u0435 \\u0423\\u0440. 2 | Chance: 1%\"}}, {\"added\": {\"name\": \"\\u041f\\u0440\\u0435\\u0434\\u043c\\u0435\\u0442 \\u0432 \\u043c\\u0435\\u0448\\u043a\\u0435\", \"object\": \"Bag: \\u041c\\u0435\\u0448\\u043e\\u043a \\u0441 \\u041a\\u043d\\u0438\\u0433\\u043e\\u0439 (\\u041e\\u0431\\u044b\\u0447\\u043d\\u044b\\u0439) | Item: \\u041a\\u043d\\u0438\\u0433\\u0430: \\u041c\\u0430\\u0441\\u0442\\u0435\\u0440 \\u0421\\u043e\\u0437\\u0434\\u0430\\u043d\\u0438\\u044f \\u0423\\u0440. 2 | Chance: 1%\"}}]"}}, {"model": "admin.logentry", "pk": 127, "fields": {"action_time": "2024-03-22T09:26:00.505Z", "user": 1, "content_type": 37, "object_id": "4", "object_repr": "Лагерь Орков | Attack: 38 | Defence: 48", "action_flag": 2, "change_message": "[{\"changed\": {\"fields\": [\"\\u0422\\u0440\\u0435\\u0431\\u0443\\u0435\\u043c\\u0430\\u044f \\u0430\\u0442\\u0430\\u043a\\u0430 \\u043f\\u0435\\u0440\\u0441\\u043e\\u043d\\u0430\\u0436\\u0430\", \"\\u0422\\u0440\\u0435\\u0431\\u0443\\u0435\\u043c\\u0430\\u044f \\u0437\\u0430\\u0449\\u0438\\u0442\\u0430 \\u043f\\u0435\\u0440\\u0441\\u043e\\u043d\\u0430\\u0436\\u0430\"]}}]"}}, {"model": "admin.logentry", "pk": 128, "fields": {"action_time": "2024-03-22T09:26:11.736Z", "user": 1, "content_type": 37, "object_id": "4", "object_repr": "Лагерь Орков | Attack: 38 | Defence: 38", "action_flag": 2, "change_message": "[{\"changed\": {\"fields\": [\"\\u0422\\u0440\\u0435\\u0431\\u0443\\u0435\\u043c\\u0430\\u044f \\u0437\\u0430\\u0449\\u0438\\u0442\\u0430 \\u043f\\u0435\\u0440\\u0441\\u043e\\u043d\\u0430\\u0436\\u0430\"]}}]"}}, {"model": "admin.logentry", "pk": 129, "fields": {"action_time": "2024-03-22T09:26:53.881Z", "user": 1, "content_type": 37, "object_id": "4", "object_repr": "Лагерь Орков | Attack: 38 | Defence: 38", "action_flag": 2, "change_message": "[{\"changed\": {\"fields\": [\"\\u041a\\u043e\\u043b\\u0438\\u0447\\u0435\\u0441\\u0442\\u0432\\u043e \\u043e\\u043f\\u044b\\u0442\\u0430 \\u0432 \\u043c\\u0438\\u043d\\u0443\\u0442\\u0443\"]}}, {\"added\": {\"name\": \"\\u0414\\u0440\\u043e\\u043f \\u0432 \\u043b\\u043e\\u043a\\u0430\\u0446\\u0438\\u0438\", \"object\": \"Item: \\u041c\\u0435\\u0448\\u043e\\u043a \\u0441 \\u041a\\u043d\\u0438\\u0433\\u043e\\u0439 (\\u041e\\u0431\\u044b\\u0447\\u043d\\u044b\\u0439) | Location: \\u041b\\u0430\\u0433\\u0435\\u0440\\u044c \\u041e\\u0440\\u043a\\u043e\\u0432 | Attack: 38 | Defence: 38 | Amount: 1 - 1 | Chance: 0.5\"}}, {\"changed\": {\"name\": \"\\u0414\\u0440\\u043e\\u043f \\u0432 \\u043b\\u043e\\u043a\\u0430\\u0446\\u0438\\u0438\", \"object\": \"Item: \\ud83d\\udfe1\\u0417\\u043e\\u043b\\u043e\\u0442\\u043e | Location: \\u041b\\u0430\\u0433\\u0435\\u0440\\u044c \\u041e\\u0440\\u043a\\u043e\\u0432 | Attack: 38 | Defence: 38 | Amount: 2 - 3 | Chance: 50.0\", \"fields\": [\"\\u041c\\u0438\\u043d\\u0438\\u043c\\u0430\\u043b\\u044c\\u043d\\u043e\\u0435 \\u043a\\u043e\\u043b\\u0438\\u0447\\u0435\\u0441\\u0442\\u0432\\u043e\"]}}]"}}, {"model": "admin.logentry", "pk": 130, "fields": {"action_time": "2024-03-22T09:27:45.193Z", "user": 1, "content_type": 37, "object_id": "4", "object_repr": "Лагерь Орков | Attack: 38 | Defence: 38", "action_flag": 2, "change_message": "[{\"changed\": {\"name\": \"\\u0414\\u0440\\u043e\\u043f \\u0432 \\u043b\\u043e\\u043a\\u0430\\u0446\\u0438\\u0438\", \"object\": \"Item: \\u041c\\u0435\\u0448\\u043e\\u043a \\u0441 \\u041a\\u043d\\u0438\\u0433\\u043e\\u0439 (\\u041e\\u0431\\u044b\\u0447\\u043d\\u044b\\u0439) | Location: \\u041b\\u0430\\u0433\\u0435\\u0440\\u044c \\u041e\\u0440\\u043a\\u043e\\u0432 | Attack: 38 | Defence: 38 | Amount: 1 - 1 | Chance: 0.2\", \"fields\": [\"\\u0428\\u0430\\u043d\\u0441 \\u0432 \\u043f\\u0440\\u043e\\u0446\\u0435\\u043d\\u0442\\u0430\\u0445 \\u0432 \\u043c\\u0438\\u043d\\u0443\\u0442\\u0443\"]}}]"}}, {"model": "admin.logentry", "pk": 131, "fields": {"action_time": "2024-03-22T09:28:17.991Z", "user": 1, "content_type": 37, "object_id": "4", "object_repr": "Лагерь Орков | Attack: 38 | Defence: 38", "action_flag": 2, "change_message": "[{\"changed\": {\"name\": \"\\u0414\\u0440\\u043e\\u043f \\u0432 \\u043b\\u043e\\u043a\\u0430\\u0446\\u0438\\u0438\", \"object\": \"Item: \\u041c\\u0435\\u0448\\u043e\\u043a \\u0441 \\u041a\\u043d\\u0438\\u0433\\u043e\\u0439 (\\u041e\\u0431\\u044b\\u0447\\u043d\\u044b\\u0439) | Location: \\u041b\\u0430\\u0433\\u0435\\u0440\\u044c \\u041e\\u0440\\u043a\\u043e\\u0432 | Attack: 38 | Defence: 38 | Amount: 1 - 1 | Chance: 0.05\", \"fields\": [\"\\u0428\\u0430\\u043d\\u0441 \\u0432 \\u043f\\u0440\\u043e\\u0446\\u0435\\u043d\\u0442\\u0430\\u0445 \\u0432 \\u043c\\u0438\\u043d\\u0443\\u0442\\u0443\"]}}]"}}, {"model": "admin.logentry", "pk": 132, "fields": {"action_time": "2024-03-22T09:28:28.529Z", "user": 1, "content_type": 37, "object_id": "2", "object_repr": "Эльфийский лес | Attack: 17 | Defence: 17", "action_flag": 2, "change_message": "[{\"changed\": {\"name\": \"\\u0414\\u0440\\u043e\\u043f \\u0432 \\u043b\\u043e\\u043a\\u0430\\u0446\\u0438\\u0438\", \"object\": \"Item: \\u041c\\u0435\\u0448\\u043e\\u043a \\u0441 \\u041e\\u0440\\u0443\\u0436\\u0438\\u0435\\u043c (\\u041e\\u0431\\u044b\\u0447\\u043d\\u044b\\u0439) | Location: \\u042d\\u043b\\u044c\\u0444\\u0438\\u0439\\u0441\\u043a\\u0438\\u0439 \\u043b\\u0435\\u0441 | Attack: 17 | Defence: 17 | Amount: 1 - 1 | Chance: 0.1\", \"fields\": [\"\\u0428\\u0430\\u043d\\u0441 \\u0432 \\u043f\\u0440\\u043e\\u0446\\u0435\\u043d\\u0442\\u0430\\u0445 \\u0432 \\u043c\\u0438\\u043d\\u0443\\u0442\\u0443\"]}}, {\"changed\": {\"name\": \"\\u0414\\u0440\\u043e\\u043f \\u0432 \\u043b\\u043e\\u043a\\u0430\\u0446\\u0438\\u0438\", \"object\": \"Item: \\u041c\\u0435\\u0448\\u043e\\u043a \\u0441 \\u0411\\u0440\\u043e\\u043d\\u0435\\u0439 (\\u041e\\u0431\\u044b\\u0447\\u043d\\u044b\\u0439) | Location: \\u042d\\u043b\\u044c\\u0444\\u0438\\u0439\\u0441\\u043a\\u0438\\u0439 \\u043b\\u0435\\u0441 | Attack: 17 | Defence: 17 | Amount: 1 - 1 | Chance: 0.1\", \"fields\": [\"\\u0428\\u0430\\u043d\\u0441 \\u0432 \\u043f\\u0440\\u043e\\u0446\\u0435\\u043d\\u0442\\u0430\\u0445 \\u0432 \\u043c\\u0438\\u043d\\u0443\\u0442\\u0443\"]}}]"}}, {"model": "admin.logentry", "pk": 133, "fields": {"action_time": "2024-03-22T09:28:46.426Z", "user": 1, "content_type": 37, "object_id": "1", "object_repr": "Лагерь гоблинов | Attack: 10 | Defence: 10", "action_flag": 2, "change_message": "[{\"changed\": {\"name\": \"\\u0414\\u0440\\u043e\\u043f \\u0432 \\u043b\\u043e\\u043a\\u0430\\u0446\\u0438\\u0438\", \"object\": \"Item: \\u041c\\u0435\\u0448\\u043e\\u043a \\u0441 \\u042d\\u043b\\u0438\\u043a\\u0441\\u0438\\u0440\\u0430\\u043c\\u0438 (\\u041e\\u0431\\u044b\\u0447\\u043d\\u044b\\u0439) | Location: \\u041b\\u0430\\u0433\\u0435\\u0440\\u044c \\u0433\\u043e\\u0431\\u043b\\u0438\\u043d\\u043e\\u0432 | Attack: 10 | Defence: 10 | Amount: 1 - 1 | Chance: 0.2\", \"fields\": [\"\\u0428\\u0430\\u043d\\u0441 \\u0432 \\u043f\\u0440\\u043e\\u0446\\u0435\\u043d\\u0442\\u0430\\u0445 \\u0432 \\u043c\\u0438\\u043d\\u0443\\u0442\\u0443\"]}}, {\"changed\": {\"name\": \"\\u0414\\u0440\\u043e\\u043f \\u0432 \\u043b\\u043e\\u043a\\u0430\\u0446\\u0438\\u0438\", \"object\": \"Item: \\u041c\\u0435\\u0448\\u043e\\u043a \\u0441 \\u0420\\u0435\\u0446\\u0435\\u043f\\u0442\\u0430\\u043c\\u0438 (\\u041e\\u0431\\u044b\\u0447\\u043d\\u044b\\u0439) | Location: \\u041b\\u0430\\u0433\\u0435\\u0440\\u044c \\u0433\\u043e\\u0431\\u043b\\u0438\\u043d\\u043e\\u0432 | Attack: 10 | Defence: 10 | Amount: 1 - 1 | Chance: 0.1\", \"fields\": [\"\\u0428\\u0430\\u043d\\u0441 \\u0432 \\u043f\\u0440\\u043e\\u0446\\u0435\\u043d\\u0442\\u0430\\u0445 \\u0432 \\u043c\\u0438\\u043d\\u0443\\u0442\\u0443\"]}}]"}}, {"model": "admin.logentry", "pk": 134, "fields": {"action_time": "2024-03-22T09:32:46.343Z", "user": 1, "content_type": 37, "object_id": "5", "object_repr": "Мертвая Деревня | Attack: 50 | Defence: 50", "action_flag": 1, "change_message": "[{\"added\": {}}, {\"added\": {\"name\": \"\\u0414\\u0440\\u043e\\u043f \\u0432 \\u043b\\u043e\\u043a\\u0430\\u0446\\u0438\\u0438\", \"object\": \"Item: \\ud83d\\udfe1\\u0417\\u043e\\u043b\\u043e\\u0442\\u043e | Location: \\u041c\\u0435\\u0440\\u0442\\u0432\\u0430\\u044f \\u0414\\u0435\\u0440\\u0435\\u0432\\u043d\\u044f | Attack: 50 | Defence: 50 | Amount: 3 - 4 | Chance: 50.0\"}}]"}}, {"model": "admin.logentry", "pk": 135, "fields": {"action_time": "2024-03-22T09:37:47.747Z", "user": 1, "content_type": 37, "object_id": "5", "object_repr": "Мертвая Деревня | Attack: 50 | Defence: 50", "action_flag": 2, "change_message": "[{\"added\": {\"name\": \"\\u0414\\u0440\\u043e\\u043f \\u0432 \\u043b\\u043e\\u043a\\u0430\\u0446\\u0438\\u0438\", \"object\": \"Item: \\u041c\\u0435\\u0448\\u043e\\u043a \\u0441 \\u0422\\u0430\\u043b\\u0438\\u0441\\u043c\\u0430\\u043d\\u043e\\u043c (\\u041e\\u0431\\u044b\\u0447\\u043d\\u044b\\u0439) | Location: \\u041c\\u0435\\u0440\\u0442\\u0432\\u0430\\u044f \\u0414\\u0435\\u0440\\u0435\\u0432\\u043d\\u044f | Attack: 50 | Defence: 50 | Amount: 1 - 1 | Chance: 0.1\"}}]"}}, {"model": "admin.logentry", "pk": 136, "fields": {"action_time": "2024-03-22T09:38:07.238Z", "user": 1, "content_type": 37, "object_id": "5", "object_repr": "Мертвая Деревня | Attack: 50 | Defence: 50", "action_flag": 2, "change_message": "[{\"added\": {\"name\": \"\\u0414\\u0440\\u043e\\u043f \\u0432 \\u043b\\u043e\\u043a\\u0430\\u0446\\u0438\\u0438\", \"object\": \"Item: \\u041c\\u0435\\u0448\\u043e\\u043a \\u0441\\u043e \\u0421\\u0432\\u0438\\u0442\\u043a\\u043e\\u043c (\\u041e\\u0431\\u044b\\u0447\\u043d\\u044b\\u0439) | Location: \\u041c\\u0435\\u0440\\u0442\\u0432\\u0430\\u044f \\u0414\\u0435\\u0440\\u0435\\u0432\\u043d\\u044f | Attack: 50 | Defence: 50 | Amount: 1 - 1 | Chance: 0.1\"}}]"}}, {"model": "admin.logentry", "pk": 137, "fields": {"action_time": "2024-03-22T09:40:07.624Z", "user": 1, "content_type": 25, "object_id": "9", "object_repr": "Орех | Level: 5 | Attack : 9 | Defence: 10", "action_flag": 2, "change_message": "[{\"added\": {\"name\": \"\\u041f\\u0440\\u0435\\u0434\\u043c\\u0435\\u0442 \\u043f\\u0435\\u0440\\u0441\\u043e\\u043d\\u0430\\u0436\\u0430\", \"object\": \"Character: \\u041e\\u0440\\u0435\\u0445 | Level: 5 | Attack : 9 | Defence: 10 | Item: \\ud83c\\udf9f\\u041f\\u0440\\u0435\\u043c\\u0438\\u0443\\u043c \\u043d\\u0430 30 \\u0414\\u043d\\u0435\\u0439 | Amount: 1\"}}]"}}, {"model": "admin.logentry", "pk": 138, "fields": {"action_time": "2024-03-22T09:40:30.386Z", "user": 1, "content_type": 25, "object_id": "9", "object_repr": "Орех | Level: 5 | Attack : 9 | Defence: 10", "action_flag": 2, "change_message": "[{\"changed\": {\"name\": \"\\u041f\\u0440\\u0435\\u0434\\u043c\\u0435\\u0442 \\u043f\\u0435\\u0440\\u0441\\u043e\\u043d\\u0430\\u0436\\u0430\", \"object\": \"Character: \\u041e\\u0440\\u0435\\u0445 | Level: 5 | Attack : 9 | Defence: 10 | Item: \\ud83d\\udc8e\\u0410\\u043b\\u043c\\u0430\\u0437 | Amount: 1231\", \"fields\": [\"\\u041f\\u0440\\u0435\\u0434\\u043c\\u0435\\u0442\", \"\\u041a\\u043e\\u043b\\u0438\\u0447\\u0435\\u0441\\u0442\\u0432\\u043e\"]}}]"}}, {"model": "admin.logentry", "pk": 139, "fields": {"action_time": "2024-03-22T09:42:29.203Z", "user": 1, "content_type": 25, "object_id": "9", "object_repr": "Орех | Level: 5 | Attack : 9 | Defence: 10", "action_flag": 2, "change_message": "[{\"added\": {\"name\": \"\\u041f\\u0440\\u0435\\u0434\\u043c\\u0435\\u0442 \\u043f\\u0435\\u0440\\u0441\\u043e\\u043d\\u0430\\u0436\\u0430\", \"object\": \"Character: \\u041e\\u0440\\u0435\\u0445 | Level: 5 | Attack : 9 | Defence: 10 | Item: \\u0414\\u0443\\u0431\\u0438\\u043d\\u0430 \\u0423\\u0447\\u0435\\u043d\\u0438\\u043a\\u0430 | Amount: 1\"}}]"}}, {"model": "admin.logentry", "pk": 140, "fields": {"action_time": "2024-03-22T10:30:19.393Z", "user": 1, "content_type": 6, "object_id": "1", "object_repr": "Nikita Fedorov | id: 746696354", "action_flag": 2, "change_message": "[{\"changed\": {\"fields\": [\"\\u041f\\u0435\\u0440\\u0441\\u043e\\u043d\\u0430\\u0436\"]}}]"}}, {"model": "admin.logentry", "pk": 141, "fields": {"action_time": "2024-03-22T10:30:38.894Z", "user": 1, "content_type": 6, "object_id": "1", "object_repr": "Nikita Fedorov | id: 746696354", "action_flag": 2, "change_message": "[{\"changed\": {\"fields\": [\"\\u041f\\u0435\\u0440\\u0441\\u043e\\u043d\\u0430\\u0436\"]}}]"}}, {"model": "admin.logentry", "pk": 142, "fields": {"action_time": "2024-03-22T12:17:05.596Z", "user": 1, "content_type": 43, "object_id": "1", "object_repr": "Барбарики Ур. 1", "action_flag": 3, "change_message": ""}}, {"model": "admin.logentry", "pk": 143, "fields": {"action_time": "2024-03-22T12:17:47.208Z", "user": 1, "content_type": 43, "object_id": "2", "object_repr": "Барбарики Ур. 1", "action_flag": 3, "change_message": ""}}, {"model": "admin.logentry", "pk": 144, "fields": {"action_time": "2024-03-22T12:18:54.631Z", "user": 1, "content_type": 43, "object_id": "3", "object_repr": "Барбарики Ур. 1", "action_flag": 3, "change_message": ""}}, {"model": "admin.logentry", "pk": 145, "fields": {"action_time": "2024-03-23T16:16:18.199Z", "user": 1, "content_type": 25, "object_id": "11", "object_repr": "Ильяз | Level: 1 | Attack : 10 | Defence: 9", "action_flag": 2, "change_message": "[{\"added\": {\"name\": \"\\u041f\\u0440\\u0435\\u0434\\u043c\\u0435\\u0442 \\u043f\\u0435\\u0440\\u0441\\u043e\\u043d\\u0430\\u0436\\u0430\", \"object\": \"Character: \\u0418\\u043b\\u044c\\u044f\\u0437 | Level: 1 | Attack : 10 | Defence: 9 | Item: \\ud83d\\udc8e\\u0410\\u043b\\u043c\\u0430\\u0437 | Amount: 1111\"}}]"}}, {"model": "admin.logentry", "pk": 146, "fields": {"action_time": "2024-03-23T16:16:27.085Z", "user": 1, "content_type": 25, "object_id": "8", "object_repr": "Чак | Level: 1 | Attack : 10 | Defence: 9", "action_flag": 2, "change_message": "[{\"added\": {\"name\": \"\\u041f\\u0440\\u0435\\u0434\\u043c\\u0435\\u0442 \\u043f\\u0435\\u0440\\u0441\\u043e\\u043d\\u0430\\u0436\\u0430\", \"object\": \"Character: \\u0427\\u0430\\u043a | Level: 1 | Attack : 10 | Defence: 9 | Item: \\ud83d\\udc8e\\u0410\\u043b\\u043c\\u0430\\u0437 | Amount: 111111\"}}]"}}, {"model": "admin.logentry", "pk": 147, "fields": {"action_time": "2024-03-23T16:16:39.895Z", "user": 1, "content_type": 25, "object_id": "10", "object_repr": "Erlon | Level: 1 | Attack : 10 | Defence: 9", "action_flag": 2, "change_message": "[{\"added\": {\"name\": \"\\u041f\\u0440\\u0435\\u0434\\u043c\\u0435\\u0442 \\u043f\\u0435\\u0440\\u0441\\u043e\\u043d\\u0430\\u0436\\u0430\", \"object\": \"Character: Erlon | Level: 1 | Attack : 10 | Defence: 9 | Item: \\ud83d\\udc8e\\u0410\\u043b\\u043c\\u0430\\u0437 | Amount: 1111\"}}]"}}, {"model": "admin.logentry", "pk": 148, "fields": {"action_time": "2024-03-23T16:16:52.317Z", "user": 1, "content_type": 25, "object_id": "9", "object_repr": "Орех | Level: 1 | Attack : 12 | Defence: 13", "action_flag": 2, "change_message": "[{\"changed\": {\"fields\": [\"\\u0423\\u0440\\u043e\\u0432\\u0435\\u043d\\u044c\"]}}, {\"changed\": {\"name\": \"\\u0423\\u043c\\u0435\\u043d\\u0438\\u0435 \\u043f\\u0435\\u0440\\u0441\\u043e\\u043d\\u0430\\u0436\\u0430\", \"object\": \"\\u041c\\u0430\\u0441\\u0442\\u0435\\u0440 \\u0421\\u043e\\u0437\\u0434\\u0430\\u043d\\u0438\\u044f \\u0423\\u0440. 1 \\u041e\\u0440\\u0435\\u0445 | Level: 1 | Attack : 12 | Defence: 13\", \"fields\": [\"\\u0423\\u043c\\u0435\\u043d\\u0438\\u0435\"]}}]"}}, {"model": "admin.logentry", "pk": 149, "fields": {"action_time": "2024-03-23T16:20:16.993Z", "user": 1, "content_type": 25, "object_id": "9", "object_repr": "Орех | Level: 1 | Attack : 9 | Defence: 10", "action_flag": 2, "change_message": "[{\"changed\": {\"fields\": [\"\\u0410\\u0442\\u0430\\u043a\\u0430\", \"\\u0417\\u0430\\u0449\\u0438\\u0442\\u0430\"]}}]"}}, {"model": "auth.permission", "pk": 1, "fields": {"name": "Can add log entry", "content_type": 1, "codename": "add_logentry"}}, {"model": "auth.permission", "pk": 2, "fields": {"name": "Can change log entry", "content_type": 1, "codename": "change_logentry"}}, {"model": "auth.permission", "pk": 3, "fields": {"name": "Can delete log entry", "content_type": 1, "codename": "delete_logentry"}}, {"model": "auth.permission", "pk": 4, "fields": {"name": "Can view log entry", "content_type": 1, "codename": "view_logentry"}}, {"model": "auth.permission", "pk": 5, "fields": {"name": "Can add permission", "content_type": 2, "codename": "add_permission"}}, {"model": "auth.permission", "pk": 6, "fields": {"name": "Can change permission", "content_type": 2, "codename": "change_permission"}}, {"model": "auth.permission", "pk": 7, "fields": {"name": "Can delete permission", "content_type": 2, "codename": "delete_permission"}}, {"model": "auth.permission", "pk": 8, "fields": {"name": "Can view permission", "content_type": 2, "codename": "view_permission"}}, {"model": "auth.permission", "pk": 9, "fields": {"name": "Can add group", "content_type": 3, "codename": "add_group"}}, {"model": "auth.permission", "pk": 10, "fields": {"name": "Can change group", "content_type": 3, "codename": "change_group"}}, {"model": "auth.permission", "pk": 11, "fields": {"name": "Can delete group", "content_type": 3, "codename": "delete_group"}}, {"model": "auth.permission", "pk": 12, "fields": {"name": "Can view group", "content_type": 3, "codename": "view_group"}}, {"model": "auth.permission", "pk": 13, "fields": {"name": "Can add content type", "content_type": 4, "codename": "add_contenttype"}}, {"model": "auth.permission", "pk": 14, "fields": {"name": "Can change content type", "content_type": 4, "codename": "change_contenttype"}}, {"model": "auth.permission", "pk": 15, "fields": {"name": "Can delete content type", "content_type": 4, "codename": "delete_contenttype"}}, {"model": "auth.permission", "pk": 16, "fields": {"name": "Can view content type", "content_type": 4, "codename": "view_contenttype"}}, {"model": "auth.permission", "pk": 17, "fields": {"name": "Can add session", "content_type": 5, "codename": "add_session"}}, {"model": "auth.permission", "pk": 18, "fields": {"name": "Can change session", "content_type": 5, "codename": "change_session"}}, {"model": "auth.permission", "pk": 19, "fields": {"name": "Can delete session", "content_type": 5, "codename": "delete_session"}}, {"model": "auth.permission", "pk": 20, "fields": {"name": "Can view session", "content_type": 5, "codename": "view_session"}}, {"model": "auth.permission", "pk": 21, "fields": {"name": "Can add Пользователь", "content_type": 6, "codename": "add_user"}}, {"model": "auth.permission", "pk": 22, "fields": {"name": "Can change Пользователь", "content_type": 6, "codename": "change_user"}}, {"model": "auth.permission", "pk": 23, "fields": {"name": "Can delete Пользователь", "content_type": 6, "codename": "delete_user"}}, {"model": "auth.permission", "pk": 24, "fields": {"name": "Can view Пользователь", "content_type": 6, "codename": "view_user"}}, {"model": "auth.permission", "pk": 25, "fields": {"name": "Can add Администратор", "content_type": 7, "codename": "add_adminuser"}}, {"model": "auth.permission", "pk": 26, "fields": {"name": "Can change Администратор", "content_type": 7, "codename": "change_adminuser"}}, {"model": "auth.permission", "pk": 27, "fields": {"name": "Can delete Администратор", "content_type": 7, "codename": "delete_adminuser"}}, {"model": "auth.permission", "pk": 28, "fields": {"name": "Can view Администратор", "content_type": 7, "codename": "view_adminuser"}}, {"model": "auth.permission", "pk": 29, "fields": {"name": "Can add base item model", "content_type": 8, "codename": "add_baseitemmodel"}}, {"model": "auth.permission", "pk": 30, "fields": {"name": "Can change base item model", "content_type": 8, "codename": "change_baseitemmodel"}}, {"model": "auth.permission", "pk": 31, "fields": {"name": "Can delete base item model", "content_type": 8, "codename": "delete_baseitemmodel"}}, {"model": "auth.permission", "pk": 32, "fields": {"name": "Can view base item model", "content_type": 8, "codename": "view_baseitemmodel"}}, {"model": "auth.permission", "pk": 33, "fields": {"name": "Can add Предмет", "content_type": 9, "codename": "add_item"}}, {"model": "auth.permission", "pk": 34, "fields": {"name": "Can change Предмет", "content_type": 9, "codename": "change_item"}}, {"model": "auth.permission", "pk": 35, "fields": {"name": "Can delete Предмет", "content_type": 9, "codename": "delete_item"}}, {"model": "auth.permission", "pk": 36, "fields": {"name": "Can view Предмет", "content_type": 9, "codename": "view_item"}}, {"model": "auth.permission", "pk": 37, "fields": {"name": "Can add Броня", "content_type": 10, "codename": "add_armor"}}, {"model": "auth.permission", "pk": 38, "fields": {"name": "Can change Броня", "content_type": 10, "codename": "change_armor"}}, {"model": "auth.permission", "pk": 39, "fields": {"name": "Can delete Броня", "content_type": 10, "codename": "delete_armor"}}, {"model": "auth.permission", "pk": 40, "fields": {"name": "Can view Броня", "content_type": 10, "codename": "view_armor"}}, {"model": "auth.permission", "pk": 41, "fields": {"name": "Can add Разное", "content_type": 11, "codename": "add_etc"}}, {"model": "auth.permission", "pk": 42, "fields": {"name": "Can change Разное", "content_type": 11, "codename": "change_etc"}}, {"model": "auth.permission", "pk": 43, "fields": {"name": "Can delete Разное", "content_type": 11, "codename": "delete_etc"}}, {"model": "auth.permission", "pk": 44, "fields": {"name": "Can view Разное", "content_type": 11, "codename": "view_etc"}}, {"model": "auth.permission", "pk": 45, "fields": {"name": "Can add Ресурс", "content_type": 12, "codename": "add_material"}}, {"model": "auth.permission", "pk": 46, "fields": {"name": "Can change Ресурс", "content_type": 12, "codename": "change_material"}}, {"model": "auth.permission", "pk": 47, "fields": {"name": "Can delete Ресурс", "content_type": 12, "codename": "delete_material"}}, {"model": "auth.permission", "pk": 48, "fields": {"name": "Can view Ресурс", "content_type": 12, "codename": "view_material"}}, {"model": "auth.permission", "pk": 49, "fields": {"name": "Can add Свиток", "content_type": 13, "codename": "add_scroll"}}, {"model": "auth.permission", "pk": 50, "fields": {"name": "Can change Свиток", "content_type": 13, "codename": "change_scroll"}}, {"model": "auth.permission", "pk": 51, "fields": {"name": "Can delete Свиток", "content_type": 13, "codename": "delete_scroll"}}, {"model": "auth.permission", "pk": 52, "fields": {"name": "Can view Свиток", "content_type": 13, "codename": "view_scroll"}}, {"model": "auth.permission", "pk": 53, "fields": {"name": "Can add Талисман", "content_type": 14, "codename": "add_talisman"}}, {"model": "auth.permission", "pk": 54, "fields": {"name": "Can change Талисман", "content_type": 14, "codename": "change_talisman"}}, {"model": "auth.permission", "pk": 55, "fields": {"name": "Can delete Талисман", "content_type": 14, "codename": "delete_talisman"}}, {"model": "auth.permission", "pk": 56, "fields": {"name": "Can view Талисман", "content_type": 14, "codename": "view_talisman"}}, {"model": "auth.permission", "pk": 57, "fields": {"name": "Can add Оружие", "content_type": 15, "codename": "add_weapon"}}, {"model": "auth.permission", "pk": 58, "fields": {"name": "Can change Оружие", "content_type": 15, "codename": "change_weapon"}}, {"model": "auth.permission", "pk": 59, "fields": {"name": "Can delete Оружие", "content_type": 15, "codename": "delete_weapon"}}, {"model": "auth.permission", "pk": 60, "fields": {"name": "Can view Оружие", "content_type": 15, "codename": "view_weapon"}}, {"model": "auth.permission", "pk": 61, "fields": {"name": "Can add Мешок", "content_type": 16, "codename": "add_bag"}}, {"model": "auth.permission", "pk": 62, "fields": {"name": "Can change Мешок", "content_type": 16, "codename": "change_bag"}}, {"model": "auth.permission", "pk": 63, "fields": {"name": "Can delete Мешок", "content_type": 16, "codename": "delete_bag"}}, {"model": "auth.permission", "pk": 64, "fields": {"name": "Can view Мешок", "content_type": 16, "codename": "view_bag"}}, {"model": "auth.permission", "pk": 65, "fields": {"name": "Can add Броня", "content_type": 17, "codename": "add_equipment"}}, {"model": "auth.permission", "pk": 66, "fields": {"name": "Can change Броня", "content_type": 17, "codename": "change_equipment"}}, {"model": "auth.permission", "pk": 67, "fields": {"name": "Can delete Броня", "content_type": 17, "codename": "delete_equipment"}}, {"model": "auth.permission", "pk": 68, "fields": {"name": "Can view Броня", "content_type": 17, "codename": "view_equipment"}}, {"model": "auth.permission", "pk": 69, "fields": {"name": "Can add Эликсир", "content_type": 18, "codename": "add_potion"}}, {"model": "auth.permission", "pk": 70, "fields": {"name": "Can change Эликсир", "content_type": 18, "codename": "change_potion"}}, {"model": "auth.permission", "pk": 71, "fields": {"name": "Can delete Эликсир", "content_type": 18, "codename": "delete_potion"}}, {"model": "auth.permission", "pk": 72, "fields": {"name": "Can view Эликсир", "content_type": 18, "codename": "view_potion"}}, {"model": "auth.permission", "pk": 73, "fields": {"name": "Can add Рецепт", "content_type": 19, "codename": "add_recipe"}}, {"model": "auth.permission", "pk": 74, "fields": {"name": "Can change Рецепт", "content_type": 19, "codename": "change_recipe"}}, {"model": "auth.permission", "pk": 75, "fields": {"name": "Can delete Рецепт", "content_type": 19, "codename": "delete_recipe"}}, {"model": "auth.permission", "pk": 76, "fields": {"name": "Can view Рецепт", "content_type": 19, "codename": "view_recipe"}}, {"model": "auth.permission", "pk": 77, "fields": {"name": "Can add Эффект предмета", "content_type": 20, "codename": "add_itemeffect"}}, {"model": "auth.permission", "pk": 78, "fields": {"name": "Can change Эффект предмета", "content_type": 20, "codename": "change_itemeffect"}}, {"model": "auth.permission", "pk": 79, "fields": {"name": "Can delete Эффект предмета", "content_type": 20, "codename": "delete_itemeffect"}}, {"model": "auth.permission", "pk": 80, "fields": {"name": "Can view Эффект предмета", "content_type": 20, "codename": "view_itemeffect"}}, {"model": "auth.permission", "pk": 81, "fields": {"name": "Can add Предмет изготовлени", "content_type": 21, "codename": "add_craftingitem"}}, {"model": "auth.permission", "pk": 82, "fields": {"name": "Can change Предмет изготовлени", "content_type": 21, "codename": "change_craftingitem"}}, {"model": "auth.permission", "pk": 83, "fields": {"name": "Can delete Предмет изготовлени", "content_type": 21, "codename": "delete_craftingitem"}}, {"model": "auth.permission", "pk": 84, "fields": {"name": "Can view Предмет изготовлени", "content_type": 21, "codename": "view_craftingitem"}}, {"model": "auth.permission", "pk": 85, "fields": {"name": "Can add Предмет в мешке", "content_type": 22, "codename": "add_bagitem"}}, {"model": "auth.permission", "pk": 86, "fields": {"name": "Can change Предмет в мешке", "content_type": 22, "codename": "change_bagitem"}}, {"model": "auth.permission", "pk": 87, "fields": {"name": "Can delete Предмет в мешке", "content_type": 22, "codename": "delete_bagitem"}}, {"model": "auth.permission", "pk": 88, "fields": {"name": "Can view Предмет в мешке", "content_type": 22, "codename": "view_bagitem"}}, {"model": "auth.permission", "pk": 89, "fields": {"name": "Can add Эффект", "content_type": 23, "codename": "add_effect"}}, {"model": "auth.permission", "pk": 90, "fields": {"name": "Can change Эффект", "content_type": 23, "codename": "change_effect"}}, {"model": "auth.permission", "pk": 91, "fields": {"name": "Can delete Эффект", "content_type": 23, "codename": "delete_effect"}}, {"model": "auth.permission", "pk": 92, "fields": {"name": "Can view Эффект", "content_type": 23, "codename": "view_effect"}}, {"model": "auth.permission", "pk": 93, "fields": {"name": "Can add base character model", "content_type": 24, "codename": "add_basecharactermodel"}}, {"model": "auth.permission", "pk": 94, "fields": {"name": "Can change base character model", "content_type": 24, "codename": "change_basecharactermodel"}}, {"model": "auth.permission", "pk": 95, "fields": {"name": "Can delete base character model", "content_type": 24, "codename": "delete_basecharactermodel"}}, {"model": "auth.permission", "pk": 96, "fields": {"name": "Can view base character model", "content_type": 24, "codename": "view_basecharactermodel"}}, {"model": "auth.permission", "pk": 97, "fields": {"name": "Can add Персонаж", "content_type": 25, "codename": "add_character"}}, {"model": "auth.permission", "pk": 98, "fields": {"name": "Can change Персонаж", "content_type": 25, "codename": "change_character"}}, {"model": "auth.permission", "pk": 99, "fields": {"name": "Can delete Персонаж", "content_type": 25, "codename": "delete_character"}}, {"model": "auth.permission", "pk": 100, "fields": {"name": "Can view Персонаж", "content_type": 25, "codename": "view_character"}}, {"model": "auth.permission", "pk": 101, "fields": {"name": "Can add Класс", "content_type": 26, "codename": "add_characterclass"}}, {"model": "auth.permission", "pk": 102, "fields": {"name": "Can change Класс", "content_type": 26, "codename": "change_characterclass"}}, {"model": "auth.permission", "pk": 103, "fields": {"name": "Can delete Класс", "content_type": 26, "codename": "delete_characterclass"}}, {"model": "auth.permission", "pk": 104, "fields": {"name": "Can view Класс", "content_type": 26, "codename": "view_characterclass"}}, {"model": "auth.permission", "pk": 105, "fields": {"name": "Can add Предмет персонажа", "content_type": 27, "codename": "add_characteritem"}}, {"model": "auth.permission", "pk": 106, "fields": {"name": "Can change Предмет персонажа", "content_type": 27, "codename": "change_characteritem"}}, {"model": "auth.permission", "pk": 107, "fields": {"name": "Can delete Предмет персонажа", "content_type": 27, "codename": "delete_characteritem"}}, {"model": "auth.permission", "pk": 108, "fields": {"name": "Can view Предмет персонажа", "content_type": 27, "codename": "view_characteritem"}}, {"model": "auth.permission", "pk": 109, "fields": {"name": "Can add Умение", "content_type": 28, "codename": "add_skill"}}, {"model": "auth.permission", "pk": 110, "fields": {"name": "Can change Умение", "content_type": 28, "codename": "change_skill"}}, {"model": "auth.permission", "pk": 111, "fields": {"name": "Can delete Умение", "content_type": 28, "codename": "delete_skill"}}, {"model": "auth.permission", "pk": 112, "fields": {"name": "Can view Умение", "content_type": 28, "codename": "view_skill"}}, {"model": "auth.permission", "pk": 113, "fields": {"name": "Can add Эффект способности", "content_type": 29, "codename": "add_skilleffect"}}, {"model": "auth.permission", "pk": 114, "fields": {"name": "Can change Эффект способности", "content_type": 29, "codename": "change_skilleffect"}}, {"model": "auth.permission", "pk": 115, "fields": {"name": "Can delete Эффект способности", "content_type": 29, "codename": "delete_skilleffect"}}, {"model": "auth.permission", "pk": 116, "fields": {"name": "Can view Эффект способности", "content_type": 29, "codename": "view_skilleffect"}}, {"model": "auth.permission", "pk": 117, "fields": {"name": "Can add Классовая экипировка", "content_type": 30, "codename": "add_classequipment"}}, {"model": "auth.permission", "pk": 118, "fields": {"name": "Can change Классовая экипировка", "content_type": 30, "codename": "change_classequipment"}}, {"model": "auth.permission", "pk": 119, "fields": {"name": "Can delete Классовая экипировка", "content_type": 30, "codename": "delete_classequipment"}}, {"model": "auth.permission", "pk": 120, "fields": {"name": "Can view Классовая экипировка", "content_type": 30, "codename": "view_classequipment"}}, {"model": "auth.permission", "pk": 121, "fields": {"name": "Can add Умение персонажа", "content_type": 31, "codename": "add_characterskill"}}, {"model": "auth.permission", "pk": 122, "fields": {"name": "Can change Умение персонажа", "content_type": 31, "codename": "change_characterskill"}}, {"model": "auth.permission", "pk": 123, "fields": {"name": "Can delete Умение персонажа", "content_type": 31, "codename": "delete_characterskill"}}, {"model": "auth.permission", "pk": 124, "fields": {"name": "Can view Умение персонажа", "content_type": 31, "codename": "view_characterskill"}}, {"model": "auth.permission", "pk": 125, "fields": {"name": "Can add Рецепт персонажа", "content_type": 32, "codename": "add_characterrecipe"}}, {"model": "auth.permission", "pk": 126, "fields": {"name": "Can change Рецепт персонажа", "content_type": 32, "codename": "change_characterrecipe"}}, {"model": "auth.permission", "pk": 127, "fields": {"name": "Can delete Рецепт персонажа", "content_type": 32, "codename": "delete_characterrecipe"}}, {"model": "auth.permission", "pk": 128, "fields": {"name": "Can view Рецепт персонажа", "content_type": 32, "codename": "view_characterrecipe"}}, {"model": "auth.permission", "pk": 129, "fields": {"name": "Can add Эффект персонажа", "content_type": 33, "codename": "add_charactereffect"}}, {"model": "auth.permission", "pk": 130, "fields": {"name": "Can change Эффект персонажа", "content_type": 33, "codename": "change_charactereffect"}}, {"model": "auth.permission", "pk": 131, "fields": {"name": "Can delete Эффект персонажа", "content_type": 33, "codename": "delete_charactereffect"}}, {"model": "auth.permission", "pk": 132, "fields": {"name": "Can view Эффект персонажа", "content_type": 33, "codename": "view_charactereffect"}}, {"model": "auth.permission", "pk": 133, "fields": {"name": "Can add Умение класса", "content_type": 34, "codename": "add_characterclassskill"}}, {"model": "auth.permission", "pk": 134, "fields": {"name": "Can change Умение класса", "content_type": 34, "codename": "change_characterclassskill"}}, {"model": "auth.permission", "pk": 135, "fields": {"name": "Can delete Умение класса", "content_type": 34, "codename": "delete_characterclassskill"}}, {"model": "auth.permission", "pk": 136, "fields": {"name": "Can view Умение класса", "content_type": 34, "codename": "view_characterclassskill"}}, {"model": "auth.permission", "pk": 137, "fields": {"name": "Can add Предмет на Торговой Площадке", "content_type": 35, "codename": "add_marketplaceitem"}}, {"model": "auth.permission", "pk": 138, "fields": {"name": "Can change Предмет на Торговой Площадке", "content_type": 35, "codename": "change_marketplaceitem"}}, {"model": "auth.permission", "pk": 139, "fields": {"name": "Can delete Предмет на Торговой Площадке", "content_type": 35, "codename": "delete_marketplaceitem"}}, {"model": "auth.permission", "pk": 140, "fields": {"name": "Can view Предмет на Торговой Площадке", "content_type": 35, "codename": "view_marketplaceitem"}}, {"model": "auth.permission", "pk": 141, "fields": {"name": "Can add base location model", "content_type": 36, "codename": "add_baselocationmodel"}}, {"model": "auth.permission", "pk": 142, "fields": {"name": "Can change base location model", "content_type": 36, "codename": "change_baselocationmodel"}}, {"model": "auth.permission", "pk": 143, "fields": {"name": "Can delete base location model", "content_type": 36, "codename": "delete_baselocationmodel"}}, {"model": "auth.permission", "pk": 144, "fields": {"name": "Can view base location model", "content_type": 36, "codename": "view_baselocationmodel"}}, {"model": "auth.permission", "pk": 145, "fields": {"name": "Can add Локация", "content_type": 37, "codename": "add_location"}}, {"model": "auth.permission", "pk": 146, "fields": {"name": "Can change Локация", "content_type": 37, "codename": "change_location"}}, {"model": "auth.permission", "pk": 147, "fields": {"name": "Can delete Локация", "content_type": 37, "codename": "delete_location"}}, {"model": "auth.permission", "pk": 148, "fields": {"name": "Can view Локация", "content_type": 37, "codename": "view_location"}}, {"model": "auth.permission", "pk": 149, "fields": {"name": "Can add Дроп в локации", "content_type": 38, "codename": "add_locationdrop"}}, {"model": "auth.permission", "pk": 150, "fields": {"name": "Can change Дроп в локации", "content_type": 38, "codename": "change_locationdrop"}}, {"model": "auth.permission", "pk": 151, "fields": {"name": "Can delete Дроп в локации", "content_type": 38, "codename": "delete_locationdrop"}}, {"model": "auth.permission", "pk": 152, "fields": {"name": "Can view Дроп в локации", "content_type": 38, "codename": "view_locationdrop"}}, {"model": "auth.permission", "pk": 153, "fields": {"name": "Can add Персонаж в локации", "content_type": 39, "codename": "add_locationcharacter"}}, {"model": "auth.permission", "pk": 154, "fields": {"name": "Can change Персонаж в локации", "content_type": 39, "codename": "change_locationcharacter"}}, {"model": "auth.permission", "pk": 155, "fields": {"name": "Can delete Персонаж в локации", "content_type": 39, "codename": "delete_locationcharacter"}}, {"model": "auth.permission", "pk": 156, "fields": {"name": "Can view Персонаж в локации", "content_type": 39, "codename": "view_locationcharacter"}}, {"model": "auth.permission", "pk": 157, "fields": {"name": "Can add Книга", "content_type": 40, "codename": "add_book"}}, {"model": "auth.permission", "pk": 158, "fields": {"name": "Can change Книга", "content_type": 40, "codename": "change_book"}}, {"model": "auth.permission", "pk": 159, "fields": {"name": "Can delete Книга", "content_type": 40, "codename": "delete_book"}}, {"model": "auth.permission", "pk": 160, "fields": {"name": "Can view Книга", "content_type": 40, "codename": "view_book"}}, {"model": "auth.permission", "pk": 161, "fields": {"name": "Can add Клановая война", "content_type": 41, "codename": "add_clanwar"}}, {"model": "auth.permission", "pk": 162, "fields": {"name": "Can change Клановая война", "content_type": 41, "codename": "change_clanwar"}}, {"model": "auth.permission", "pk": 163, "fields": {"name": "Can delete Клановая война", "content_type": 41, "codename": "delete_clanwar"}}, {"model": "auth.permission", "pk": 164, "fields": {"name": "Can view Клановая война", "content_type": 41, "codename": "view_clanwar"}}, {"model": "auth.permission", "pk": 165, "fields": {"name": "Can add Заявка", "content_type": 42, "codename": "add_clanrequest"}}, {"model": "auth.permission", "pk": 166, "fields": {"name": "Can change Заявка", "content_type": 42, "codename": "change_clanrequest"}}, {"model": "auth.permission", "pk": 167, "fields": {"name": "Can delete Заявка", "content_type": 42, "codename": "delete_clanrequest"}}, {"model": "auth.permission", "pk": 168, "fields": {"name": "Can view Заявка", "content_type": 42, "codename": "view_clanrequest"}}, {"model": "auth.permission", "pk": 169, "fields": {"name": "Can add Клан", "content_type": 43, "codename": "add_clan"}}, {"model": "auth.permission", "pk": 170, "fields": {"name": "Can change Клан", "content_type": 43, "codename": "change_clan"}}, {"model": "auth.permission", "pk": 171, "fields": {"name": "Can delete Клан", "content_type": 43, "codename": "delete_clan"}}, {"model": "auth.permission", "pk": 172, "fields": {"name": "Can view Клан", "content_type": 43, "codename": "view_clan"}}, {"model": "contenttypes.contenttype", "pk": 1, "fields": {"app_label": "admin", "model": "logentry"}}, {"model": "contenttypes.contenttype", "pk": 2, "fields": {"app_label": "auth", "model": "permission"}}, {"model": "contenttypes.contenttype", "pk": 3, "fields": {"app_label": "auth", "model": "group"}}, {"model": "contenttypes.contenttype", "pk": 4, "fields": {"app_label": "contenttypes", "model": "contenttype"}}, {"model": "contenttypes.contenttype", "pk": 5, "fields": {"app_label": "sessions", "model": "session"}}, {"model": "contenttypes.contenttype", "pk": 6, "fields": {"app_label": "bot", "model": "user"}}, {"model": "contenttypes.contenttype", "pk": 7, "fields": {"app_label": "admin_user", "model": "adminuser"}}, {"model": "contenttypes.contenttype", "pk": 8, "fields": {"app_label": "item", "model": "baseitemmodel"}}, {"model": "contenttypes.contenttype", "pk": 9, "fields": {"app_label": "item", "model": "item"}}, {"model": "contenttypes.contenttype", "pk": 10, "fields": {"app_label": "item", "model": "armor"}}, {"model": "contenttypes.contenttype", "pk": 11, "fields": {"app_label": "item", "model": "etc"}}, {"model": "contenttypes.contenttype", "pk": 12, "fields": {"app_label": "item", "model": "material"}}, {"model": "contenttypes.contenttype", "pk": 13, "fields": {"app_label": "item", "model": "scroll"}}, {"model": "contenttypes.contenttype", "pk": 14, "fields": {"app_label": "item", "model": "talisman"}}, {"model": "contenttypes.contenttype", "pk": 15, "fields": {"app_label": "item", "model": "weapon"}}, {"model": "contenttypes.contenttype", "pk": 16, "fields": {"app_label": "item", "model": "bag"}}, {"model": "contenttypes.contenttype", "pk": 17, "fields": {"app_label": "item", "model": "equipment"}}, {"model": "contenttypes.contenttype", "pk": 18, "fields": {"app_label": "item", "model": "potion"}}, {"model": "contenttypes.contenttype", "pk": 19, "fields": {"app_label": "item", "model": "recipe"}}, {"model": "contenttypes.contenttype", "pk": 20, "fields": {"app_label": "item", "model": "itemeffect"}}, {"model": "contenttypes.contenttype", "pk": 21, "fields": {"app_label": "item", "model": "craftingitem"}}, {"model": "contenttypes.contenttype", "pk": 22, "fields": {"app_label": "item", "model": "bagitem"}}, {"model": "contenttypes.contenttype", "pk": 23, "fields": {"app_label": "item", "model": "effect"}}, {"model": "contenttypes.contenttype", "pk": 24, "fields": {"app_label": "character", "model": "basecharactermodel"}}, {"model": "contenttypes.contenttype", "pk": 25, "fields": {"app_label": "character", "model": "character"}}, {"model": "contenttypes.contenttype", "pk": 26, "fields": {"app_label": "character", "model": "characterclass"}}, {"model": "contenttypes.contenttype", "pk": 27, "fields": {"app_label": "character", "model": "characteritem"}}, {"model": "contenttypes.contenttype", "pk": 28, "fields": {"app_label": "character", "model": "skill"}}, {"model": "contenttypes.contenttype", "pk": 29, "fields": {"app_label": "character", "model": "skilleffect"}}, {"model": "contenttypes.contenttype", "pk": 30, "fields": {"app_label": "character", "model": "classequipment"}}, {"model": "contenttypes.contenttype", "pk": 31, "fields": {"app_label": "character", "model": "characterskill"}}, {"model": "contenttypes.contenttype", "pk": 32, "fields": {"app_label": "character", "model": "characterrecipe"}}, {"model": "contenttypes.contenttype", "pk": 33, "fields": {"app_label": "character", "model": "charactereffect"}}, {"model": "contenttypes.contenttype", "pk": 34, "fields": {"app_label": "character", "model": "characterclassskill"}}, {"model": "contenttypes.contenttype", "pk": 35, "fields": {"app_label": "character", "model": "marketplaceitem"}}, {"model": "contenttypes.contenttype", "pk": 36, "fields": {"app_label": "location", "model": "baselocationmodel"}}, {"model": "contenttypes.contenttype", "pk": 37, "fields": {"app_label": "location", "model": "location"}}, {"model": "contenttypes.contenttype", "pk": 38, "fields": {"app_label": "location", "model": "locationdrop"}}, {"model": "contenttypes.contenttype", "pk": 39, "fields": {"app_label": "location", "model": "locationcharacter"}}, {"model": "contenttypes.contenttype", "pk": 40, "fields": {"app_label": "item", "model": "book"}}, {"model": "contenttypes.contenttype", "pk": 41, "fields": {"app_label": "clan", "model": "clanwar"}}, {"model": "contenttypes.contenttype", "pk": 42, "fields": {"app_label": "clan", "model": "clanrequest"}}, {"model": "contenttypes.contenttype", "pk": 43, "fields": {"app_label": "clan", "model": "clan"}}, {"model": "sessions.session", "pk": "2vwunhaoia8smtanl545nwpwyals3da6", "fields": {"session_data": ".eJxVjDsOwjAQBe_iGlm72PhDSZ8zRLtegwPIluKkQtwdIqWA9s3Me6mR1qWMa8_zOIk6K1SH340pPXLdgNyp3ppOrS7zxHpT9E67Hprk52V3_w4K9fKtjQli6Yrkjx4chhittSSSKAGj82QIBJnpJAkw55gB2EUwgWKQ4NX7A-A7N-4:1rl66g:SkCSX1j2j_dxk2y1S11QSx-dyl7Hreqq8hX8e9-j4jI", "expire_date": "2024-03-29T11:52:14.625Z"}}, {"model": "bot.user", "pk": 1, "fields": {"telegram_id": 746696354, "first_name": "Nikita", "last_name": "Fedorov", "telegram_username": "nikitafedorov", "registration_date": "2024-03-15", "is_admin": false, "character": 9, "is_active": true}}, {"model": "bot.user", "pk": 2, "fields": {"telegram_id": 406798546, "first_name": "Диана", "last_name": null, "telegram_username": "diiiifedorova", "registration_date": "2024-03-20", "is_admin": false, "character": 8, "is_active": true}}, {"model": "bot.user", "pk": 3, "fields": {"telegram_id": 1274743236, "first_name": "Илья", "last_name": null, "telegram_username": "iliazik", "registration_date": "2024-03-23", "is_admin": false, "character": 11, "is_active": true}}, {"model": "bot.user", "pk": 4, "fields": {"telegram_id": 386749612, "first_name": "Лаврентий", "last_name": null, "telegram_username": "dxdxdxdxdxdxda", "registration_date": "2024-03-23", "is_admin": false, "character": 10, "is_active": true}}, {"model": "admin_user.adminuser", "pk": 1, "fields": {"password": "pbkdf2_sha256$600000$vFnEEfp63keWSJmDFlXMxI$pgmMtvSq/MrCdAw4x96IdeAGAxAadaUHaU1hnJxM8cg=", "last_login": "2024-03-15T11:52:14.622Z", "is_superuser": true, "username": "oupsfed", "first_name": "", "last_name": "", "email": "n.fdrv@list.ru", "is_staff": true, "is_active": true, "date_joined": "2024-03-15T11:51:25.369Z", "groups": [], "user_permissions": []}}, {"model": "item.item", "pk": 1, "fields": {"name": "🟡Золото", "description": "Золото можно тратить в магазине и торговой площадке на различные полезные предметы", "buy_price": 0, "sell_price": 0, "created": "2024-03-15T11:51:18.940Z", "type": "etc"}}, {"model": "item.item", "pk": 2, "fields": {"name": "💎Алмаз", "description": "Алмазы можно тратить в премиум магазине и на торговой площадке", "buy_price": 0, "sell_price": 0, "created": "2024-03-15T11:51:18.955Z", "type": "etc"}}, {"model": "item.item", "pk": 3, "fields": {"name": "Мешок с Ресурсами (Обычный)", "description": "В данном мешке лежит неизвестный ресурс", "buy_price": 0, "sell_price": 0, "created": "2024-03-15T11:51:28.683Z", "type": "bag"}}, {"model": "item.item", "pk": 4, "fields": {"name": "Мешок с Оружием (Обычный)", "description": "Внутри находится случайное Оружие", "buy_price": 0, "sell_price": 0, "created": "2024-03-15T11:51:28.763Z", "type": "bag"}}, {"model": "item.item", "pk": 5, "fields": {"name": "Мешок с Эликсирами (Обычный)", "description": "Внутри находится случайный Эликсир", "buy_price": 0, "sell_price": 0, "created": "2024-03-15T11:51:28.769Z", "type": "bag"}}, {"model": "item.item", "pk": 6, "fields": {"name": "Мешок с Рецептами (Обычный)", "description": "Внутри находится случайный Рецепт", "buy_price": 0, "sell_price": 0, "created": "2024-03-15T11:51:28.774Z", "type": "bag"}}, {"model": "item.item", "pk": 7, "fields": {"name": "Мешок с Броней (Обычный)", "description": "Внутри находится случайная Броня", "buy_price": 0, "sell_price": 0, "created": "2024-03-15T11:51:28.778Z", "type": "bag"}}, {"model": "item.item", "pk": 8, "fields": {"name": "🎟Премиум на 7 Дней", "description": "Оформляет Премиум Подписку на 7 дней", "buy_price": 0, "sell_price": 0, "created": "2024-03-15T11:51:28.785Z", "type": "etc"}}, {"model": "item.item", "pk": 9, "fields": {"name": "🎟Премиум на 30 Дней", "description": "Оформляет Премиум Подписку на 30 дней", "buy_price": 0, "sell_price": 0, "created": "2024-03-15T11:51:28.789Z", "type": "etc"}}, {"model": "item.item", "pk": 10, "fields": {"name": "Железо", "description": "Ресурс используемый для изготовление различных предметов. Можно продать в магазин.", "buy_price": 0, "sell_price": 5, "created": "2024-03-15T11:51:28.793Z", "type": "material"}}, {"model": "item.item", "pk": 11, "fields": {"name": "Кожа", "description": "Ресурс используемый для изготовление различных предметов. Можно продать в магазин.", "buy_price": 0, "sell_price": 5, "created": "2024-03-15T11:51:28.797Z", "type": "material"}}, {"model": "item.item", "pk": 12, "fields": {"name": "Древесина", "description": "Ресурс используемый для изготовление различных предметов. Можно продать в магазин.", "buy_price": 0, "sell_price": 5, "created": "2024-03-15T11:51:28.801Z", "type": "material"}}, {"model": "item.item", "pk": 13, "fields": {"name": "Ткань", "description": "Ресурс используемый для изготовление различных предметов. Можно продать в магазин.", "buy_price": 0, "sell_price": 5, "created": "2024-03-15T11:51:28.805Z", "type": "material"}}, {"model": "item.item", "pk": 14, "fields": {"name": "Эликсир Выносливости", "description": "Увеличивает характеристики персонажа на 12 часов.", "buy_price": 100, "sell_price": 50, "created": "2024-03-15T11:51:28.809Z", "type": "potion"}}, {"model": "item.item", "pk": 15, "fields": {"name": "Эликсир Силы", "description": "Увеличивает характеристики персонажа на 12 часов.", "buy_price": 100, "sell_price": 50, "created": "2024-03-15T11:51:28.813Z", "type": "potion"}}, {"model": "item.item", "pk": 16, "fields": {"name": "Эликсир Защиты", "description": "Увеличивает характеристики персонажа на 12 часов.", "buy_price": 100, "sell_price": 50, "created": "2024-03-15T11:51:28.818Z", "type": "potion"}}, {"model": "item.item", "pk": 17, "fields": {"name": "Эликсир Мудрости", "description": "Увеличивает характеристики персонажа", "buy_price": 100, "sell_price": 50, "created": "2024-03-15T11:51:28.822Z", "type": "potion"}}, {"model": "item.item", "pk": 18, "fields": {"name": "Потрепанная Мантия", "description": "Данная броня подходит Магу", "buy_price": 500, "sell_price": 250, "created": "2024-03-15T11:51:31.792Z", "type": "armor"}}, {"model": "item.item", "pk": 19, "fields": {"name": "Потрепанный Кожанный Доспех", "description": "Данная броня подходит Охотнику", "buy_price": 500, "sell_price": 250, "created": "2024-03-15T11:51:31.801Z", "type": "armor"}}, {"model": "item.item", "pk": 20, "fields": {"name": "Потрепанный Тяжелый Доспех", "description": "Данная броня подходит Рыцарю и Мастеру", "buy_price": 500, "sell_price": 250, "created": "2024-03-15T11:51:31.807Z", "type": "armor"}}, {"model": "item.item", "pk": 21, "fields": {"name": "Мантия Ученика", "description": "Данная броня подходит Магу", "buy_price": 3000, "sell_price": 1500, "created": "2024-03-15T11:51:31.812Z", "type": "armor"}}, {"model": "item.item", "pk": 22, "fields": {"name": "Легкая Броня Ученика", "description": "Данная броня подходит Охотнику", "buy_price": 3000, "sell_price": 1500, "created": "2024-03-15T11:51:31.817Z", "type": "armor"}}, {"model": "item.item", "pk": 23, "fields": {"name": "Тяжелая Броня Ученика", "description": "Данная броня подходит Рыцарю и Мастеру", "buy_price": 3000, "sell_price": 1500, "created": "2024-03-15T11:51:31.822Z", "type": "armor"}}, {"model": "item.item", "pk": 24, "fields": {"name": "Браслет", "description": "Позволяет надевать Талисманы. Чем выше уровень улучшения тем больше Талисманов можно надеть", "buy_price": 0, "sell_price": 0, "created": "2024-03-15T11:51:31.827Z", "type": "armor"}}, {"model": "item.item", "pk": 25, "fields": {"name": "Потрепанный Посох", "description": "Данное оружие подходит Магу", "buy_price": 500, "sell_price": 250, "created": "2024-03-15T11:51:31.833Z", "type": "weapon"}}, {"model": "item.item", "pk": 26, "fields": {"name": "Деревянный Меч", "description": "Данное оружие подходит Рыцарю", "buy_price": 500, "sell_price": 250, "created": "2024-03-15T11:51:31.838Z", "type": "weapon"}}, {"model": "item.item", "pk": 27, "fields": {"name": "Деревянный Кинжал", "description": "Данное оружие подходит Охотнику", "buy_price": 500, "sell_price": 250, "created": "2024-03-15T11:51:31.842Z", "type": "weapon"}}, {"model": "item.item", "pk": 28, "fields": {"name": "Надломанная Дубина", "description": "Данное оружие подходит Мастеру", "buy_price": 500, "sell_price": 250, "created": "2024-03-15T11:51:31.848Z", "type": "weapon"}}, {"model": "item.item", "pk": 29, "fields": {"name": "Посох Ученика", "description": "Данное оружие подходит Магу", "buy_price": 3000, "sell_price": 1500, "created": "2024-03-15T11:51:31.853Z", "type": "weapon"}}, {"model": "item.item", "pk": 30, "fields": {"name": "Меч Ученика", "description": "Данное оружие подходит Рыцарю", "buy_price": 3000, "sell_price": 1500, "created": "2024-03-15T11:51:31.858Z", "type": "weapon"}}, {"model": "item.item", "pk": 31, "fields": {"name": "Кинжал Ученика", "description": "Данное оружие подходит Охотнику", "buy_price": 3000, "sell_price": 1500, "created": "2024-03-15T11:51:31.864Z", "type": "weapon"}}, {"model": "item.item", "pk": 32, "fields": {"name": "Дубина Ученика", "description": "Данное оружие подходит Мастеру", "buy_price": 3000, "sell_price": 1500, "created": "2024-03-15T11:51:31.868Z", "type": "weapon"}}, {"model": "item.item", "pk": 33, "fields": {"name": "Рецепт: Посох Ученика", "description": "Изготавливает предмет", "buy_price": 0, "sell_price": 300, "created": "2024-03-15T11:51:34.816Z", "type": "recipe"}}, {"model": "item.item", "pk": 34, "fields": {"name": "Рецепт: Дубина Ученика", "description": "С помощью данного рецепта Мастер может изготовить предмет", "buy_price": 0, "sell_price": 300, "created": "2024-03-15T11:51:34.935Z", "type": "recipe"}}, {"model": "item.item", "pk": 35, "fields": {"name": "Рецепт: Меч Ученика", "description": "С помощью данного рецепта Мастер может изготовить предмет", "buy_price": 0, "sell_price": 300, "created": "2024-03-15T11:51:35.170Z", "type": "recipe"}}, {"model": "item.item", "pk": 36, "fields": {"name": "Рецепт: Легкая Броня Ученика", "description": "С помощью данного рецепта Мастер может изготовить предмет", "buy_price": 0, "sell_price": 300, "created": "2024-03-15T11:51:35.420Z", "type": "recipe"}}, {"model": "item.item", "pk": 37, "fields": {"name": "Рецепт: Кинжал Ученика", "description": "С помощью данного рецепта Мастер может изготовить предмет", "buy_price": 0, "sell_price": 300, "created": "2024-03-15T11:51:35.670Z", "type": "recipe"}}, {"model": "item.item", "pk": 38, "fields": {"name": "Рецепт: Тяжелая Броня Ученика", "description": "С помощью данного рецепта Мастер может изготовить предмет", "buy_price": 0, "sell_price": 300, "created": "2024-03-15T11:51:35.953Z", "type": "recipe"}}, {"model": "item.item", "pk": 39, "fields": {"name": "Рецепт: Мантия Ученика", "description": "С помощью данного рецепта Мастер может изготовить предмет", "buy_price": 0, "sell_price": 300, "created": "2024-03-15T11:51:35.958Z", "type": "recipe"}}, {"model": "item.item", "pk": 40, "fields": {"name": "Свиток Улучшения Оружия", "description": "С помощью данного свитка можно улучшить свое Оружие", "buy_price": 0, "sell_price": 300, "created": "2024-03-15T11:51:39.020Z", "type": "scroll"}}, {"model": "item.item", "pk": 41, "fields": {"name": "Свиток Улучшения Талисмана", "description": "С помощью данного свитка можно улучшить свой Талисман", "buy_price": 0, "sell_price": 300, "created": "2024-03-15T11:51:39.025Z", "type": "scroll"}}, {"model": "item.item", "pk": 42, "fields": {"name": "Свиток Улучшения Брони", "description": "С помощью данного свитка можно улучшить свою Броню", "buy_price": 0, "sell_price": 300, "created": "2024-03-15T11:51:39.029Z", "type": "scroll"}}, {"model": "item.item", "pk": 43, "fields": {"name": "Талисман Защиты", "description": "Увеличивает Защиту персонажа. Для экипировки требуется Браслет", "buy_price": 0, "sell_price": 0, "created": "2024-03-15T11:51:42.043Z", "type": "talisman"}}, {"model": "item.item", "pk": 44, "fields": {"name": "Талисман Атаки", "description": "Увеличивает Атаку персонажа. Для экипировки требуется Браслет", "buy_price": 0, "sell_price": 0, "created": "2024-03-15T11:51:42.096Z", "type": "talisman"}}, {"model": "item.item", "pk": 45, "fields": {"name": "Талисман Мудрости", "description": "Увеличивает получаемы Опыт. Для экипировки требуется Браслет", "buy_price": 0, "sell_price": 0, "created": "2024-03-15T11:51:42.102Z", "type": "talisman"}}, {"model": "item.item", "pk": 46, "fields": {"name": "Талисман Удачи", "description": "Увеличивает Шанс выпадения предметов. Для экипировки требуется Браслет", "buy_price": 0, "sell_price": 0, "created": "2024-03-15T11:51:42.105Z", "type": "talisman"}}, {"model": "item.item", "pk": 47, "fields": {"name": "Талисман Выносливости", "description": "Увеличивает Время Охоты персонажа. Для экипировки требуется Браслет", "buy_price": 0, "sell_price": 0, "created": "2024-03-15T11:51:42.109Z", "type": "talisman"}}, {"model": "item.item", "pk": 48, "fields": {"name": "Мешок со Свитком (Обычный)", "description": "В данном мешке лежит неизвестный Свиток", "buy_price": 0, "sell_price": 0, "created": "2024-03-21T11:44:51.236Z", "type": "bag"}}, {"model": "item.item", "pk": 49, "fields": {"name": "Мешок с Талисманом (Обычный)", "description": "В данном мешке лежит случайный Талисман", "buy_price": 0, "sell_price": 0, "created": "2024-03-21T11:46:19.426Z", "type": "bag"}}, {"model": "item.item", "pk": 50, "fields": {"name": "Осколок Талисмана", "description": "С помощью данного Ресурса можно изготовить Талисман", "buy_price": 0, "sell_price": 100, "created": "2024-03-21T11:48:44.514Z", "type": "material"}}, {"model": "item.item", "pk": 51, "fields": {"name": "Оторванная часть Свитка", "description": "С помощью данного Ресурса можно изготовить Свиток", "buy_price": 0, "sell_price": 100, "created": "2024-03-21T11:50:20.347Z", "type": "material"}}, {"model": "item.item", "pk": 52, "fields": {"name": "Мешок с Талисманом (Редкий)", "description": "В данном мешке лежит случайный Талисман", "buy_price": 0, "sell_price": 0, "created": "2024-03-21T12:05:51.748Z", "type": "bag"}}, {"model": "item.item", "pk": 53, "fields": {"name": "Мешок со Свитком (Редкий)", "description": "В данном мешке лежит случайный Свиток", "buy_price": 0, "sell_price": 0, "created": "2024-03-21T12:07:01.727Z", "type": "bag"}}, {"model": "item.item", "pk": 54, "fields": {"name": "Рецепт: Талисман", "description": "С помощью данного рецепта Мастер может изготовить предмет", "buy_price": 0, "sell_price": 100, "created": "2024-03-21T12:24:27.035Z", "type": "recipe"}}, {"model": "item.item", "pk": 55, "fields": {"name": "Рецепт: Свиток", "description": "С помощью данного рецепта Мастер может изготовить предмет", "buy_price": 0, "sell_price": 100, "created": "2024-03-21T12:25:02.164Z", "type": "recipe"}}, {"model": "item.item", "pk": 56, "fields": {"name": "Книга: Мастер Создания Ур. 2", "description": "С помощью книги можно выучить или улучшить способность", "buy_price": 0, "sell_price": 100, "created": "2024-03-21T12:43:35.585Z", "type": "book"}}, {"model": "item.item", "pk": 57, "fields": {"name": "Книга: Улучшенное Чутье Ур. 2", "description": "С помощью книги можно выучить или улучшить способность", "buy_price": 0, "sell_price": 100, "created": "2024-03-21T12:50:16.348Z", "type": "book"}}, {"model": "item.item", "pk": 58, "fields": {"name": "Книга: Улучшенная Атака Ур. 2", "description": "С помощью книги можно выучить или улучшить способность", "buy_price": 0, "sell_price": 100, "created": "2024-03-21T12:50:45.559Z", "type": "book"}}, {"model": "item.item", "pk": 59, "fields": {"name": "Книга: Улучшенная Защита Ур. 2", "description": "С помощью книги можно выучить или улучшить способность", "buy_price": 0, "sell_price": 100, "created": "2024-03-21T12:51:08.483Z", "type": "book"}}, {"model": "item.item", "pk": 60, "fields": {"name": "Мешок с Книгой (Обычный)", "description": "В данном мешке лежит случайная Книга", "buy_price": 0, "sell_price": 0, "created": "2024-03-22T09:22:56.081Z", "type": "bag"}}, {"model": "item.equipment", "pk": 18, "fields": {"equipment_type": "robe"}}, {"model": "item.equipment", "pk": 19, "fields": {"equipment_type": "light_armor"}}, {"model": "item.equipment", "pk": 20, "fields": {"equipment_type": "heavy_armor"}}, {"model": "item.equipment", "pk": 21, "fields": {"equipment_type": "robe"}}, {"model": "item.equipment", "pk": 22, "fields": {"equipment_type": "light_armor"}}, {"model": "item.equipment", "pk": 23, "fields": {"equipment_type": "heavy_armor"}}, {"model": "item.equipment", "pk": 24, "fields": {"equipment_type": "bracelet"}}, {"model": "item.equipment", "pk": 25, "fields": {"equipment_type": "staff"}}, {"model": "item.equipment", "pk": 26, "fields": {"equipment_type": "sword"}}, {"model": "item.equipment", "pk": 27, "fields": {"equipment_type": "dagger"}}, {"model": "item.equipment", "pk": 28, "fields": {"equipment_type": "blunt"}}, {"model": "item.equipment", "pk": 29, "fields": {"equipment_type": "staff"}}, {"model": "item.equipment", "pk": 30, "fields": {"equipment_type": "sword"}}, {"model": "item.equipment", "pk": 31, "fields": {"equipment_type": "dagger"}}, {"model": "item.equipment", "pk": 32, "fields": {"equipment_type": "blunt"}}, {"model": "item.armor", "pk": 18, "fields": {}}, {"model": "item.armor", "pk": 19, "fields": {}}, {"model": "item.armor", "pk": 20, "fields": {}}, {"model": "item.armor", "pk": 21, "fields": {}}, {"model": "item.armor", "pk": 22, "fields": {}}, {"model": "item.armor", "pk": 23, "fields": {}}, {"model": "item.armor", "pk": 24, "fields": {}}, {"model": "item.weapon", "pk": 25, "fields": {}}, {"model": "item.weapon", "pk": 26, "fields": {}}, {"model": "item.weapon", "pk": 27, "fields": {}}, {"model": "item.weapon", "pk": 28, "fields": {}}, {"model": "item.weapon", "pk": 29, "fields": {}}, {"model": "item.weapon", "pk": 30, "fields": {}}, {"model": "item.weapon", "pk": 31, "fields": {}}, {"model": "item.weapon", "pk": 32, "fields": {}}, {"model": "item.talisman", "pk": 43, "fields": {"talisman_type": "defence"}}, {"model": "item.talisman", "pk": 44, "fields": {"talisman_type": "attack"}}, {"model": "item.talisman", "pk": 45, "fields": {"talisman_type": "exp"}}, {"model": "item.talisman", "pk": 46, "fields": {"talisman_type": "drop"}}, {"model": "item.talisman", "pk": 47, "fields": {"talisman_type": "hunting_time"}}, {"model": "item.potion", "pk": 14, "fields": {"effect_time": "12:00:00"}}, {"model": "item.potion", "pk": 15, "fields": {"effect_time": "12:00:00"}}, {"model": "item.potion", "pk": 16, "fields": {"effect_time": "12:00:00"}}, {"model": "item.potion", "pk": 17, "fields": {"effect_time": "12:00:00"}}, {"model": "item.scroll", "pk": 40, "fields": {"enhance_type": "weapon"}}, {"model": "item.scroll", "pk": 41, "fields": {"enhance_type": "talisman"}}, {"model": "item.scroll", "pk": 42, "fields": {"enhance_type": "armor"}}, {"model": "item.material", "pk": 10, "fields": {}}, {"model": "item.material", "pk": 11, "fields": {}}, {"model": "item.material", "pk": 12, "fields": {}}, {"model": "item.material", "pk": 13, "fields": {}}, {"model": "item.material", "pk": 50, "fields": {}}, {"model": "item.material", "pk": 51, "fields": {}}, {"model": "item.book", "pk": 56, "fields": {"character_class": 2, "required_level": 5, "required_skill": 3, "skill": 5}}, {"model": "item.book", "pk": 57, "fields": {"character_class": 3, "required_level": 5, "required_skill": 4, "skill": 6}}, {"model": "item.book", "pk": 58, "fields": {"character_class": 4, "required_level": 5, "required_skill": 2, "skill": 7}}, {"model": "item.book", "pk": 59, "fields": {"character_class": 1, "required_level": 5, "required_skill": 1, "skill": 8}}, {"model": "item.recipe", "pk": 33, "fields": {"level": 1, "chance": 100, "create": 29}}, {"model": "item.recipe", "pk": 34, "fields": {"level": 1, "chance": 100, "create": 32}}, {"model": "item.recipe", "pk": 35, "fields": {"level": 1, "chance": 100, "create": 30}}, {"model": "item.recipe", "pk": 36, "fields": {"level": 1, "chance": 100, "create": 22}}, {"model": "item.recipe", "pk": 37, "fields": {"level": 1, "chance": 100, "create": 31}}, {"model": "item.recipe", "pk": 38, "fields": {"level": 1, "chance": 100, "create": 23}}, {"model": "item.recipe", "pk": 39, "fields": {"level": 1, "chance": 100, "create": 21}}, {"model": "item.recipe", "pk": 54, "fields": {"level": 2, "chance": 100, "create": 52}}, {"model": "item.recipe", "pk": 55, "fields": {"level": 2, "chance": 100, "create": 53}}, {"model": "item.etc", "pk": 1, "fields": {}}, {"model": "item.etc", "pk": 2, "fields": {}}, {"model": "item.etc", "pk": 8, "fields": {}}, {"model": "item.etc", "pk": 9, "fields": {}}, {"model": "item.bag", "pk": 3, "fields": {}}, {"model": "item.bag", "pk": 4, "fields": {}}, {"model": "item.bag", "pk": 5, "fields": {}}, {"model": "item.bag", "pk": 6, "fields": {}}, {"model": "item.bag", "pk": 7, "fields": {}}, {"model": "item.bag", "pk": 48, "fields": {}}, {"model": "item.bag", "pk": 49, "fields": {}}, {"model": "item.bag", "pk": 52, "fields": {}}, {"model": "item.bag", "pk": 53, "fields": {}}, {"model": "item.bag", "pk": 60, "fields": {}}, {"model": "item.bagitem", "pk": 1, "fields": {"item": 10, "bag": 3, "chance": 20}}, {"model": "item.bagitem", "pk": 2, "fields": {"item": 11, "bag": 3, "chance": 20}}, {"model": "item.bagitem", "pk": 3, "fields": {"item": 12, "bag": 3, "chance": 20}}, {"model": "item.bagitem", "pk": 4, "fields": {"item": 13, "bag": 3, "chance": 20}}, {"model": "item.bagitem", "pk": 5, "fields": {"item": 14, "bag": 5, "chance": 25}}, {"model": "item.bagitem", "pk": 6, "fields": {"item": 15, "bag": 5, "chance": 25}}, {"model": "item.bagitem", "pk": 7, "fields": {"item": 16, "bag": 5, "chance": 25}}, {"model": "item.bagitem", "pk": 8, "fields": {"item": 17, "bag": 5, "chance": 25}}, {"model": "item.bagitem", "pk": 9, "fields": {"item": 33, "bag": 6, "chance": 15}}, {"model": "item.bagitem", "pk": 10, "fields": {"item": 34, "bag": 6, "chance": 15}}, {"model": "item.bagitem", "pk": 11, "fields": {"item": 37, "bag": 6, "chance": 15}}, {"model": "item.bagitem", "pk": 12, "fields": {"item": 35, "bag": 6, "chance": 15}}, {"model": "item.bagitem", "pk": 13, "fields": {"item": 38, "bag": 6, "chance": 15}}, {"model": "item.bagitem", "pk": 14, "fields": {"item": 39, "bag": 6, "chance": 15}}, {"model": "item.bagitem", "pk": 15, "fields": {"item": 36, "bag": 6, "chance": 15}}, {"model": "item.bagitem", "pk": 16, "fields": {"item": 18, "bag": 7, "chance": 25}}, {"model": "item.bagitem", "pk": 17, "fields": {"item": 19, "bag": 7, "chance": 25}}, {"model": "item.bagitem", "pk": 18, "fields": {"item": 20, "bag": 7, "chance": 25}}, {"model": "item.bagitem", "pk": 19, "fields": {"item": 21, "bag": 7, "chance": 5}}, {"model": "item.bagitem", "pk": 20, "fields": {"item": 22, "bag": 7, "chance": 5}}, {"model": "item.bagitem", "pk": 21, "fields": {"item": 23, "bag": 7, "chance": 5}}, {"model": "item.bagitem", "pk": 22, "fields": {"item": 25, "bag": 4, "chance": 23}}, {"model": "item.bagitem", "pk": 23, "fields": {"item": 27, "bag": 4, "chance": 23}}, {"model": "item.bagitem", "pk": 24, "fields": {"item": 26, "bag": 4, "chance": 23}}, {"model": "item.bagitem", "pk": 25, "fields": {"item": 28, "bag": 4, "chance": 23}}, {"model": "item.bagitem", "pk": 26, "fields": {"item": 29, "bag": 4, "chance": 2}}, {"model": "item.bagitem", "pk": 27, "fields": {"item": 30, "bag": 4, "chance": 2}}, {"model": "item.bagitem", "pk": 28, "fields": {"item": 31, "bag": 4, "chance": 2}}, {"model": "item.bagitem", "pk": 29, "fields": {"item": 32, "bag": 4, "chance": 2}}, {"model": "item.bagitem", "pk": 30, "fields": {"item": 40, "bag": 48, "chance": 1}}, {"model": "item.bagitem", "pk": 31, "fields": {"item": 42, "bag": 48, "chance": 1}}, {"model": "item.bagitem", "pk": 32, "fields": {"item": 41, "bag": 48, "chance": 1}}, {"model": "item.bagitem", "pk": 33, "fields": {"item": 43, "bag": 49, "chance": 1}}, {"model": "item.bagitem", "pk": 34, "fields": {"item": 45, "bag": 49, "chance": 1}}, {"model": "item.bagitem", "pk": 35, "fields": {"item": 46, "bag": 49, "chance": 1}}, {"model": "item.bagitem", "pk": 36, "fields": {"item": 44, "bag": 49, "chance": 1}}, {"model": "item.bagitem", "pk": 37, "fields": {"item": 47, "bag": 49, "chance": 1}}, {"model": "item.bagitem", "pk": 38, "fields": {"item": 50, "bag": 49, "chance": 40}}, {"model": "item.bagitem", "pk": 39, "fields": {"item": 51, "bag": 48, "chance": 60}}, {"model": "item.bagitem", "pk": 40, "fields": {"item": 43, "bag": 52, "chance": 1}}, {"model": "item.bagitem", "pk": 41, "fields": {"item": 45, "bag": 52, "chance": 1}}, {"model": "item.bagitem", "pk": 42, "fields": {"item": 46, "bag": 52, "chance": 1}}, {"model": "item.bagitem", "pk": 43, "fields": {"item": 47, "bag": 52, "chance": 1}}, {"model": "item.bagitem", "pk": 44, "fields": {"item": 44, "bag": 52, "chance": 1}}, {"model": "item.bagitem", "pk": 45, "fields": {"item": 40, "bag": 53, "chance": 1}}, {"model": "item.bagitem", "pk": 46, "fields": {"item": 41, "bag": 53, "chance": 1}}, {"model": "item.bagitem", "pk": 47, "fields": {"item": 42, "bag": 53, "chance": 1}}, {"model": "item.bagitem", "pk": 48, "fields": {"item": 59, "bag": 60, "chance": 1}}, {"model": "item.bagitem", "pk": 49, "fields": {"item": 58, "bag": 60, "chance": 1}}, {"model": "item.bagitem", "pk": 50, "fields": {"item": 57, "bag": 60, "chance": 1}}, {"model": "item.bagitem", "pk": 51, "fields": {"item": 56, "bag": 60, "chance": 1}}, {"model": "item.effect", "pk": 1, "fields": {"property": "defence", "amount": 12, "in_percent": false, "slug": "potion"}}, {"model": "item.effect", "pk": 2, "fields": {"property": "defence", "amount": 4, "in_percent": false, "slug": "potion"}}, {"model": "item.effect", "pk": 3, "fields": {"property": "defence", "amount": 5, "in_percent": false, "slug": "potion"}}, {"model": "item.effect", "pk": 4, "fields": {"property": "defence", "amount": 6, "in_percent": false, "slug": "potion"}}, {"model": "item.effect", "pk": 5, "fields": {"property": "defence", "amount": 11, "in_percent": false, "slug": "potion"}}, {"model": "item.effect", "pk": 6, "fields": {"property": "defence", "amount": 9, "in_percent": false, "slug": "potion"}}, {"model": "item.effect", "pk": 7, "fields": {"property": "attack", "amount": 10, "in_percent": false, "slug": "potion"}}, {"model": "item.effect", "pk": 8, "fields": {"property": "attack", "amount": 11, "in_percent": false, "slug": "potion"}}, {"model": "item.effect", "pk": 9, "fields": {"property": "attack", "amount": 12, "in_percent": false, "slug": "potion"}}, {"model": "item.effect", "pk": 10, "fields": {"property": "attack", "amount": 5, "in_percent": false, "slug": "potion"}}, {"model": "item.effect", "pk": 11, "fields": {"property": "attack", "amount": 6, "in_percent": false, "slug": "potion"}}, {"model": "item.effect", "pk": 12, "fields": {"property": "attack", "amount": 4, "in_percent": false, "slug": "potion"}}, {"model": "item.effect", "pk": 13, "fields": {"property": "defence", "amount": 10, "in_percent": true, "slug": "potion"}}, {"model": "item.effect", "pk": 14, "fields": {"property": "attack", "amount": 10, "in_percent": true, "slug": "potion"}}, {"model": "item.effect", "pk": 15, "fields": {"property": "drop", "amount": 10, "in_percent": true, "slug": "potion"}}, {"model": "item.effect", "pk": 16, "fields": {"property": "exp", "amount": 10, "in_percent": true, "slug": "potion"}}, {"model": "item.effect", "pk": 17, "fields": {"property": "hunting_time", "amount": 10, "in_percent": true, "slug": "potion"}}, {"model": "item.effect", "pk": 18, "fields": {"property": "attack", "amount": -10, "in_percent": true, "slug": "fatigue"}}, {"model": "item.effect", "pk": 19, "fields": {"property": "defence", "amount": -10, "in_percent": true, "slug": "fatigue"}}, {"model": "item.effect", "pk": 20, "fields": {"property": "attack", "amount": 20, "in_percent": true, "slug": "skill"}}, {"model": "item.effect", "pk": 21, "fields": {"property": "defence", "amount": 20, "in_percent": true, "slug": "skill"}}, {"model": "item.effect", "pk": 22, "fields": {"property": "drop", "amount": 20, "in_percent": true, "slug": "skill"}}, {"model": "item.itemeffect", "pk": 1, "fields": {"item": 24, "effect": 1}}, {"model": "item.itemeffect", "pk": 2, "fields": {"item": 18, "effect": 2}}, {"model": "item.itemeffect", "pk": 3, "fields": {"item": 19, "effect": 3}}, {"model": "item.itemeffect", "pk": 4, "fields": {"item": 20, "effect": 4}}, {"model": "item.itemeffect", "pk": 5, "fields": {"item": 23, "effect": 1}}, {"model": "item.itemeffect", "pk": 6, "fields": {"item": 22, "effect": 5}}, {"model": "item.itemeffect", "pk": 7, "fields": {"item": 21, "effect": 6}}, {"model": "item.itemeffect", "pk": 8, "fields": {"item": 30, "effect": 7}}, {"model": "item.itemeffect", "pk": 9, "fields": {"item": 32, "effect": 8}}, {"model": "item.itemeffect", "pk": 10, "fields": {"item": 31, "effect": 9}}, {"model": "item.itemeffect", "pk": 11, "fields": {"item": 29, "effect": 9}}, {"model": "item.itemeffect", "pk": 12, "fields": {"item": 28, "effect": 10}}, {"model": "item.itemeffect", "pk": 13, "fields": {"item": 27, "effect": 11}}, {"model": "item.itemeffect", "pk": 14, "fields": {"item": 26, "effect": 12}}, {"model": "item.itemeffect", "pk": 15, "fields": {"item": 25, "effect": 11}}, {"model": "item.itemeffect", "pk": 16, "fields": {"item": 15, "effect": 14}}, {"model": "item.itemeffect", "pk": 17, "fields": {"item": 16, "effect": 13}}, {"model": "item.itemeffect", "pk": 18, "fields": {"item": 17, "effect": 16}}, {"model": "item.itemeffect", "pk": 19, "fields": {"item": 14, "effect": 17}}, {"model": "item.itemeffect", "pk": 20, "fields": {"item": 44, "effect": 14}}, {"model": "item.craftingitem", "pk": 1, "fields": {"material": 10, "recipe": 33, "amount": 20}}, {"model": "item.craftingitem", "pk": 2, "fields": {"material": 12, "recipe": 33, "amount": 80}}, {"model": "item.craftingitem", "pk": 3, "fields": {"material": 12, "recipe": 34, "amount": 60}}, {"model": "item.craftingitem", "pk": 4, "fields": {"material": 10, "recipe": 34, "amount": 20}}, {"model": "item.craftingitem", "pk": 5, "fields": {"material": 12, "recipe": 37, "amount": 20}}, {"model": "item.craftingitem", "pk": 6, "fields": {"material": 10, "recipe": 37, "amount": 60}}, {"model": "item.craftingitem", "pk": 7, "fields": {"material": 12, "recipe": 35, "amount": 60}}, {"model": "item.craftingitem", "pk": 8, "fields": {"material": 10, "recipe": 35, "amount": 20}}, {"model": "item.craftingitem", "pk": 9, "fields": {"material": 10, "recipe": 38, "amount": 60}}, {"model": "item.craftingitem", "pk": 10, "fields": {"material": 11, "recipe": 38, "amount": 20}}, {"model": "item.craftingitem", "pk": 11, "fields": {"material": 11, "recipe": 36, "amount": 60}}, {"model": "item.craftingitem", "pk": 12, "fields": {"material": 13, "recipe": 36, "amount": 20}}, {"model": "item.craftingitem", "pk": 13, "fields": {"material": 13, "recipe": 39, "amount": 60}}, {"model": "item.craftingitem", "pk": 14, "fields": {"material": 11, "recipe": 39, "amount": 20}}, {"model": "item.craftingitem", "pk": 15, "fields": {"material": 50, "recipe": 54, "amount": 100}}, {"model": "item.craftingitem", "pk": 16, "fields": {"material": 51, "recipe": 55, "amount": 100}}, {"model": "character.basecharactermodel", "pk": 1, "fields": {"name": "Рыцарь", "created": "2024-03-15T11:51:58.963Z"}}, {"model": "character.basecharactermodel", "pk": 2, "fields": {"name": "Мастер", "created": "2024-03-15T11:51:59.004Z"}}, {"model": "character.basecharactermodel", "pk": 3, "fields": {"name": "Охотник", "created": "2024-03-15T11:51:59.008Z"}}, {"model": "character.basecharactermodel", "pk": 4, "fields": {"name": "Маг", "created": "2024-03-15T11:51:59.011Z"}}, {"model": "character.basecharactermodel", "pk": 5, "fields": {"name": "waca", "created": "2024-03-15T11:52:02.297Z"}}, {"model": "character.basecharactermodel", "pk": 6, "fields": {"name": "Баклажан", "created": "2024-03-20T11:49:14.071Z"}}, {"model": "character.basecharactermodel", "pk": 8, "fields": {"name": "Чак", "created": "2024-03-20T14:52:57.592Z"}}, {"model": "character.basecharactermodel", "pk": 9, "fields": {"name": "Орех", "created": "2024-03-21T12:30:20.173Z"}}, {"model": "character.basecharactermodel", "pk": 10, "fields": {"name": "Erlon", "created": "2024-03-23T15:09:25.404Z"}}, {"model": "character.basecharactermodel", "pk": 11, "fields": {"name": "Ильяз", "created": "2024-03-23T15:10:54.488Z"}}, {"model": "character.skill", "pk": 1, "fields": {"name": "Улучшенная Защита", "description": "Увеличивает защиту персонажа", "level": 1}}, {"model": "character.skill", "pk": 2, "fields": {"name": "Улучшенная Атака", "description": "Увеличивает атаку персонажа", "level": 1}}, {"model": "character.skill", "pk": 3, "fields": {"name": "Мастер Создания", "description": "Умеет создавать предметы из ресурсов", "level": 1}}, {"model": "character.skill", "pk": 4, "fields": {"name": "Улучшенное Чутье", "description": "Благодаря повышенному чутью Охотник добывает больше предметов за охоту", "level": 1}}, {"model": "character.skill", "pk": 5, "fields": {"name": "Мастер Создания", "description": "Умеет создавать предметы из ресурсов", "level": 2}}, {"model": "character.skill", "pk": 6, "fields": {"name": "Улучшенное Чутье", "description": "Благодаря повышенному чутью Охотник добывает больше предметов за охоту", "level": 2}}, {"model": "character.skill", "pk": 7, "fields": {"name": "Улучшенная Атака", "description": "Увеличивает атаку персонажа", "level": 2}}, {"model": "character.skill", "pk": 8, "fields": {"name": "Улучшенная Защита", "description": "Увеличивает защиту персонажа", "level": 2}}, {"model": "character.skilleffect", "pk": 1, "fields": {"skill": 1, "effect": 13}}, {"model": "character.skilleffect", "pk": 2, "fields": {"skill": 2, "effect": 14}}, {"model": "character.skilleffect", "pk": 3, "fields": {"skill": 4, "effect": 15}}, {"model": "character.skilleffect", "pk": 4, "fields": {"skill": 6, "effect": 22}}, {"model": "character.skilleffect", "pk": 5, "fields": {"skill": 7, "effect": 20}}, {"model": "character.skilleffect", "pk": 6, "fields": {"skill": 8, "effect": 21}}, {"model": "character.characterclass", "pk": 1, "fields": {"emoji": "🗡", "description": "Рыцарь обладает хорошей защитой, но небольшой атакой. Носит тяжелую броню и меч", "attack": 9, "defence": 10}}, {"model": "character.characterclass", "pk": 2, "fields": {"emoji": "🔨", "description": "Мастер умеет создавать полезные вещи из материалов, обладает нормальной защитой. Носит тяжелую броню и дубинки", "attack": 9, "defence": 10}}, {"model": "character.characterclass", "pk": 3, "fields": {"emoji": "🏹", "description": "Охотник добывает больше предметов во время охоты. Носит легкую броню и кинжал", "attack": 10, "defence": 9}}, {"model": "character.characterclass", "pk": 4, "fields": {"emoji": "🪄", "description": "Маг обладает высокой атакой, но небольшой защитой. Носит ткань и посох", "attack": 10, "defence": 9}}, {"model": "character.classequipment", "pk": 1, "fields": {"type": "light_armor", "character_class": 3}}, {"model": "character.classequipment", "pk": 2, "fields": {"type": "dagger", "character_class": 3}}, {"model": "character.classequipment", "pk": 3, "fields": {"type": "blunt", "character_class": 2}}, {"model": "character.classequipment", "pk": 4, "fields": {"type": "sword", "character_class": 1}}, {"model": "character.classequipment", "pk": 5, "fields": {"type": "robe", "character_class": 4}}, {"model": "character.classequipment", "pk": 6, "fields": {"type": "staff", "character_class": 4}}, {"model": "character.classequipment", "pk": 7, "fields": {"type": "heavy_armor", "character_class": 2}}, {"model": "character.classequipment", "pk": 8, "fields": {"type": "heavy_armor", "character_class": 1}}, {"model": "character.classequipment", "pk": 9, "fields": {"type": "bracelet", "character_class": 1}}, {"model": "character.classequipment", "pk": 10, "fields": {"type": "bracelet", "character_class": 2}}, {"model": "character.classequipment", "pk": 11, "fields": {"type": "bracelet", "character_class": 3}}, {"model": "character.classequipment", "pk": 12, "fields": {"type": "bracelet", "character_class": 4}}, {"model": "character.characterclassskill", "pk": 1, "fields": {"skill": 4, "character_class": 3}}, {"model": "character.characterclassskill", "pk": 2, "fields": {"skill": 3, "character_class": 2}}, {"model": "character.characterclassskill", "pk": 3, "fields": {"skill": 1, "character_class": 1}}, {"model": "character.characterclassskill", "pk": 4, "fields": {"skill": 2, "character_class": 4}}, {"model": "character.character", "pk": 5, "fields": {"character_class": 4, "level": 1, "exp": 0, "clan": null, "exp_for_level_up": 750, "attack": 10, "defence": 10, "exp_modifier": 1, "drop_modifier": 1, "premium_expired": "2024-03-22T11:52:02Z", "current_location": null, "hunting_begin": "2024-03-20T11:48:34Z", "hunting_end": "2024-03-20T13:50:29Z", "max_hunting_time": "04:00:00", "job_id": "e89e1151ebb548c7ae2e25816781ff0a"}}, {"model": "character.character", "pk": 6, "fields": {"character_class": 3, "level": 1, "exp": 73, "clan": null, "exp_for_level_up": 500, "attack": 10, "defence": 9, "exp_modifier": 1, "drop_modifier": 1, "premium_expired": "2024-03-20T11:49:14Z", "current_location": 3, "hunting_begin": null, "hunting_end": "2024-03-24T22:39:28.741Z", "max_hunting_time": "04:00:00", "job_id": null}}, {"model": "character.character", "pk": 8, "fields": {"character_class": 4, "level": 5, "exp": 37, "clan": null, "exp_for_level_up": 2530, "attack": 22, "defence": 21, "exp_modifier": 1, "drop_modifier": 1, "premium_expired": "2024-04-22T16:17:48.257Z", "current_location": 2, "hunting_begin": "2024-03-25T07:36:19.021Z", "hunting_end": "2024-03-25T12:00:19.034Z", "max_hunting_time": "04:00:00", "job_id": "93cb3669ace44de8a8fbbd34880954ab"}}, {"model": "character.character", "pk": 9, "fields": {"character_class": 2, "level": 5, "exp": 1667, "clan": 4, "exp_for_level_up": 3795, "attack": 21, "defence": 22, "exp_modifier": 1, "drop_modifier": 1, "premium_expired": "2024-04-21T09:40:39Z", "current_location": 4, "hunting_begin": "2024-03-25T09:39:10.499Z", "hunting_end": "2024-03-25T12:11:10.512Z", "max_hunting_time": "04:00:00", "job_id": null}}, {"model": "character.character", "pk": 10, "fields": {"character_class": 3, "level": 5, "exp": 1684, "clan": null, "exp_for_level_up": 2530, "attack": 22, "defence": 21, "exp_modifier": 1, "drop_modifier": 1, "premium_expired": "2024-04-22T16:17:12.786Z", "current_location": 2, "hunting_begin": "2024-03-25T10:11:59.564Z", "hunting_end": "2024-03-25T14:11:59.573Z", "max_hunting_time": "04:00:00", "job_id": "52bb3ab38e9843beb24320f52444a165"}}, {"model": "character.character", "pk": 11, "fields": {"character_class": 4, "level": 6, "exp": 2280, "clan": null, "exp_for_level_up": 3795, "attack": 25, "defence": 24, "exp_modifier": 1, "drop_modifier": 1, "premium_expired": "2024-04-22T16:17:13.048Z", "current_location": 2, "hunting_begin": "2024-03-25T10:45:00.593Z", "hunting_end": "2024-03-25T15:09:00.608Z", "max_hunting_time": "04:00:00", "job_id": "d5538aceef2846caa248db5454b36a88"}}, {"model": "character.characterskill", "pk": 1, "fields": {"skill": 2, "character": 5}}, {"model": "character.characterskill", "pk": 2, "fields": {"skill": 4, "character": 6}}, {"model": "character.characterskill", "pk": 4, "fields": {"skill": 2, "character": 8}}, {"model": "character.characterskill", "pk": 8, "fields": {"skill": 3, "character": 9}}, {"model": "character.characterskill", "pk": 9, "fields": {"skill": 4, "character": 10}}, {"model": "character.characterskill", "pk": 10, "fields": {"skill": 2, "character": 11}}, {"model": "character.characteritem", "pk": 1, "fields": {"character": 5, "item": 29, "amount": 1, "equipped": false, "enhancement_level": 0}}, {"model": "character.characteritem", "pk": 2, "fields": {"character": 5, "item": 21, "amount": 1, "equipped": false, "enhancement_level": 2}}, {"model": "character.characteritem", "pk": 3, "fields": {"character": 5, "item": 15, "amount": 6, "equipped": false, "enhancement_level": 0}}, {"model": "character.characteritem", "pk": 4, "fields": {"character": 5, "item": 1, "amount": 142, "equipped": false, "enhancement_level": 0}}, {"model": "character.characteritem", "pk": 5, "fields": {"character": 5, "item": 3, "amount": 35, "equipped": false, "enhancement_level": 0}}, {"model": "character.characteritem", "pk": 6, "fields": {"character": 5, "item": 44, "amount": 1, "equipped": false, "enhancement_level": 4}}, {"model": "character.characteritem", "pk": 7, "fields": {"character": 6, "item": 1, "amount": 29, "equipped": false, "enhancement_level": 0}}, {"model": "character.characteritem", "pk": 8, "fields": {"character": 6, "item": 3, "amount": 11, "equipped": false, "enhancement_level": 0}}, {"model": "character.characteritem", "pk": 9, "fields": {"character": 8, "item": 1, "amount": 836, "equipped": false, "enhancement_level": 0}}, {"model": "character.characteritem", "pk": 27, "fields": {"character": 9, "item": 2, "amount": 681, "equipped": false, "enhancement_level": 0}}, {"model": "character.characteritem", "pk": 28, "fields": {"character": 9, "item": 32, "amount": 1, "equipped": true, "enhancement_level": 0}}, {"model": "character.characteritem", "pk": 29, "fields": {"character": 9, "item": 1, "amount": 2550, "equipped": false, "enhancement_level": 0}}, {"model": "character.characteritem", "pk": 31, "fields": {"character": 9, "item": 10, "amount": 9, "equipped": false, "enhancement_level": 0}}, {"model": "character.characteritem", "pk": 32, "fields": {"character": 9, "item": 11, "amount": 9, "equipped": false, "enhancement_level": 0}}, {"model": "character.characteritem", "pk": 33, "fields": {"character": 9, "item": 12, "amount": 8, "equipped": false, "enhancement_level": 0}}, {"model": "character.characteritem", "pk": 34, "fields": {"character": 9, "item": 13, "amount": 12, "equipped": false, "enhancement_level": 0}}, {"model": "character.characteritem", "pk": 36, "fields": {"character": 11, "item": 1, "amount": 2111, "equipped": false, "enhancement_level": 0}}, {"model": "character.characteritem", "pk": 37, "fields": {"character": 10, "item": 1, "amount": 2313, "equipped": false, "enhancement_level": 0}}, {"model": "character.characteritem", "pk": 42, "fields": {"character": 10, "item": 3, "amount": 166, "equipped": false, "enhancement_level": 0}}, {"model": "character.characteritem", "pk": 43, "fields": {"character": 11, "item": 2, "amount": 561, "equipped": false, "enhancement_level": 0}}, {"model": "character.characteritem", "pk": 44, "fields": {"character": 8, "item": 2, "amount": 110561, "equipped": false, "enhancement_level": 0}}, {"model": "character.characteritem", "pk": 45, "fields": {"character": 10, "item": 2, "amount": 561, "equipped": false, "enhancement_level": 0}}, {"model": "character.characteritem", "pk": 52, "fields": {"character": 10, "item": 27, "amount": 1, "equipped": false, "enhancement_level": 0}}, {"model": "character.characteritem", "pk": 53, "fields": {"character": 10, "item": 19, "amount": 1, "equipped": false, "enhancement_level": 0}}, {"model": "character.characteritem", "pk": 55, "fields": {"character": 9, "item": 16, "amount": 8, "equipped": false, "enhancement_level": 0}}, {"model": "character.characteritem", "pk": 56, "fields": {"character": 9, "item": 17, "amount": 5, "equipped": false, "enhancement_level": 0}}, {"model": "character.characteritem", "pk": 57, "fields": {"character": 9, "item": 14, "amount": 5, "equipped": false, "enhancement_level": 0}}, {"model": "character.characteritem", "pk": 59, "fields": {"character": 8, "item": 25, "amount": 1, "equipped": true, "enhancement_level": 0}}, {"model": "character.characteritem", "pk": 60, "fields": {"character": 8, "item": 18, "amount": 1, "equipped": true, "enhancement_level": 0}}, {"model": "character.characteritem", "pk": 64, "fields": {"character": 8, "item": 3, "amount": 3, "equipped": false, "enhancement_level": 0}}, {"model": "character.characteritem", "pk": 66, "fields": {"character": 8, "item": 14, "amount": 7, "equipped": false, "enhancement_level": 0}}, {"model": "character.characteritem", "pk": 67, "fields": {"character": 8, "item": 17, "amount": 10, "equipped": false, "enhancement_level": 0}}, {"model": "character.characteritem", "pk": 68, "fields": {"character": 8, "item": 15, "amount": 2, "equipped": false, "enhancement_level": 0}}, {"model": "character.characteritem", "pk": 69, "fields": {"character": 8, "item": 16, "amount": 1, "equipped": false, "enhancement_level": 0}}, {"model": "character.characteritem", "pk": 72, "fields": {"character": 11, "item": 15, "amount": 6, "equipped": false, "enhancement_level": 0}}, {"model": "character.characteritem", "pk": 73, "fields": {"character": 11, "item": 17, "amount": 5, "equipped": false, "enhancement_level": 0}}, {"model": "character.characteritem", "pk": 74, "fields": {"character": 11, "item": 14, "amount": 5, "equipped": false, "enhancement_level": 0}}, {"model": "character.characteritem", "pk": 77, "fields": {"character": 10, "item": 6, "amount": 2, "equipped": false, "enhancement_level": 0}}, {"model": "character.characteritem", "pk": 78, "fields": {"character": 10, "item": 4, "amount": 3, "equipped": false, "enhancement_level": 0}}, {"model": "character.characteritem", "pk": 81, "fields": {"character": 10, "item": 16, "amount": 12, "equipped": false, "enhancement_level": 0}}, {"model": "character.characteritem", "pk": 82, "fields": {"character": 10, "item": 17, "amount": 8, "equipped": false, "enhancement_level": 0}}, {"model": "character.characteritem", "pk": 83, "fields": {"character": 10, "item": 14, "amount": 12, "equipped": false, "enhancement_level": 0}}, {"model": "character.characteritem", "pk": 84, "fields": {"character": 10, "item": 15, "amount": 3, "equipped": false, "enhancement_level": 0}}, {"model": "character.characteritem", "pk": 99, "fields": {"character": 10, "item": 7, "amount": 2, "equipped": false, "enhancement_level": 0}}, {"model": "character.characteritem", "pk": 100, "fields": {"character": 8, "item": 7, "amount": 2, "equipped": false, "enhancement_level": 0}}, {"model": "character.characteritem", "pk": 104, "fields": {"character": 11, "item": 29, "amount": 1, "equipped": true, "enhancement_level": 0}}, {"model": "character.characteritem", "pk": 108, "fields": {"character": 9, "item": 23, "amount": 1, "equipped": true, "enhancement_level": 0}}, {"model": "character.characteritem", "pk": 109, "fields": {"character": 9, "item": 15, "amount": 1, "equipped": false, "enhancement_level": 0}}, {"model": "character.characteritem", "pk": 110, "fields": {"character": 11, "item": 21, "amount": 1, "equipped": true, "enhancement_level": 0}}, {"model": "character.charactereffect", "pk": 87, "fields": {"character": 11, "effect": 14, "expired": "2024-03-27T16:18:48.582Z"}}, {"model": "character.charactereffect", "pk": 89, "fields": {"character": 11, "effect": 17, "expired": "2024-03-27T04:20:35.825Z"}}, {"model": "character.charactereffect", "pk": 90, "fields": {"character": 8, "effect": 14, "expired": "2024-03-26T16:20:48.148Z"}}, {"model": "character.charactereffect", "pk": 91, "fields": {"character": 8, "effect": 13, "expired": "2024-03-27T04:20:53.782Z"}}, {"model": "character.charactereffect", "pk": 92, "fields": {"character": 11, "effect": 16, "expired": "2024-03-26T04:20:54.697Z"}}, {"model": "character.charactereffect", "pk": 93, "fields": {"character": 8, "effect": 16, "expired": "2024-03-25T04:20:59.960Z"}}, {"model": "character.charactereffect", "pk": 94, "fields": {"character": 8, "effect": 17, "expired": "2024-03-25T16:21:04.927Z"}}, {"model": "character.charactereffect", "pk": 95, "fields": {"character": 11, "effect": 13, "expired": "2024-03-25T16:33:23.140Z"}}, {"model": "character.charactereffect", "pk": 101, "fields": {"character": 9, "effect": 13, "expired": "2024-03-26T08:36:15.166Z"}}, {"model": "character.charactereffect", "pk": 102, "fields": {"character": 9, "effect": 16, "expired": "2024-03-25T20:36:19.570Z"}}, {"model": "character.charactereffect", "pk": 108, "fields": {"character": 10, "effect": 19, "expired": "2024-03-25T10:39:28.742Z"}}, {"model": "character.charactereffect", "pk": 109, "fields": {"character": 10, "effect": 18, "expired": "2024-03-25T10:39:28.748Z"}}, {"model": "character.charactereffect", "pk": 114, "fields": {"character": 10, "effect": 19, "expired": "2024-03-25T10:41:34.581Z"}}, {"model": "character.charactereffect", "pk": 115, "fields": {"character": 10, "effect": 18, "expired": "2024-03-25T10:41:34.714Z"}}, {"model": "character.charactereffect", "pk": 116, "fields": {"character": 9, "effect": 17, "expired": "2024-03-25T19:46:04.862Z"}}, {"model": "character.charactereffect", "pk": 117, "fields": {"character": 9, "effect": 14, "expired": "2024-03-25T19:46:26.142Z"}}, {"model": "character.marketplaceitem", "pk": 7, "fields": {"seller": 8, "item": 12, "amount": 2, "enhancement_level": 0, "sell_currency": 2, "price": 4}}, {"model": "character.marketplaceitem", "pk": 8, "fields": {"seller": 9, "item": 22, "amount": 1, "enhancement_level": 0, "sell_currency": 1, "price": 2500}}, {"model": "location.baselocationmodel", "pk": 1, "fields": {"name": "Лагерь гоблинов", "created": "2024-03-15T11:51:52.581Z"}}, {"model": "location.baselocationmodel", "pk": 2, "fields": {"name": "Эльфийский лес", "created": "2024-03-15T11:51:52.587Z"}}, {"model": "location.baselocationmodel", "pk": 3, "fields": {"name": "Заброшенная Шахта", "created": "2024-03-15T11:51:52.592Z"}}, {"model": "location.baselocationmodel", "pk": 4, "fields": {"name": "Лагерь Орков", "created": "2024-03-21T12:29:17.472Z"}}, {"model": "location.baselocationmodel", "pk": 5, "fields": {"name": "Мертвая Деревня", "created": "2024-03-22T09:32:46.340Z"}}, {"model": "location.location", "pk": 1, "fields": {"attack": 10, "defence": 10, "exp": 1, "place": 10}}, {"model": "location.location", "pk": 2, "fields": {"attack": 17, "defence": 17, "exp": 2, "place": 10}}, {"model": "location.location", "pk": 3, "fields": {"attack": 9, "defence": 9, "exp": 1, "place": 10}}, {"model": "location.location", "pk": 4, "fields": {"attack": 38, "defence": 38, "exp": 3, "place": 10}}, {"model": "location.location", "pk": 5, "fields": {"attack": 50, "defence": 50, "exp": 4, "place": 10}}, {"model": "location.locationdrop", "pk": 1, "fields": {"location": 1, "item": 1, "min_amount": 1, "max_amount": 1, "chance": 30.0}}, {"model": "location.locationdrop", "pk": 2, "fields": {"location": 1, "item": 5, "min_amount": 1, "max_amount": 1, "chance": 0.2}}, {"model": "location.locationdrop", "pk": 3, "fields": {"location": 2, "item": 4, "min_amount": 1, "max_amount": 1, "chance": 0.1}}, {"model": "location.locationdrop", "pk": 4, "fields": {"location": 2, "item": 7, "min_amount": 1, "max_amount": 1, "chance": 0.1}}, {"model": "location.locationdrop", "pk": 5, "fields": {"location": 1, "item": 6, "min_amount": 1, "max_amount": 1, "chance": 0.1}}, {"model": "location.locationdrop", "pk": 6, "fields": {"location": 2, "item": 1, "min_amount": 1, "max_amount": 2, "chance": 40.0}}, {"model": "location.locationdrop", "pk": 7, "fields": {"location": 3, "item": 1, "min_amount": 1, "max_amount": 1, "chance": 20.0}}, {"model": "location.locationdrop", "pk": 8, "fields": {"location": 3, "item": 3, "min_amount": 1, "max_amount": 1, "chance": 5.0}}, {"model": "location.locationdrop", "pk": 9, "fields": {"location": 4, "item": 1, "min_amount": 2, "max_amount": 3, "chance": 50.0}}, {"model": "location.locationdrop", "pk": 10, "fields": {"location": 4, "item": 60, "min_amount": 1, "max_amount": 1, "chance": 0.05}}, {"model": "location.locationdrop", "pk": 11, "fields": {"location": 5, "item": 1, "min_amount": 3, "max_amount": 4, "chance": 50.0}}, {"model": "location.locationdrop", "pk": 12, "fields": {"location": 5, "item": 49, "min_amount": 1, "max_amount": 1, "chance": 0.1}}, {"model": "location.locationdrop", "pk": 13, "fields": {"location": 5, "item": 48, "min_amount": 1, "max_amount": 1, "chance": 0.1}}, {"model": "clan.clan", "pk": 4, "fields": {"name": "Барбарики", "emoji": null, "description": "Нет описания", "leader": 9, "level": 1, "reputation": 0, "place": 10, "by_request": true}}]
