[
{
 "model": "admin.logentry",
 "pk": 1,
 "fields": {
  "action_time": "2024-03-25T12:05:45.807Z",
  "user": 1,
  "content_type": 24,
  "object_id": "1",
  "object_repr": "waca | Level: 1 | Attack : 10 | Defence: 10",
  "action_flag": 3,
  "change_message": ""
 }
},
{
 "model": "admin.logentry",
 "pk": 2,
 "fields": {
  "action_time": "2024-03-25T12:31:47.714Z",
  "user": 1,
  "content_type": 24,
  "object_id": "5",
  "object_repr": "Орех | Level: 5 | Attack : 21 | Defence: 22",
  "action_flag": 2,
  "change_message": "[{\"added\": {\"name\": \"\\u042d\\u0444\\u0444\\u0435\\u043a\\u0442 \\u043f\\u0435\\u0440\\u0441\\u043e\\u043d\\u0430\\u0436\\u0430\", \"object\": \"Character: \\u041e\\u0440\\u0435\\u0445 | Level: 5 | Attack : 21 | Defence: 22 | Effect: \\ufe0f\\u2694\\ufe0f\\u0410\\u0442\\u0430\\u043a\\u0430: -10%\"}}]"
 }
},
{
 "model": "admin.logentry",
 "pk": 3,
 "fields": {
  "action_time": "2024-03-25T12:33:26.774Z",
  "user": 1,
  "content_type": 24,
  "object_id": "5",
  "object_repr": "Орех | Level: 5 | Attack : 21 | Defence: 22",
  "action_flag": 2,
  "change_message": "[{\"added\": {\"name\": \"\\u0423\\u043c\\u0435\\u043d\\u0438\\u0435 \\u043f\\u0435\\u0440\\u0441\\u043e\\u043d\\u0430\\u0436\\u0430\", \"object\": \"\\u0423\\u043b\\u0443\\u0447\\u0448\\u0435\\u043d\\u043d\\u043e\\u0435 \\u0427\\u0443\\u0442\\u044c\\u0435 \\u0423\\u0440. 2 \\u041e\\u0440\\u0435\\u0445 | Level: 5 | Attack : 21 | Defence: 22\"}}]"
 }
},
{
 "model": "admin.logentry",
 "pk": 4,
 "fields": {
  "action_time": "2024-03-25T13:10:08.557Z",
  "user": 1,
  "content_type": 24,
  "object_id": "5",
  "object_repr": "Орех | Level: 5 | Attack : 21 | Defence: 22",
  "action_flag": 2,
  "change_message": "[{\"changed\": {\"fields\": [\"\\u041e\\u043f\\u044b\\u0442 \\u0434\\u043b\\u044f \\u0434\\u043e\\u0441\\u0442\\u0438\\u0436\\u0435\\u043d\\u0438\\u044f \\u0443\\u0440\\u043e\\u0432\\u043d\\u044f\"]}}]"
 }
},
{
 "model": "admin.logentry",
 "pk": 5,
 "fields": {
  "action_time": "2024-03-25T13:41:12.222Z",
  "user": 1,
  "content_type": 38,
  "object_id": "1",
  "object_repr": "Барбарики Ур. 1",
  "action_flag": 2,
  "change_message": "[{\"changed\": {\"fields\": [\"\\u041b\\u0438\\u0434\\u0435\\u0440\"]}}]"
 }
},
{
 "model": "admin.logentry",
 "pk": 6,
 "fields": {
  "action_time": "2024-03-25T13:41:45.146Z",
  "user": 1,
  "content_type": 24,
  "object_id": "2",
  "object_repr": "Ильяз | Level: 6 | Attack : 25 | Defence: 24",
  "action_flag": 2,
  "change_message": "[{\"changed\": {\"fields\": [\"\\u041a\\u043b\\u0430\\u043d\"]}}]"
 }
},
{
 "model": "admin.logentry",
 "pk": 7,
 "fields": {
  "action_time": "2024-03-25T13:42:22.718Z",
  "user": 1,
  "content_type": 24,
  "object_id": "5",
  "object_repr": "Орех | Level: 5 | Attack : 21 | Defence: 22",
  "action_flag": 2,
  "change_message": "[{\"changed\": {\"fields\": [\"\\u041a\\u043b\\u0430\\u043d\"]}}]"
 }
},
{
 "model": "admin.logentry",
 "pk": 8,
 "fields": {
  "action_time": "2024-03-26T05:09:32.843Z",
  "user": 1,
  "content_type": 24,
  "object_id": "5",
  "object_repr": "Орех | Level: 5 | Attack : 21 | Defence: 26",
  "action_flag": 2,
  "change_message": "[{\"changed\": {\"fields\": [\"\\u0417\\u0430\\u0449\\u0438\\u0442\\u0430\"]}}]"
 }
},
{
 "model": "admin.logentry",
 "pk": 9,
 "fields": {
  "action_time": "2024-03-26T09:31:58.697Z",
  "user": 1,
  "content_type": 24,
  "object_id": "3",
  "object_repr": "Чак | Level: 5 | Attack : 22 | Defence: 21",
  "action_flag": 2,
  "change_message": "[{\"changed\": {\"fields\": [\"\\u041a\\u043b\\u0430\\u043d\"]}}]"
 }
},
{
 "model": "admin.logentry",
 "pk": 10,
 "fields": {
  "action_time": "2024-03-26T10:04:32.036Z",
  "user": 1,
  "content_type": 38,
  "object_id": "1",
  "object_repr": "Барбарики Ур. 1",
  "action_flag": 2,
  "change_message": "[{\"deleted\": {\"name\": \"\\u0417\\u0430\\u044f\\u0432\\u043a\\u0430\", \"object\": \"\\u041e\\u0440\\u0435\\u0445 | Level: 5 | Attack : 21 | Defence: 26 | \\u0411\\u0430\\u0440\\u0431\\u0430\\u0440\\u0438\\u043a\\u0438 \\u0423\\u0440. 1\"}}]"
 }
},
{
 "model": "admin.logentry",
 "pk": 11,
 "fields": {
  "action_time": "2024-03-26T10:07:41.656Z",
  "user": 1,
  "content_type": 38,
  "object_id": "1",
  "object_repr": "Барбарики Ур. 1",
  "action_flag": 2,
  "change_message": "[{\"changed\": {\"fields\": [\"\\u041b\\u0438\\u0434\\u0435\\u0440\"]}}, {\"changed\": {\"name\": \"\\u0417\\u0430\\u044f\\u0432\\u043a\\u0430\", \"object\": \"\\u0418\\u043b\\u044c\\u044f\\u0437 | Level: 6 | Attack : 25 | Defence: 24 | \\u0411\\u0430\\u0440\\u0431\\u0430\\u0440\\u0438\\u043a\\u0438 \\u0423\\u0440. 1\", \"fields\": [\"\\u041f\\u0435\\u0440\\u0441\\u043e\\u043d\\u0430\\u0436\"]}}]"
 }
},
{
 "model": "admin.logentry",
 "pk": 12,
 "fields": {
  "action_time": "2024-03-26T10:08:21.646Z",
  "user": 1,
  "content_type": 24,
  "object_id": "5",
  "object_repr": "Орех | Level: 5 | Attack : 21 | Defence: 26",
  "action_flag": 2,
  "change_message": "[{\"changed\": {\"fields\": [\"\\u041a\\u043b\\u0430\\u043d\"]}}]"
 }
},
{
 "model": "admin.logentry",
 "pk": 13,
 "fields": {
  "action_time": "2024-03-26T10:08:32.728Z",
  "user": 1,
  "content_type": 24,
  "object_id": "2",
  "object_repr": "Ильяз | Level: 6 | Attack : 25 | Defence: 24",
  "action_flag": 2,
  "change_message": "[{\"changed\": {\"fields\": [\"\\u041a\\u043b\\u0430\\u043d\"]}}]"
 }
},
{
 "model": "admin.logentry",
 "pk": 14,
 "fields": {
  "action_time": "2024-03-26T10:57:19.641Z",
  "user": 1,
  "content_type": 24,
  "object_id": "2",
  "object_repr": "Ильяз | Level: 6 | Attack : 25 | Defence: 24",
  "action_flag": 2,
  "change_message": "[{\"changed\": {\"fields\": [\"\\u041a\\u043b\\u0430\\u043d\"]}}]"
 }
},
{
 "model": "admin.logentry",
 "pk": 15,
 "fields": {
  "action_time": "2024-03-26T10:57:34.568Z",
  "user": 1,
  "content_type": 38,
  "object_id": "1",
  "object_repr": "Барбарики Ур. 1",
  "action_flag": 2,
  "change_message": "[{\"added\": {\"name\": \"\\u0417\\u0430\\u044f\\u0432\\u043a\\u0430\", \"object\": \"\\u0418\\u043b\\u044c\\u044f\\u0437 | Level: 6 | Attack : 25 | Defence: 24 | \\u0411\\u0430\\u0440\\u0431\\u0430\\u0440\\u0438\\u043a\\u0438 \\u0423\\u0440. 1\"}}, {\"added\": {\"name\": \"\\u0417\\u0430\\u044f\\u0432\\u043a\\u0430\", \"object\": \"Erlon | Level: 5 | Attack : 22 | Defence: 21 | \\u0411\\u0430\\u0440\\u0431\\u0430\\u0440\\u0438\\u043a\\u0438 \\u0423\\u0440. 1\"}}]"
 }
},
{
 "model": "admin.logentry",
 "pk": 16,
 "fields": {
  "action_time": "2024-03-26T11:01:15.246Z",
  "user": 1,
  "content_type": 38,
  "object_id": "1",
  "object_repr": "Барбарики Ур. 1",
  "action_flag": 2,
  "change_message": "[{\"changed\": {\"fields\": [\"\\u041b\\u0438\\u0434\\u0435\\u0440\"]}}]"
 }
},
{
 "model": "admin.logentry",
 "pk": 17,
 "fields": {
  "action_time": "2024-03-26T11:01:31.182Z",
  "user": 1,
  "content_type": 24,
  "object_id": "5",
  "object_repr": "Орех | Level: 5 | Attack : 21 | Defence: 26",
  "action_flag": 2,
  "change_message": "[{\"changed\": {\"fields\": [\"\\u041a\\u043b\\u0430\\u043d\"]}}]"
 }
},
{
 "model": "admin.logentry",
 "pk": 18,
 "fields": {
  "action_time": "2024-03-26T11:02:05.711Z",
  "user": 1,
  "content_type": 38,
  "object_id": "1",
  "object_repr": "Барбарики Ур. 1",
  "action_flag": 2,
  "change_message": "[{\"changed\": {\"fields\": [\"\\u0412\\u0445\\u043e\\u0434 \\u043f\\u043e \\u0437\\u0430\\u044f\\u0432\\u043a\\u0430\\u043c\"]}}]"
 }
},
{
 "model": "admin.logentry",
 "pk": 19,
 "fields": {
  "action_time": "2024-03-26T11:15:25.800Z",
  "user": 1,
  "content_type": 38,
  "object_id": "1",
  "object_repr": "Барбарики Ур. 1",
  "action_flag": 2,
  "change_message": "[{\"changed\": {\"fields\": [\"\\u041c\\u0435\\u0441\\u0442 \\u0432 \\u043a\\u043b\\u0430\\u043d\\u0435\"]}}]"
 }
},
{
 "model": "admin.logentry",
 "pk": 20,
 "fields": {
  "action_time": "2024-03-26T11:15:38.884Z",
  "user": 1,
  "content_type": 24,
  "object_id": "5",
  "object_repr": "Орех | Level: 5 | Attack : 21 | Defence: 26",
  "action_flag": 2,
  "change_message": "[{\"changed\": {\"fields\": [\"\\u041a\\u043b\\u0430\\u043d\"]}}]"
 }
},
{
 "model": "admin.logentry",
 "pk": 21,
 "fields": {
  "action_time": "2024-03-26T11:16:12.776Z",
  "user": 1,
  "content_type": 38,
  "object_id": "1",
  "object_repr": "Барбарики Ур. 1",
  "action_flag": 2,
  "change_message": "[{\"changed\": {\"fields\": [\"\\u041c\\u0435\\u0441\\u0442 \\u0432 \\u043a\\u043b\\u0430\\u043d\\u0435\"]}}]"
 }
},
{
 "model": "admin.logentry",
 "pk": 22,
 "fields": {
  "action_time": "2024-03-26T11:16:32.053Z",
  "user": 1,
  "content_type": 38,
  "object_id": "1",
  "object_repr": "Барбарики Ур. 1",
  "action_flag": 2,
  "change_message": "[]"
 }
},
{
 "model": "admin.logentry",
 "pk": 23,
 "fields": {
  "action_time": "2024-03-27T08:34:26.633Z",
  "user": 1,
  "content_type": 38,
  "object_id": "1",
  "object_repr": "Барбарики Ур. 1",
  "action_flag": 2,
  "change_message": "[{\"changed\": {\"fields\": [\"\\u041b\\u0438\\u0434\\u0435\\u0440\"]}}]"
 }
},
{
 "model": "admin.logentry",
 "pk": 24,
 "fields": {
  "action_time": "2024-03-27T09:16:17.250Z",
  "user": 1,
  "content_type": 38,
  "object_id": "1",
  "object_repr": "Барбарики Ур. 1",
  "action_flag": 2,
  "change_message": "[{\"changed\": {\"fields\": [\"\\u0412\\u0445\\u043e\\u0434 \\u043f\\u043e \\u0437\\u0430\\u044f\\u0432\\u043a\\u0430\\u043c\"]}}]"
 }
},
{
 "model": "admin.logentry",
 "pk": 25,
 "fields": {
  "action_time": "2024-03-27T09:16:31.298Z",
  "user": 1,
  "content_type": 38,
  "object_id": "1",
  "object_repr": "Барбарики Ур. 1",
  "action_flag": 2,
  "change_message": "[{\"added\": {\"name\": \"\\u0417\\u0430\\u044f\\u0432\\u043a\\u0430\", \"object\": \"Erlon | Level: 5 | Attack : 22 | Defence: 21 | \\u0411\\u0430\\u0440\\u0431\\u0430\\u0440\\u0438\\u043a\\u0438 \\u0423\\u0440. 1\"}}]"
 }
},
{
 "model": "admin.logentry",
 "pk": 26,
 "fields": {
  "action_time": "2024-03-27T12:22:46.106Z",
  "user": 1,
  "content_type": 24,
  "object_id": "5",
  "object_repr": "Орех | Level: 5 | Attack : 46 | Defence: 46",
  "action_flag": 2,
  "change_message": "[{\"changed\": {\"fields\": [\"\\u0410\\u0442\\u0430\\u043a\\u0430\", \"\\u0417\\u0430\\u0449\\u0438\\u0442\\u0430\"]}}]"
 }
},
{
 "model": "admin.logentry",
 "pk": 27,
 "fields": {
  "action_time": "2024-03-27T12:23:15.747Z",
  "user": 1,
  "content_type": 24,
  "object_id": "5",
  "object_repr": "Орех | Level: 5 | Attack : 46 | Defence: 46",
  "action_flag": 2,
  "change_message": "[{\"changed\": {\"fields\": [\"\\u041d\\u0430\\u0447\\u0430\\u043b\\u043e \\u043e\\u0445\\u043e\\u0442\\u044b\"]}}]"
 }
},
{
 "model": "admin.logentry",
 "pk": 28,
 "fields": {
  "action_time": "2024-03-27T12:24:01.198Z",
  "user": 1,
  "content_type": 24,
  "object_id": "5",
  "object_repr": "Орех | Level: 5 | Attack : 46 | Defence: 46",
  "action_flag": 2,
  "change_message": "[{\"changed\": {\"fields\": [\"\\u0422\\u0435\\u043a\\u0443\\u0449\\u0430\\u044f \\u043b\\u043e\\u043a\\u0430\\u0446\\u0438\\u044f\", \"\\u041d\\u0430\\u0447\\u0430\\u043b\\u043e \\u043e\\u0445\\u043e\\u0442\\u044b\", \"\\u041a\\u043e\\u043d\\u0435\\u0446 \\u043e\\u0445\\u043e\\u0442\\u044b\"]}}]"
 }
},
{
 "model": "admin.logentry",
 "pk": 29,
 "fields": {
  "action_time": "2024-03-27T12:24:51.576Z",
  "user": 1,
  "content_type": 24,
  "object_id": "5",
  "object_repr": "Орех | Level: 5 | Attack : 46 | Defence: 46",
  "action_flag": 2,
  "change_message": "[{\"changed\": {\"fields\": [\"\\u0423\\u0440\\u043e\\u0432\\u0435\\u043d\\u044c\", \"\\u041e\\u043f\\u044b\\u0442\", \"\\u041e\\u043f\\u044b\\u0442 \\u0434\\u043b\\u044f \\u0434\\u043e\\u0441\\u0442\\u0438\\u0436\\u0435\\u043d\\u0438\\u044f \\u0443\\u0440\\u043e\\u0432\\u043d\\u044f\", \"\\u0410\\u0442\\u0430\\u043a\\u0430\", \"\\u0417\\u0430\\u0449\\u0438\\u0442\\u0430\", \"\\u0422\\u0435\\u043a\\u0443\\u0449\\u0430\\u044f \\u043b\\u043e\\u043a\\u0430\\u0446\\u0438\\u044f\", \"\\u041d\\u0430\\u0447\\u0430\\u043b\\u043e \\u043e\\u0445\\u043e\\u0442\\u044b\", \"\\u041a\\u043e\\u043d\\u0435\\u0446 \\u043e\\u0445\\u043e\\u0442\\u044b\"]}}, {\"changed\": {\"name\": \"\\u041f\\u0440\\u0435\\u0434\\u043c\\u0435\\u0442 \\u043f\\u0435\\u0440\\u0441\\u043e\\u043d\\u0430\\u0436\\u0430\", \"object\": \"Character: \\u041e\\u0440\\u0435\\u0445 | Level: 5 | Attack : 46 | Defence: 46 | Item: \\ud83d\\udfe1\\u0417\\u043e\\u043b\\u043e\\u0442\\u043e | Amount: 2709\", \"fields\": [\"\\u041a\\u043e\\u043b\\u0438\\u0447\\u0435\\u0441\\u0442\\u0432\\u043e\"]}}]"
 }
},
{
 "model": "admin.logentry",
 "pk": 30,
 "fields": {
  "action_time": "2024-03-27T12:27:37.175Z",
  "user": 1,
  "content_type": 24,
  "object_id": "5",
  "object_repr": "Орех | Level: 6 | Attack : 49 | Defence: 49",
  "action_flag": 2,
  "change_message": "[{\"changed\": {\"fields\": [\"\\u041d\\u0430\\u0447\\u0430\\u043b\\u043e \\u043e\\u0445\\u043e\\u0442\\u044b\"]}}]"
 }
},
{
 "model": "admin.logentry",
 "pk": 31,
 "fields": {
  "action_time": "2024-03-27T14:30:00.927Z",
  "user": 1,
  "content_type": 24,
  "object_id": "4",
  "object_repr": "Erlon | Level: 5 | Attack : 22 | Defence: 21",
  "action_flag": 2,
  "change_message": "[{\"changed\": {\"fields\": [\"\\u0422\\u0435\\u043a\\u0443\\u0449\\u0430\\u044f \\u043b\\u043e\\u043a\\u0430\\u0446\\u0438\\u044f\"]}}]"
 }
},
{
 "model": "admin.logentry",
 "pk": 32,
 "fields": {
  "action_time": "2024-03-28T05:23:21.992Z",
  "user": 1,
  "content_type": 24,
  "object_id": "5",
  "object_repr": "Орех | Level: 6 | Attack : 49 | Defence: 49",
  "action_flag": 2,
  "change_message": "[{\"changed\": {\"fields\": [\"\\u0422\\u0435\\u043a\\u0443\\u0449\\u0430\\u044f \\u043b\\u043e\\u043a\\u0430\\u0446\\u0438\\u044f\", \"\\u041d\\u0430\\u0447\\u0430\\u043b\\u043e \\u043e\\u0445\\u043e\\u0442\\u044b\", \"\\u041a\\u043e\\u043d\\u0435\\u0446 \\u043e\\u0445\\u043e\\u0442\\u044b\"]}}]"
 }
},
{
 "model": "admin.logentry",
 "pk": 33,
 "fields": {
  "action_time": "2024-03-28T05:23:55.386Z",
  "user": 1,
  "content_type": 24,
  "object_id": "5",
  "object_repr": "Орех | Level: 7 | Attack : 52 | Defence: 52",
  "action_flag": 2,
  "change_message": "[{\"changed\": {\"fields\": [\"\\u0422\\u0435\\u043a\\u0443\\u0449\\u0430\\u044f \\u043b\\u043e\\u043a\\u0430\\u0446\\u0438\\u044f\", \"\\u041d\\u0430\\u0447\\u0430\\u043b\\u043e \\u043e\\u0445\\u043e\\u0442\\u044b\", \"\\u041a\\u043e\\u043d\\u0435\\u0446 \\u043e\\u0445\\u043e\\u0442\\u044b\"]}}]"
 }
},
{
 "model": "admin.logentry",
 "pk": 34,
 "fields": {
  "action_time": "2024-03-28T05:24:05.913Z",
  "user": 1,
  "content_type": 24,
  "object_id": "5",
  "object_repr": "Орех | Level: 7 | Attack : 52 | Defence: 52",
  "action_flag": 2,
  "change_message": "[{\"changed\": {\"fields\": [\"\\u041e\\u043f\\u044b\\u0442\", \"\\u0422\\u0435\\u043a\\u0443\\u0449\\u0430\\u044f \\u043b\\u043e\\u043a\\u0430\\u0446\\u0438\\u044f\", \"\\u041d\\u0430\\u0447\\u0430\\u043b\\u043e \\u043e\\u0445\\u043e\\u0442\\u044b\", \"\\u041a\\u043e\\u043d\\u0435\\u0446 \\u043e\\u0445\\u043e\\u0442\\u044b\"]}}, {\"changed\": {\"name\": \"\\u041f\\u0440\\u0435\\u0434\\u043c\\u0435\\u0442 \\u043f\\u0435\\u0440\\u0441\\u043e\\u043d\\u0430\\u0436\\u0430\", \"object\": \"Character: \\u041e\\u0440\\u0435\\u0445 | Level: 7 | Attack : 52 | Defence: 52 | Item: \\ud83d\\udfe1\\u0417\\u043e\\u043b\\u043e\\u0442\\u043e | Amount: 5244\", \"fields\": [\"\\u041a\\u043e\\u043b\\u0438\\u0447\\u0435\\u0441\\u0442\\u0432\\u043e\"]}}]"
 }
},
{
 "model": "admin.logentry",
 "pk": 35,
 "fields": {
  "action_time": "2024-03-28T05:24:15.206Z",
  "user": 1,
  "content_type": 24,
  "object_id": "5",
  "object_repr": "Орех | Level: 7 | Attack : 52 | Defence: 52",
  "action_flag": 2,
  "change_message": "[{\"changed\": {\"fields\": [\"\\u041e\\u043f\\u044b\\u0442\", \"\\u0422\\u0435\\u043a\\u0443\\u0449\\u0430\\u044f \\u043b\\u043e\\u043a\\u0430\\u0446\\u0438\\u044f\", \"\\u041d\\u0430\\u0447\\u0430\\u043b\\u043e \\u043e\\u0445\\u043e\\u0442\\u044b\", \"\\u041a\\u043e\\u043d\\u0435\\u0446 \\u043e\\u0445\\u043e\\u0442\\u044b\"]}}, {\"changed\": {\"name\": \"\\u041f\\u0440\\u0435\\u0434\\u043c\\u0435\\u0442 \\u043f\\u0435\\u0440\\u0441\\u043e\\u043d\\u0430\\u0436\\u0430\", \"object\": \"Character: \\u041e\\u0440\\u0435\\u0445 | Level: 7 | Attack : 52 | Defence: 52 | Item: \\ud83d\\udfe1\\u0417\\u043e\\u043b\\u043e\\u0442\\u043e | Amount: 5244\", \"fields\": [\"\\u041a\\u043e\\u043b\\u0438\\u0447\\u0435\\u0441\\u0442\\u0432\\u043e\"]}}]"
 }
},
{
 "model": "admin.logentry",
 "pk": 36,
 "fields": {
  "action_time": "2024-03-28T06:37:39.854Z",
  "user": 1,
  "content_type": 24,
  "object_id": "3",
  "object_repr": "Чак | Level: 5 | Attack : 22 | Defence: 21",
  "action_flag": 2,
  "change_message": "[{\"changed\": {\"fields\": [\"\\u0422\\u0435\\u043a\\u0443\\u0449\\u0430\\u044f \\u043b\\u043e\\u043a\\u0430\\u0446\\u0438\\u044f\"]}}]"
 }
},
{
 "model": "admin.logentry",
 "pk": 37,
 "fields": {
  "action_time": "2024-03-28T06:38:14.582Z",
  "user": 1,
  "content_type": 24,
  "object_id": "5",
  "object_repr": "Орех | Level: 7 | Attack : 1 | Defence: 1",
  "action_flag": 2,
  "change_message": "[{\"changed\": {\"fields\": [\"\\u0410\\u0442\\u0430\\u043a\\u0430\", \"\\u0417\\u0430\\u0449\\u0438\\u0442\\u0430\"]}}]"
 }
},
{
 "model": "admin.logentry",
 "pk": 38,
 "fields": {
  "action_time": "2024-03-28T08:08:23.639Z",
  "user": 1,
  "content_type": 38,
  "object_id": "3",
  "object_repr": "получаемый вар Ур. 1",
  "action_flag": 1,
  "change_message": "[{\"added\": {}}]"
 }
},
{
 "model": "admin.logentry",
 "pk": 39,
 "fields": {
  "action_time": "2024-03-28T08:08:36.905Z",
  "user": 1,
  "content_type": 38,
  "object_id": "4",
  "object_repr": "отправленный вар Ур. 1",
  "action_flag": 1,
  "change_message": "[{\"added\": {}}]"
 }
},
{
 "model": "admin.logentry",
 "pk": 40,
 "fields": {
  "action_time": "2024-03-28T08:08:54.107Z",
  "user": 1,
  "content_type": 24,
  "object_id": "4",
  "object_repr": "Erlon | Level: 5 | Attack : 22 | Defence: 21",
  "action_flag": 2,
  "change_message": "[{\"changed\": {\"fields\": [\"\\u041a\\u043b\\u0430\\u043d\"]}}]"
 }
},
{
 "model": "admin.logentry",
 "pk": 41,
 "fields": {
  "action_time": "2024-03-28T08:09:02.026Z",
  "user": 1,
  "content_type": 24,
  "object_id": "2",
  "object_repr": "Ильяз | Level: 6 | Attack : 25 | Defence: 24",
  "action_flag": 2,
  "change_message": "[{\"changed\": {\"fields\": [\"\\u041a\\u043b\\u0430\\u043d\"]}}]"
 }
},
{
 "model": "admin.logentry",
 "pk": 42,
 "fields": {
  "action_time": "2024-03-28T08:09:27.823Z",
  "user": 1,
  "content_type": 38,
  "object_id": "2",
  "object_repr": "тест Ур. 1",
  "action_flag": 2,
  "change_message": "[{\"added\": {\"name\": \"\\u041a\\u043b\\u0430\\u043d\\u043e\\u0432\\u0430\\u044f \\u0432\\u043e\\u0439\\u043d\\u0430\", \"object\": \"\\u043e\\u0442\\u043f\\u0440\\u0430\\u0432\\u043b\\u0435\\u043d\\u043d\\u044b\\u0439 \\u0432\\u0430\\u0440 \\u043f\\u0440\\u043e\\u0442\\u0438\\u0432 \\u0442\\u0435\\u0441\\u0442\"}}, {\"added\": {\"name\": \"\\u041a\\u043b\\u0430\\u043d\\u043e\\u0432\\u0430\\u044f \\u0432\\u043e\\u0439\\u043d\\u0430\", \"object\": \"\\u0442\\u0435\\u0441\\u0442 \\u043f\\u0440\\u043e\\u0442\\u0438\\u0432 \\u043f\\u043e\\u043b\\u0443\\u0447\\u0430\\u0435\\u043c\\u044b\\u0439 \\u0432\\u0430\\u0440\"}}]"
 }
},
{
 "model": "admin.logentry",
 "pk": 43,
 "fields": {
  "action_time": "2024-03-28T08:12:49.122Z",
  "user": 1,
  "content_type": 38,
  "object_id": "2",
  "object_repr": "тест Ур. 1",
  "action_flag": 2,
  "change_message": "[{\"changed\": {\"name\": \"\\u041a\\u043b\\u0430\\u043d\\u043e\\u0432\\u0430\\u044f \\u0432\\u043e\\u0439\\u043d\\u0430\", \"object\": \"\\u043e\\u0442\\u043f\\u0440\\u0430\\u0432\\u043b\\u0435\\u043d\\u043d\\u044b\\u0439 \\u0432\\u0430\\u0440 \\u043f\\u0440\\u043e\\u0442\\u0438\\u0432 \\u0442\\u0435\\u0441\\u0442\", \"fields\": [\"\\u0412\\u043e\\u0439\\u043d\\u0430 \\u043f\\u0440\\u0438\\u043d\\u044f\\u0442\\u0430\"]}}]"
 }
},
{
 "model": "admin.logentry",
 "pk": 44,
 "fields": {
  "action_time": "2024-03-28T08:42:28.465Z",
  "user": 1,
  "content_type": 38,
  "object_id": "2",
  "object_repr": "тест Ур. 1",
  "action_flag": 2,
  "change_message": "[{\"changed\": {\"name\": \"\\u041a\\u043b\\u0430\\u043d\\u043e\\u0432\\u0430\\u044f \\u0432\\u043e\\u0439\\u043d\\u0430\", \"object\": \"\\u043e\\u0442\\u043f\\u0440\\u0430\\u0432\\u043b\\u0435\\u043d\\u043d\\u044b\\u0439 \\u0432\\u0430\\u0440 \\u043f\\u0440\\u043e\\u0442\\u0438\\u0432 \\u0442\\u0435\\u0441\\u0442\", \"fields\": [\"\\u0412\\u043e\\u0439\\u043d\\u0430 \\u043f\\u0440\\u0438\\u043d\\u044f\\u0442\\u0430\"]}}]"
 }
},
{
 "model": "admin.logentry",
 "pk": 45,
 "fields": {
  "action_time": "2024-03-28T09:41:54.608Z",
  "user": 1,
  "content_type": 38,
  "object_id": "2",
  "object_repr": "тест Ур. 1",
  "action_flag": 2,
  "change_message": "[{\"changed\": {\"fields\": [\"\\u0420\\u0435\\u043f\\u0443\\u0442\\u0430\\u0446\\u0438\\u044f\"]}}]"
 }
},
{
 "model": "admin.logentry",
 "pk": 46,
 "fields": {
  "action_time": "2024-03-28T09:42:34.888Z",
  "user": 1,
  "content_type": 38,
  "object_id": "2",
  "object_repr": "тест Ур. 1",
  "action_flag": 2,
  "change_message": "[{\"changed\": {\"fields\": [\"\\u0420\\u0435\\u043f\\u0443\\u0442\\u0430\\u0446\\u0438\\u044f\"]}}]"
 }
},
{
 "model": "admin.logentry",
 "pk": 47,
 "fields": {
  "action_time": "2024-03-28T10:30:58.693Z",
  "user": 1,
  "content_type": 38,
  "object_id": "2",
  "object_repr": "тест Ур. 1",
  "action_flag": 2,
  "change_message": "[{\"deleted\": {\"name\": \"\\u041a\\u043b\\u0430\\u043d\\u043e\\u0432\\u0430\\u044f \\u0432\\u043e\\u0439\\u043d\\u0430\", \"object\": \"\\u0442\\u0435\\u0441\\u0442 \\u043f\\u0440\\u043e\\u0442\\u0438\\u0432 \\u043f\\u043e\\u043b\\u0443\\u0447\\u0430\\u0435\\u043c\\u044b\\u0439 \\u0432\\u0430\\u0440\"}}, {\"deleted\": {\"name\": \"\\u041a\\u043b\\u0430\\u043d\\u043e\\u0432\\u0430\\u044f \\u0432\\u043e\\u0439\\u043d\\u0430\", \"object\": \"\\u0442\\u0435\\u0441\\u0442 \\u043f\\u0440\\u043e\\u0442\\u0438\\u0432 \\u043e\\u0442\\u043f\\u0440\\u0430\\u0432\\u043b\\u0435\\u043d\\u043d\\u044b\\u0439 \\u0432\\u0430\\u0440\"}}]"
 }
},
{
 "model": "admin.logentry",
 "pk": 48,
 "fields": {
  "action_time": "2024-03-28T10:52:13.158Z",
  "user": 1,
  "content_type": 24,
  "object_id": "5",
  "object_repr": "Орех | Level: 7 | Attack : 1 | Defence: 1",
  "action_flag": 2,
  "change_message": "[{\"changed\": {\"fields\": [\"\\u041e\\u043f\\u044b\\u0442\"]}}]"
 }
},
{
 "model": "admin.logentry",
 "pk": 49,
 "fields": {
  "action_time": "2024-03-28T10:52:53.009Z",
  "user": 1,
  "content_type": 24,
  "object_id": "5",
  "object_repr": "Орех | Level: 7 | Attack : 44 | Defence: 44",
  "action_flag": 2,
  "change_message": "[{\"changed\": {\"fields\": [\"\\u0410\\u0442\\u0430\\u043a\\u0430\", \"\\u0417\\u0430\\u0449\\u0438\\u0442\\u0430\"]}}]"
 }
},
{
 "model": "admin.logentry",
 "pk": 50,
 "fields": {
  "action_time": "2024-03-28T10:57:24.811Z",
  "user": 1,
  "content_type": 24,
  "object_id": "5",
  "object_repr": "Орех | Level: 8 | Attack : 35 | Defence: 35",
  "action_flag": 2,
  "change_message": "[{\"changed\": {\"fields\": [\"\\u041e\\u043f\\u044b\\u0442\", \"\\u0410\\u0442\\u0430\\u043a\\u0430\", \"\\u0417\\u0430\\u0449\\u0438\\u0442\\u0430\", \"\\u0422\\u0435\\u043a\\u0443\\u0449\\u0430\\u044f \\u043b\\u043e\\u043a\\u0430\\u0446\\u0438\\u044f\", \"\\u041d\\u0430\\u0447\\u0430\\u043b\\u043e \\u043e\\u0445\\u043e\\u0442\\u044b\", \"\\u041a\\u043e\\u043d\\u0435\\u0446 \\u043e\\u0445\\u043e\\u0442\\u044b\", \"ID \\u0448\\u0435\\u0434\\u0443\\u043b\\u0435\\u0440\\u0430 \\u043d\\u0430\\u043f\\u043e\\u043c\\u0438\\u043d\\u0430\\u043d\\u0438\\u044f \\u043e\\u0431 \\u043e\\u043a\\u043e\\u043d\\u0447\\u0430\\u043d\\u0438\\u0438 \\u043e\\u0445\\u043e\\u0442\\u044b\"]}}, {\"changed\": {\"name\": \"\\u041f\\u0440\\u0435\\u0434\\u043c\\u0435\\u0442 \\u043f\\u0435\\u0440\\u0441\\u043e\\u043d\\u0430\\u0436\\u0430\", \"object\": \"Character: \\u041e\\u0440\\u0435\\u0445 | Level: 8 | Attack : 35 | Defence: 35 | Item: \\ud83d\\udfe1\\u0417\\u043e\\u043b\\u043e\\u0442\\u043e | Amount: 6261\", \"fields\": [\"\\u041a\\u043e\\u043b\\u0438\\u0447\\u0435\\u0441\\u0442\\u0432\\u043e\"]}}]"
 }
},
{
 "model": "admin.logentry",
 "pk": 51,
 "fields": {
  "action_time": "2024-03-28T11:10:02.860Z",
  "user": 1,
  "content_type": 38,
  "object_id": "4",
  "object_repr": "отправленный вар Ур. 1",
  "action_flag": 2,
  "change_message": "[{\"changed\": {\"name\": \"\\u041a\\u043b\\u0430\\u043d\\u043e\\u0432\\u0430\\u044f \\u0432\\u043e\\u0439\\u043d\\u0430\", \"object\": \"\\u0442\\u0435\\u0441\\u0442 \\u043f\\u0440\\u043e\\u0442\\u0438\\u0432 \\u043e\\u0442\\u043f\\u0440\\u0430\\u0432\\u043b\\u0435\\u043d\\u043d\\u044b\\u0439 \\u0432\\u0430\\u0440\", \"fields\": [\"\\u0412\\u043e\\u0439\\u043d\\u0430 \\u043f\\u0440\\u0438\\u043d\\u044f\\u0442\\u0430\"]}}]"
 }
},
{
 "model": "admin.logentry",
 "pk": 52,
 "fields": {
  "action_time": "2024-03-28T11:10:21.764Z",
  "user": 1,
  "content_type": 24,
  "object_id": "2",
  "object_repr": "Ильяз | Level: 6 | Attack : 25 | Defence: 24",
  "action_flag": 2,
  "change_message": "[{\"changed\": {\"fields\": [\"\\u0422\\u0435\\u043a\\u0443\\u0449\\u0430\\u044f \\u043b\\u043e\\u043a\\u0430\\u0446\\u0438\\u044f\"]}}]"
 }
},
{
 "model": "admin.logentry",
 "pk": 53,
 "fields": {
  "action_time": "2024-03-28T11:16:43.638Z",
  "user": 1,
  "content_type": 24,
  "object_id": "2",
  "object_repr": "Ильяз | Level: 6 | Attack : 25 | Defence: 24",
  "action_flag": 2,
  "change_message": "[{\"changed\": {\"fields\": [\"\\u041d\\u0430\\u0447\\u0430\\u043b\\u043e \\u043e\\u0445\\u043e\\u0442\\u044b\", \"\\u041a\\u043e\\u043d\\u0435\\u0446 \\u043e\\u0445\\u043e\\u0442\\u044b\"]}}]"
 }
},
{
 "model": "admin.logentry",
 "pk": 54,
 "fields": {
  "action_time": "2024-03-28T11:17:57.465Z",
  "user": 1,
  "content_type": 24,
  "object_id": "2",
  "object_repr": "Ильяз | Level: 6 | Attack : 25 | Defence: 24",
  "action_flag": 2,
  "change_message": "[{\"changed\": {\"fields\": [\"\\u0422\\u0435\\u043a\\u0443\\u0449\\u0430\\u044f \\u043b\\u043e\\u043a\\u0430\\u0446\\u0438\\u044f\", \"\\u041d\\u0430\\u0447\\u0430\\u043b\\u043e \\u043e\\u0445\\u043e\\u0442\\u044b\", \"\\u041a\\u043e\\u043d\\u0435\\u0446 \\u043e\\u0445\\u043e\\u0442\\u044b\"]}}]"
 }
},
{
 "model": "admin.logentry",
 "pk": 55,
 "fields": {
  "action_time": "2024-03-28T11:29:37.723Z",
  "user": 1,
  "content_type": 24,
  "object_id": "2",
  "object_repr": "Ильяз | Level: 6 | Attack : 25 | Defence: 24",
  "action_flag": 2,
  "change_message": "[{\"changed\": {\"fields\": [\"\\u0422\\u0435\\u043a\\u0443\\u0449\\u0430\\u044f \\u043b\\u043e\\u043a\\u0430\\u0446\\u0438\\u044f\", \"\\u041d\\u0430\\u0447\\u0430\\u043b\\u043e \\u043e\\u0445\\u043e\\u0442\\u044b\", \"\\u041a\\u043e\\u043d\\u0435\\u0446 \\u043e\\u0445\\u043e\\u0442\\u044b\"]}}]"
 }
},
{
 "model": "admin.logentry",
 "pk": 56,
 "fields": {
  "action_time": "2024-03-28T11:30:18.479Z",
  "user": 1,
  "content_type": 24,
  "object_id": "2",
  "object_repr": "Ильяз | Level: 6 | Attack : 25 | Defence: 24",
  "action_flag": 2,
  "change_message": "[]"
 }
},
{
 "model": "admin.logentry",
 "pk": 57,
 "fields": {
  "action_time": "2024-03-28T11:51:11.264Z",
  "user": 1,
  "content_type": 24,
  "object_id": "2",
  "object_repr": "Ильяз | Level: 6 | Attack : 25 | Defence: 24",
  "action_flag": 2,
  "change_message": "[{\"changed\": {\"fields\": [\"\\u0422\\u0435\\u043a\\u0443\\u0449\\u0430\\u044f \\u043b\\u043e\\u043a\\u0430\\u0446\\u0438\\u044f\", \"\\u041d\\u0430\\u0447\\u0430\\u043b\\u043e \\u043e\\u0445\\u043e\\u0442\\u044b\", \"\\u041a\\u043e\\u043d\\u0435\\u0446 \\u043e\\u0445\\u043e\\u0442\\u044b\"]}}]"
 }
},
{
 "model": "admin.logentry",
 "pk": 58,
 "fields": {
  "action_time": "2024-03-28T12:04:05.621Z",
  "user": 1,
  "content_type": 38,
  "object_id": "2",
  "object_repr": "тест Ур. 1",
  "action_flag": 2,
  "change_message": "[{\"changed\": {\"fields\": [\"\\u0420\\u0435\\u043f\\u0443\\u0442\\u0430\\u0446\\u0438\\u044f\"]}}]"
 }
},
{
 "model": "admin.logentry",
 "pk": 59,
 "fields": {
  "action_time": "2024-03-28T12:04:54.352Z",
  "user": 1,
  "content_type": 24,
  "object_id": "2",
  "object_repr": "Ильяз | Level: 6 | Attack : 25 | Defence: 24",
  "action_flag": 2,
  "change_message": "[{\"changed\": {\"fields\": [\"\\u0422\\u0435\\u043a\\u0443\\u0449\\u0430\\u044f \\u043b\\u043e\\u043a\\u0430\\u0446\\u0438\\u044f\", \"\\u041d\\u0430\\u0447\\u0430\\u043b\\u043e \\u043e\\u0445\\u043e\\u0442\\u044b\", \"\\u041a\\u043e\\u043d\\u0435\\u0446 \\u043e\\u0445\\u043e\\u0442\\u044b\"]}}]"
 }
},
{
 "model": "admin.logentry",
 "pk": 60,
 "fields": {
  "action_time": "2024-03-28T12:05:31.659Z",
  "user": 1,
  "content_type": 24,
  "object_id": "5",
  "object_repr": "Орех | Level: 7 | Attack : 323 | Defence: 323",
  "action_flag": 2,
  "change_message": "[{\"changed\": {\"fields\": [\"\\u0410\\u0442\\u0430\\u043a\\u0430\", \"\\u0417\\u0430\\u0449\\u0438\\u0442\\u0430\"]}}]"
 }
},
{
 "model": "admin.logentry",
 "pk": 61,
 "fields": {
  "action_time": "2024-03-28T12:08:43.953Z",
  "user": 1,
  "content_type": 24,
  "object_id": "2",
  "object_repr": "Ильяз | Level: 6 | Attack : 25 | Defence: 24",
  "action_flag": 2,
  "change_message": "[{\"changed\": {\"fields\": [\"\\u0422\\u0435\\u043a\\u0443\\u0449\\u0430\\u044f \\u043b\\u043e\\u043a\\u0430\\u0446\\u0438\\u044f\", \"\\u041d\\u0430\\u0447\\u0430\\u043b\\u043e \\u043e\\u0445\\u043e\\u0442\\u044b\", \"\\u041a\\u043e\\u043d\\u0435\\u0446 \\u043e\\u0445\\u043e\\u0442\\u044b\"]}}]"
 }
},
{
 "model": "admin.logentry",
 "pk": 62,
 "fields": {
  "action_time": "2024-03-28T12:15:31.264Z",
  "user": 1,
  "content_type": 24,
  "object_id": "5",
  "object_repr": "Орех | Level: 7 | Attack : 323 | Defence: 323",
  "action_flag": 2,
  "change_message": "[{\"changed\": {\"name\": \"\\u042d\\u0444\\u0444\\u0435\\u043a\\u0442 \\u043f\\u0435\\u0440\\u0441\\u043e\\u043d\\u0430\\u0436\\u0430\", \"object\": \"Character: \\u041e\\u0440\\u0435\\u0445 | Level: 7 | Attack : 323 | Defence: 323 | Effect: \\ud83d\\udee1\\u0417\\u0430\\u0449\\u0438\\u0442\\u0430: -10%\", \"fields\": [\"\\u041e\\u043a\\u043e\\u043d\\u0447\\u0430\\u043d\\u0438\\u0435 \\u042d\\u0444\\u0444\\u0435\\u043a\\u0442\\u0430\"]}}, {\"changed\": {\"name\": \"\\u042d\\u0444\\u0444\\u0435\\u043a\\u0442 \\u043f\\u0435\\u0440\\u0441\\u043e\\u043d\\u0430\\u0436\\u0430\", \"object\": \"Character: \\u041e\\u0440\\u0435\\u0445 | Level: 7 | Attack : 323 | Defence: 323 | Effect: \\ufe0f\\u2694\\ufe0f\\u0410\\u0442\\u0430\\u043a\\u0430: -10%\", \"fields\": [\"\\u041e\\u043a\\u043e\\u043d\\u0447\\u0430\\u043d\\u0438\\u0435 \\u042d\\u0444\\u0444\\u0435\\u043a\\u0442\\u0430\"]}}]"
 }
},
{
 "model": "admin.logentry",
 "pk": 63,
 "fields": {
  "action_time": "2024-03-28T12:16:32.860Z",
  "user": 1,
  "content_type": 24,
  "object_id": "5",
  "object_repr": "Орех | Level: 7 | Attack : 323 | Defence: 323",
  "action_flag": 2,
  "change_message": "[{\"changed\": {\"name\": \"\\u042d\\u0444\\u0444\\u0435\\u043a\\u0442 \\u043f\\u0435\\u0440\\u0441\\u043e\\u043d\\u0430\\u0436\\u0430\", \"object\": \"Character: \\u041e\\u0440\\u0435\\u0445 | Level: 7 | Attack : 323 | Defence: 323 | Effect: \\ud83d\\udee1\\u0417\\u0430\\u0449\\u0438\\u0442\\u0430: -10%\", \"fields\": [\"\\u041e\\u043a\\u043e\\u043d\\u0447\\u0430\\u043d\\u0438\\u0435 \\u042d\\u0444\\u0444\\u0435\\u043a\\u0442\\u0430\"]}}]"
 }
},
{
 "model": "admin.logentry",
 "pk": 64,
 "fields": {
  "action_time": "2024-03-28T12:53:13.144Z",
  "user": 1,
  "content_type": 33,
  "object_id": "1",
  "object_repr": "Мастер Создания Ур. 1",
  "action_flag": 2,
  "change_message": "[{\"changed\": {\"fields\": [\"\\u042d\\u043c\\u043e\\u0434\\u0436\\u0438\"]}}]"
 }
},
{
 "model": "admin.logentry",
 "pk": 65,
 "fields": {
  "action_time": "2024-03-28T12:53:19.020Z",
  "user": 1,
  "content_type": 33,
  "object_id": "2",
  "object_repr": "Мастер Создания Ур. 2",
  "action_flag": 2,
  "change_message": "[{\"changed\": {\"fields\": [\"\\u042d\\u043c\\u043e\\u0434\\u0436\\u0438\"]}}]"
 }
},
{
 "model": "admin.logentry",
 "pk": 66,
 "fields": {
  "action_time": "2024-03-28T12:53:39.316Z",
  "user": 1,
  "content_type": 33,
  "object_id": "4",
  "object_repr": "Улучшенная Атака Ур. 2",
  "action_flag": 2,
  "change_message": "[{\"changed\": {\"fields\": [\"\\u042d\\u043c\\u043e\\u0434\\u0436\\u0438\"]}}]"
 }
},
{
 "model": "admin.logentry",
 "pk": 67,
 "fields": {
  "action_time": "2024-03-28T12:53:43.985Z",
  "user": 1,
  "content_type": 33,
  "object_id": "3",
  "object_repr": "Улучшенная Атака Ур. 1",
  "action_flag": 2,
  "change_message": "[{\"changed\": {\"fields\": [\"\\u042d\\u043c\\u043e\\u0434\\u0436\\u0438\"]}}]"
 }
},
{
 "model": "admin.logentry",
 "pk": 68,
 "fields": {
  "action_time": "2024-03-28T12:53:52.680Z",
  "user": 1,
  "content_type": 33,
  "object_id": "8",
  "object_repr": "Улучшенная Защита Ур. 2",
  "action_flag": 2,
  "change_message": "[{\"changed\": {\"fields\": [\"\\u042d\\u043c\\u043e\\u0434\\u0436\\u0438\"]}}]"
 }
},
{
 "model": "admin.logentry",
 "pk": 69,
 "fields": {
  "action_time": "2024-03-28T12:53:58.273Z",
  "user": 1,
  "content_type": 33,
  "object_id": "7",
  "object_repr": "Улучшенная Защита Ур. 1",
  "action_flag": 2,
  "change_message": "[{\"changed\": {\"fields\": [\"\\u042d\\u043c\\u043e\\u0434\\u0436\\u0438\"]}}]"
 }
},
{
 "model": "admin.logentry",
 "pk": 70,
 "fields": {
  "action_time": "2024-03-28T12:54:07.792Z",
  "user": 1,
  "content_type": 33,
  "object_id": "6",
  "object_repr": "Улучшенное Чутье Ур. 1",
  "action_flag": 2,
  "change_message": "[{\"changed\": {\"fields\": [\"\\u042d\\u043c\\u043e\\u0434\\u0436\\u0438\"]}}]"
 }
},
{
 "model": "admin.logentry",
 "pk": 71,
 "fields": {
  "action_time": "2024-03-28T12:54:30.526Z",
  "user": 1,
  "content_type": 33,
  "object_id": "5",
  "object_repr": "Улучшенное Чутье Ур. 2",
  "action_flag": 2,
  "change_message": "[{\"changed\": {\"fields\": [\"\\u042d\\u043c\\u043e\\u0434\\u0436\\u0438\"]}}]"
 }
},
{
 "model": "admin.logentry",
 "pk": 72,
 "fields": {
  "action_time": "2024-03-28T12:54:33.919Z",
  "user": 1,
  "content_type": 33,
  "object_id": "6",
  "object_repr": "Улучшенное Чутье Ур. 1",
  "action_flag": 2,
  "change_message": "[{\"changed\": {\"fields\": [\"\\u042d\\u043c\\u043e\\u0434\\u0436\\u0438\"]}}]"
 }
},
{
 "model": "admin.logentry",
 "pk": 73,
 "fields": {
  "action_time": "2024-03-28T12:54:47.641Z",
  "user": 1,
  "content_type": 33,
  "object_id": "8",
  "object_repr": "Улучшенная Защита Ур. 2",
  "action_flag": 2,
  "change_message": "[{\"changed\": {\"fields\": [\"\\u042d\\u043c\\u043e\\u0434\\u0436\\u0438\"]}}]"
 }
},
{
 "model": "admin.logentry",
 "pk": 74,
 "fields": {
  "action_time": "2024-03-28T12:54:51.451Z",
  "user": 1,
  "content_type": 33,
  "object_id": "7",
  "object_repr": "Улучшенная Защита Ур. 1",
  "action_flag": 2,
  "change_message": "[{\"changed\": {\"fields\": [\"\\u042d\\u043c\\u043e\\u0434\\u0436\\u0438\"]}}]"
 }
},
{
 "model": "admin.logentry",
 "pk": 75,
 "fields": {
  "action_time": "2024-03-28T12:56:07.285Z",
  "user": 1,
  "content_type": 8,
  "object_id": "23",
  "object_repr": "️⚔️Атака: 12",
  "action_flag": 1,
  "change_message": "[{\"added\": {}}]"
 }
},
{
 "model": "admin.logentry",
 "pk": 76,
 "fields": {
  "action_time": "2024-03-28T12:57:04.429Z",
  "user": 1,
  "content_type": 33,
  "object_id": "9",
  "object_repr": "Огненный Шар Ур. 1",
  "action_flag": 1,
  "change_message": "[{\"added\": {}}, {\"added\": {\"name\": \"\\u042d\\u0444\\u0444\\u0435\\u043a\\u0442 \\u0441\\u043f\\u043e\\u0441\\u043e\\u0431\\u043d\\u043e\\u0441\\u0442\\u0438\", \"object\": \"\\u041e\\u0433\\u043d\\u0435\\u043d\\u043d\\u044b\\u0439 \\u0428\\u0430\\u0440 \\u0423\\u0440. 1 \\ufe0f\\u2694\\ufe0f\\u0410\\u0442\\u0430\\u043a\\u0430: 12\"}}]"
 }
},
{
 "model": "admin.logentry",
 "pk": 77,
 "fields": {
  "action_time": "2024-03-28T12:58:42.748Z",
  "user": 1,
  "content_type": 33,
  "object_id": "9",
  "object_repr": "Огненный Шар Ур. 1",
  "action_flag": 2,
  "change_message": "[{\"changed\": {\"fields\": [\"\\u041c\\u0430\\u043d\\u0430 \\u043a\\u043e\\u0441\\u0442\"]}}]"
 }
},
{
 "model": "admin.logentry",
 "pk": 78,
 "fields": {
  "action_time": "2024-03-28T12:59:46.351Z",
  "user": 1,
  "content_type": 33,
  "object_id": "9",
  "object_repr": "Огненный Шар Ур. 1",
  "action_flag": 2,
  "change_message": "[{\"changed\": {\"fields\": [\"\\u041e\\u043f\\u0438\\u0441\\u0430\\u043d\\u0438\\u0435\"]}}]"
 }
},
{
 "model": "admin.logentry",
 "pk": 79,
 "fields": {
  "action_time": "2024-03-28T12:59:55.046Z",
  "user": 1,
  "content_type": 33,
  "object_id": "9",
  "object_repr": "Огненный Шар Ур. 1",
  "action_flag": 2,
  "change_message": "[]"
 }
},
{
 "model": "admin.logentry",
 "pk": 80,
 "fields": {
  "action_time": "2024-03-28T13:02:01.792Z",
  "user": 1,
  "content_type": 33,
  "object_id": "10",
  "object_repr": "Невидимость Ур. 1",
  "action_flag": 1,
  "change_message": "[{\"added\": {}}]"
 }
},
{
 "model": "admin.logentry",
 "pk": 81,
 "fields": {
  "action_time": "2024-03-28T13:12:14.354Z",
  "user": 1,
  "content_type": 33,
  "object_id": "10",
  "object_repr": "Невидимость Ур. 1",
  "action_flag": 2,
  "change_message": "[{\"changed\": {\"fields\": [\"\\u041e\\u043f\\u0438\\u0441\\u0430\\u043d\\u0438\\u0435\", \"\\u0412\\u0440\\u0435\\u043c\\u044f \\u0434\\u0435\\u0439\\u0441\\u0442\\u0432\\u0438\\u044f\", \"\\u041f\\u0435\\u0440\\u0435\\u0437\\u0430\\u0440\\u044f\\u0434\\u043a\\u0430\"]}}]"
 }
},
{
 "model": "admin.logentry",
 "pk": 82,
 "fields": {
  "action_time": "2024-03-29T08:13:39.081Z",
  "user": 1,
  "content_type": 20,
  "object_id": "61",
  "object_repr": "Рецепт: Браслет (60%) (Ур. 2)",
  "action_flag": 1,
  "change_message": "[{\"added\": {}}]"
 }
},
{
 "model": "admin.logentry",
 "pk": 83,
 "fields": {
  "action_time": "2024-03-29T08:14:28.832Z",
  "user": 1,
  "content_type": 13,
  "object_id": "62",
  "object_repr": "Осколок Браслета",
  "action_flag": 1,
  "change_message": "[{\"added\": {}}]"
 }
},
{
 "model": "admin.logentry",
 "pk": 84,
 "fields": {
  "action_time": "2024-03-29T08:14:56.575Z",
  "user": 1,
  "content_type": 13,
  "object_id": "63",
  "object_repr": "Закаленное Железо",
  "action_flag": 1,
  "change_message": "[{\"added\": {}}]"
 }
},
{
 "model": "admin.logentry",
 "pk": 85,
 "fields": {
  "action_time": "2024-03-29T08:15:02.270Z",
  "user": 1,
  "content_type": 13,
  "object_id": "62",
  "object_repr": "Осколок Браслета",
  "action_flag": 2,
  "change_message": "[{\"changed\": {\"fields\": [\"\\u0421\\u0442\\u043e\\u0438\\u043c\\u043e\\u0441\\u0442\\u044c \\u043f\\u0440\\u043e\\u0434\\u0430\\u0436\\u0438\"]}}]"
 }
},
{
 "model": "admin.logentry",
 "pk": 86,
 "fields": {
  "action_time": "2024-03-29T08:16:42.308Z",
  "user": 1,
  "content_type": 13,
  "object_id": "64",
  "object_repr": "Качественная Кожа",
  "action_flag": 1,
  "change_message": "[{\"added\": {}}]"
 }
},
{
 "model": "admin.logentry",
 "pk": 87,
 "fields": {
  "action_time": "2024-03-29T08:17:24.016Z",
  "user": 1,
  "content_type": 13,
  "object_id": "65",
  "object_repr": "Качественная Древесина",
  "action_flag": 1,
  "change_message": "[{\"added\": {}}]"
 }
},
{
 "model": "admin.logentry",
 "pk": 88,
 "fields": {
  "action_time": "2024-03-29T08:17:33.614Z",
  "user": 1,
  "content_type": 13,
  "object_id": "63",
  "object_repr": "Качественное Железо",
  "action_flag": 2,
  "change_message": "[{\"changed\": {\"fields\": [\"\\u0418\\u043c\\u044f\"]}}]"
 }
},
{
 "model": "admin.logentry",
 "pk": 89,
 "fields": {
  "action_time": "2024-03-29T08:17:53.329Z",
  "user": 1,
  "content_type": 13,
  "object_id": "66",
  "object_repr": "Качественная Ткань",
  "action_flag": 1,
  "change_message": "[{\"added\": {}}]"
 }
},
{
 "model": "admin.logentry",
 "pk": 90,
 "fields": {
  "action_time": "2024-03-29T08:18:25.357Z",
  "user": 1,
  "content_type": 20,
  "object_id": "61",
  "object_repr": "Рецепт: Браслет (60%) (Ур. 2)",
  "action_flag": 2,
  "change_message": "[{\"added\": {\"name\": \"\\u041f\\u0440\\u0435\\u0434\\u043c\\u0435\\u0442 \\u0438\\u0437\\u0433\\u043e\\u0442\\u043e\\u0432\\u043b\\u0435\\u043d\\u0438\", \"object\": \"\\u0420\\u0435\\u0446\\u0435\\u043f\\u0442: \\u0411\\u0440\\u0430\\u0441\\u043b\\u0435\\u0442 (60%) (\\u0423\\u0440. 2) | \\u041e\\u0441\\u043a\\u043e\\u043b\\u043e\\u043a \\u0411\\u0440\\u0430\\u0441\\u043b\\u0435\\u0442\\u0430\"}}, {\"added\": {\"name\": \"\\u041f\\u0440\\u0435\\u0434\\u043c\\u0435\\u0442 \\u0438\\u0437\\u0433\\u043e\\u0442\\u043e\\u0432\\u043b\\u0435\\u043d\\u0438\", \"object\": \"\\u0420\\u0435\\u0446\\u0435\\u043f\\u0442: \\u0411\\u0440\\u0430\\u0441\\u043b\\u0435\\u0442 (60%) (\\u0423\\u0440. 2) | \\u041a\\u0430\\u0447\\u0435\\u0441\\u0442\\u0432\\u0435\\u043d\\u043d\\u043e\\u0435 \\u0416\\u0435\\u043b\\u0435\\u0437\\u043e\"}}, {\"added\": {\"name\": \"\\u041f\\u0440\\u0435\\u0434\\u043c\\u0435\\u0442 \\u0438\\u0437\\u0433\\u043e\\u0442\\u043e\\u0432\\u043b\\u0435\\u043d\\u0438\", \"object\": \"\\u0420\\u0435\\u0446\\u0435\\u043f\\u0442: \\u0411\\u0440\\u0430\\u0441\\u043b\\u0435\\u0442 (60%) (\\u0423\\u0440. 2) | \\u041a\\u0430\\u0447\\u0435\\u0441\\u0442\\u0432\\u0435\\u043d\\u043d\\u0430\\u044f \\u041a\\u043e\\u0436\\u0430\"}}]"
 }
},
{
 "model": "admin.logentry",
 "pk": 91,
 "fields": {
  "action_time": "2024-03-29T08:19:14.044Z",
  "user": 1,
  "content_type": 20,
  "object_id": "67",
  "object_repr": "Рецепт: Качественная Кожа (100%) (Ур. 1)",
  "action_flag": 1,
  "change_message": "[{\"added\": {}}, {\"added\": {\"name\": \"\\u041f\\u0440\\u0435\\u0434\\u043c\\u0435\\u0442 \\u0438\\u0437\\u0433\\u043e\\u0442\\u043e\\u0432\\u043b\\u0435\\u043d\\u0438\", \"object\": \"\\u0420\\u0435\\u0446\\u0435\\u043f\\u0442: \\u041a\\u0430\\u0447\\u0435\\u0441\\u0442\\u0432\\u0435\\u043d\\u043d\\u0430\\u044f \\u041a\\u043e\\u0436\\u0430 (100%) (\\u0423\\u0440. 1) | \\u041a\\u043e\\u0436\\u0430\"}}]"
 }
},
{
 "model": "admin.logentry",
 "pk": 92,
 "fields": {
  "action_time": "2024-03-29T08:19:28.226Z",
  "user": 1,
  "content_type": 20,
  "object_id": "61",
  "object_repr": "Рецепт: Браслет (60%) (Ур. 2)",
  "action_flag": 2,
  "change_message": "[{\"changed\": {\"fields\": [\"\\u0421\\u0442\\u043e\\u0438\\u043c\\u043e\\u0441\\u0442\\u044c \\u043f\\u0440\\u043e\\u0434\\u0430\\u0436\\u0438\"]}}]"
 }
},
{
 "model": "admin.logentry",
 "pk": 93,
 "fields": {
  "action_time": "2024-03-29T08:19:54.093Z",
  "user": 1,
  "content_type": 20,
  "object_id": "68",
  "object_repr": "Рецепт: Качественная Ткань (100%) (Ур. 1)",
  "action_flag": 1,
  "change_message": "[{\"added\": {}}, {\"added\": {\"name\": \"\\u041f\\u0440\\u0435\\u0434\\u043c\\u0435\\u0442 \\u0438\\u0437\\u0433\\u043e\\u0442\\u043e\\u0432\\u043b\\u0435\\u043d\\u0438\", \"object\": \"\\u0420\\u0435\\u0446\\u0435\\u043f\\u0442: \\u041a\\u0430\\u0447\\u0435\\u0441\\u0442\\u0432\\u0435\\u043d\\u043d\\u0430\\u044f \\u0422\\u043a\\u0430\\u043d\\u044c (100%) (\\u0423\\u0440. 1) | \\u0422\\u043a\\u0430\\u043d\\u044c\"}}]"
 }
},
{
 "model": "admin.logentry",
 "pk": 94,
 "fields": {
  "action_time": "2024-03-29T08:20:31.410Z",
  "user": 1,
  "content_type": 20,
  "object_id": "69",
  "object_repr": "Рецепт: Качественная Древесина (100%) (Ур. 1)",
  "action_flag": 1,
  "change_message": "[{\"added\": {}}, {\"added\": {\"name\": \"\\u041f\\u0440\\u0435\\u0434\\u043c\\u0435\\u0442 \\u0438\\u0437\\u0433\\u043e\\u0442\\u043e\\u0432\\u043b\\u0435\\u043d\\u0438\", \"object\": \"\\u0420\\u0435\\u0446\\u0435\\u043f\\u0442: \\u041a\\u0430\\u0447\\u0435\\u0441\\u0442\\u0432\\u0435\\u043d\\u043d\\u0430\\u044f \\u0414\\u0440\\u0435\\u0432\\u0435\\u0441\\u0438\\u043d\\u0430 (100%) (\\u0423\\u0440. 1) | \\u0414\\u0440\\u0435\\u0432\\u0435\\u0441\\u0438\\u043d\\u0430\"}}]"
 }
},
{
 "model": "admin.logentry",
 "pk": 95,
 "fields": {
  "action_time": "2024-03-29T08:21:06.496Z",
  "user": 1,
  "content_type": 20,
  "object_id": "70",
  "object_repr": "Рецепт: Качественное Железо (100%) (Ур. 1)",
  "action_flag": 1,
  "change_message": "[{\"added\": {}}, {\"added\": {\"name\": \"\\u041f\\u0440\\u0435\\u0434\\u043c\\u0435\\u0442 \\u0438\\u0437\\u0433\\u043e\\u0442\\u043e\\u0432\\u043b\\u0435\\u043d\\u0438\", \"object\": \"\\u0420\\u0435\\u0446\\u0435\\u043f\\u0442: \\u041a\\u0430\\u0447\\u0435\\u0441\\u0442\\u0432\\u0435\\u043d\\u043d\\u043e\\u0435 \\u0416\\u0435\\u043b\\u0435\\u0437\\u043e (100%) (\\u0423\\u0440. 1) | \\u0416\\u0435\\u043b\\u0435\\u0437\\u043e\"}}]"
 }
},
{
 "model": "admin.logentry",
 "pk": 96,
 "fields": {
  "action_time": "2024-03-29T08:21:13.422Z",
  "user": 1,
  "content_type": 20,
  "object_id": "61",
  "object_repr": "Рецепт: Браслет (60%) (Ур. 2)",
  "action_flag": 2,
  "change_message": "[]"
 }
},
{
 "model": "admin.logentry",
 "pk": 97,
 "fields": {
  "action_time": "2024-03-29T08:21:58.671Z",
  "user": 1,
  "content_type": 8,
  "object_id": "24",
  "object_repr": "🛡Защита: 18",
  "action_flag": 1,
  "change_message": "[{\"added\": {}}]"
 }
},
{
 "model": "admin.logentry",
 "pk": 98,
 "fields": {
  "action_time": "2024-03-29T08:22:14.177Z",
  "user": 1,
  "content_type": 18,
  "object_id": "71",
  "object_repr": "Железная Броня",
  "action_flag": 1,
  "change_message": "[{\"added\": {}}, {\"added\": {\"name\": \"\\u042d\\u0444\\u0444\\u0435\\u043a\\u0442 \\u043f\\u0440\\u0435\\u0434\\u043c\\u0435\\u0442\\u0430\", \"object\": \"\\u0416\\u0435\\u043b\\u0435\\u0437\\u043d\\u0430\\u044f \\u0411\\u0440\\u043e\\u043d\\u044f \\ud83d\\udee1\\u0417\\u0430\\u0449\\u0438\\u0442\\u0430: 18\"}}]"
 }
},
{
 "model": "admin.logentry",
 "pk": 99,
 "fields": {
  "action_time": "2024-03-29T08:23:20.313Z",
  "user": 1,
  "content_type": 8,
  "object_id": "25",
  "object_repr": "🛡Защита: 16",
  "action_flag": 1,
  "change_message": "[{\"added\": {}}]"
 }
},
{
 "model": "admin.logentry",
 "pk": 100,
 "fields": {
  "action_time": "2024-03-29T08:23:26.397Z",
  "user": 1,
  "content_type": 18,
  "object_id": "72",
  "object_repr": "Укрепленный Легкий Доспех",
  "action_flag": 1,
  "change_message": "[{\"added\": {}}, {\"added\": {\"name\": \"\\u042d\\u0444\\u0444\\u0435\\u043a\\u0442 \\u043f\\u0440\\u0435\\u0434\\u043c\\u0435\\u0442\\u0430\", \"object\": \"\\u0423\\u043a\\u0440\\u0435\\u043f\\u043b\\u0435\\u043d\\u043d\\u044b\\u0439 \\u041b\\u0435\\u0433\\u043a\\u0438\\u0439 \\u0414\\u043e\\u0441\\u043f\\u0435\\u0445 \\ud83d\\udee1\\u0417\\u0430\\u0449\\u0438\\u0442\\u0430: 16\"}}]"
 }
},
{
 "model": "admin.logentry",
 "pk": 101,
 "fields": {
  "action_time": "2024-03-29T08:23:34.314Z",
  "user": 1,
  "content_type": 8,
  "object_id": "24",
  "object_repr": "🛡Защита: 20",
  "action_flag": 2,
  "change_message": "[{\"changed\": {\"fields\": [\"\\u041a\\u043e\\u043b\\u0438\\u0447\\u0435\\u0441\\u0442\\u0432\\u043e\"]}}]"
 }
},
{
 "model": "admin.logentry",
 "pk": 102,
 "fields": {
  "action_time": "2024-03-29T08:23:36.206Z",
  "user": 1,
  "content_type": 18,
  "object_id": "71",
  "object_repr": "Железная Броня",
  "action_flag": 2,
  "change_message": "[]"
 }
},
{
 "model": "admin.logentry",
 "pk": 103,
 "fields": {
  "action_time": "2024-03-29T08:24:43.009Z",
  "user": 1,
  "content_type": 8,
  "object_id": "26",
  "object_repr": "🛡Защита: 14",
  "action_flag": 1,
  "change_message": "[{\"added\": {}}]"
 }
},
{
 "model": "admin.logentry",
 "pk": 104,
 "fields": {
  "action_time": "2024-03-29T08:24:45.113Z",
  "user": 1,
  "content_type": 18,
  "object_id": "73",
  "object_repr": "Укрепленная Мантия",
  "action_flag": 1,
  "change_message": "[{\"added\": {}}, {\"added\": {\"name\": \"\\u042d\\u0444\\u0444\\u0435\\u043a\\u0442 \\u043f\\u0440\\u0435\\u0434\\u043c\\u0435\\u0442\\u0430\", \"object\": \"\\u0423\\u043a\\u0440\\u0435\\u043f\\u043b\\u0435\\u043d\\u043d\\u0430\\u044f \\u041c\\u0430\\u043d\\u0442\\u0438\\u044f \\ud83d\\udee1\\u0417\\u0430\\u0449\\u0438\\u0442\\u0430: 14\"}}]"
 }
},
{
 "model": "admin.logentry",
 "pk": 105,
 "fields": {
  "action_time": "2024-03-29T08:26:30.351Z",
  "user": 1,
  "content_type": 20,
  "object_id": "74",
  "object_repr": "Рецепт: Укрепленная Мантия (60%) (Ур. 2)",
  "action_flag": 1,
  "change_message": "[{\"added\": {}}, {\"added\": {\"name\": \"\\u041f\\u0440\\u0435\\u0434\\u043c\\u0435\\u0442 \\u0438\\u0437\\u0433\\u043e\\u0442\\u043e\\u0432\\u043b\\u0435\\u043d\\u0438\", \"object\": \"\\u0420\\u0435\\u0446\\u0435\\u043f\\u0442: \\u0423\\u043a\\u0440\\u0435\\u043f\\u043b\\u0435\\u043d\\u043d\\u0430\\u044f \\u041c\\u0430\\u043d\\u0442\\u0438\\u044f (60%) (\\u0423\\u0440. 2) | \\u041a\\u0430\\u0447\\u0435\\u0441\\u0442\\u0432\\u0435\\u043d\\u043d\\u0430\\u044f \\u0422\\u043a\\u0430\\u043d\\u044c\"}}, {\"added\": {\"name\": \"\\u041f\\u0440\\u0435\\u0434\\u043c\\u0435\\u0442 \\u0438\\u0437\\u0433\\u043e\\u0442\\u043e\\u0432\\u043b\\u0435\\u043d\\u0438\", \"object\": \"\\u0420\\u0435\\u0446\\u0435\\u043f\\u0442: \\u0423\\u043a\\u0440\\u0435\\u043f\\u043b\\u0435\\u043d\\u043d\\u0430\\u044f \\u041c\\u0430\\u043d\\u0442\\u0438\\u044f (60%) (\\u0423\\u0440. 2) | \\u041a\\u0430\\u0447\\u0435\\u0441\\u0442\\u0432\\u0435\\u043d\\u043d\\u0430\\u044f \\u041a\\u043e\\u0436\\u0430\"}}]"
 }
},
{
 "model": "admin.logentry",
 "pk": 106,
 "fields": {
  "action_time": "2024-03-29T08:27:20.904Z",
  "user": 1,
  "content_type": 13,
  "object_id": "75",
  "object_repr": "Часть Укрепленной Мантии",
  "action_flag": 1,
  "change_message": "[{\"added\": {}}]"
 }
},
{
 "model": "admin.logentry",
 "pk": 107,
 "fields": {
  "action_time": "2024-03-29T08:27:35.427Z",
  "user": 1,
  "content_type": 20,
  "object_id": "74",
  "object_repr": "Рецепт: Укрепленная Мантия (60%) (Ур. 2)",
  "action_flag": 2,
  "change_message": "[{\"added\": {\"name\": \"\\u041f\\u0440\\u0435\\u0434\\u043c\\u0435\\u0442 \\u0438\\u0437\\u0433\\u043e\\u0442\\u043e\\u0432\\u043b\\u0435\\u043d\\u0438\", \"object\": \"\\u0420\\u0435\\u0446\\u0435\\u043f\\u0442: \\u0423\\u043a\\u0440\\u0435\\u043f\\u043b\\u0435\\u043d\\u043d\\u0430\\u044f \\u041c\\u0430\\u043d\\u0442\\u0438\\u044f (60%) (\\u0423\\u0440. 2) | \\u0427\\u0430\\u0441\\u0442\\u044c \\u0423\\u043a\\u0440\\u0435\\u043f\\u043b\\u0435\\u043d\\u043d\\u043e\\u0439 \\u041c\\u0430\\u043d\\u0442\\u0438\\u0438\"}}]"
 }
},
{
 "model": "admin.logentry",
 "pk": 108,
 "fields": {
  "action_time": "2024-03-29T08:32:51.548Z",
  "user": 1,
  "content_type": 18,
  "object_id": "72",
  "object_repr": "Укрепленный Доспех",
  "action_flag": 2,
  "change_message": "[{\"changed\": {\"fields\": [\"\\u0418\\u043c\\u044f\"]}}]"
 }
},
{
 "model": "admin.logentry",
 "pk": 109,
 "fields": {
  "action_time": "2024-03-29T08:33:02.614Z",
  "user": 1,
  "content_type": 18,
  "object_id": "72",
  "object_repr": "Кожанный Доспех",
  "action_flag": 2,
  "change_message": "[{\"changed\": {\"fields\": [\"\\u0418\\u043c\\u044f\"]}}]"
 }
},
{
 "model": "admin.logentry",
 "pk": 110,
 "fields": {
  "action_time": "2024-03-29T08:33:26.556Z",
  "user": 1,
  "content_type": 20,
  "object_id": "74",
  "object_repr": "Рецепт: Укрепленная Мантия (60%) (Ур. 2)",
  "action_flag": 2,
  "change_message": "[]"
 }
},
{
 "model": "admin.logentry",
 "pk": 111,
 "fields": {
  "action_time": "2024-03-29T08:34:19.673Z",
  "user": 1,
  "content_type": 13,
  "object_id": "76",
  "object_repr": "Часть Кожаного Доспеха",
  "action_flag": 1,
  "change_message": "[{\"added\": {}}]"
 }
},
{
 "model": "admin.logentry",
 "pk": 112,
 "fields": {
  "action_time": "2024-03-29T08:34:22.684Z",
  "user": 1,
  "content_type": 20,
  "object_id": "77",
  "object_repr": "Рецепт: Кожаный Доспех (60%) (Ур. 2)",
  "action_flag": 1,
  "change_message": "[{\"added\": {}}, {\"added\": {\"name\": \"\\u041f\\u0440\\u0435\\u0434\\u043c\\u0435\\u0442 \\u0438\\u0437\\u0433\\u043e\\u0442\\u043e\\u0432\\u043b\\u0435\\u043d\\u0438\", \"object\": \"\\u0420\\u0435\\u0446\\u0435\\u043f\\u0442: \\u041a\\u043e\\u0436\\u0430\\u043d\\u044b\\u0439 \\u0414\\u043e\\u0441\\u043f\\u0435\\u0445 (60%) (\\u0423\\u0440. 2) | \\u041a\\u0430\\u0447\\u0435\\u0441\\u0442\\u0432\\u0435\\u043d\\u043d\\u0430\\u044f \\u041a\\u043e\\u0436\\u0430\"}}, {\"added\": {\"name\": \"\\u041f\\u0440\\u0435\\u0434\\u043c\\u0435\\u0442 \\u0438\\u0437\\u0433\\u043e\\u0442\\u043e\\u0432\\u043b\\u0435\\u043d\\u0438\", \"object\": \"\\u0420\\u0435\\u0446\\u0435\\u043f\\u0442: \\u041a\\u043e\\u0436\\u0430\\u043d\\u044b\\u0439 \\u0414\\u043e\\u0441\\u043f\\u0435\\u0445 (60%) (\\u0423\\u0440. 2) | \\u041a\\u0430\\u0447\\u0435\\u0441\\u0442\\u0432\\u0435\\u043d\\u043d\\u0430\\u044f \\u0422\\u043a\\u0430\\u043d\\u044c\"}}, {\"added\": {\"name\": \"\\u041f\\u0440\\u0435\\u0434\\u043c\\u0435\\u0442 \\u0438\\u0437\\u0433\\u043e\\u0442\\u043e\\u0432\\u043b\\u0435\\u043d\\u0438\", \"object\": \"\\u0420\\u0435\\u0446\\u0435\\u043f\\u0442: \\u041a\\u043e\\u0436\\u0430\\u043d\\u044b\\u0439 \\u0414\\u043e\\u0441\\u043f\\u0435\\u0445 (60%) (\\u0423\\u0440. 2) | \\u0427\\u0430\\u0441\\u0442\\u044c \\u041a\\u043e\\u0436\\u0430\\u043d\\u043e\\u0433\\u043e \\u0414\\u043e\\u0441\\u043f\\u0435\\u0445\\u0430\"}}]"
 }
},
{
 "model": "admin.logentry",
 "pk": 113,
 "fields": {
  "action_time": "2024-03-29T08:34:39.850Z",
  "user": 1,
  "content_type": 18,
  "object_id": "72",
  "object_repr": "Кожаный Доспех",
  "action_flag": 2,
  "change_message": "[{\"changed\": {\"fields\": [\"\\u0418\\u043c\\u044f\"]}}]"
 }
},
{
 "model": "admin.logentry",
 "pk": 114,
 "fields": {
  "action_time": "2024-03-29T08:35:29.972Z",
  "user": 1,
  "content_type": 13,
  "object_id": "78",
  "object_repr": "Часть Железного Доспеха",
  "action_flag": 1,
  "change_message": "[{\"added\": {}}]"
 }
},
{
 "model": "admin.logentry",
 "pk": 115,
 "fields": {
  "action_time": "2024-03-29T08:35:33.560Z",
  "user": 1,
  "content_type": 20,
  "object_id": "79",
  "object_repr": "Рецепт: Железная Броня (60%) (Ур. 2)",
  "action_flag": 1,
  "change_message": "[{\"added\": {}}, {\"added\": {\"name\": \"\\u041f\\u0440\\u0435\\u0434\\u043c\\u0435\\u0442 \\u0438\\u0437\\u0433\\u043e\\u0442\\u043e\\u0432\\u043b\\u0435\\u043d\\u0438\", \"object\": \"\\u0420\\u0435\\u0446\\u0435\\u043f\\u0442: \\u0416\\u0435\\u043b\\u0435\\u0437\\u043d\\u0430\\u044f \\u0411\\u0440\\u043e\\u043d\\u044f (60%) (\\u0423\\u0440. 2) | \\u041a\\u0430\\u0447\\u0435\\u0441\\u0442\\u0432\\u0435\\u043d\\u043d\\u043e\\u0435 \\u0416\\u0435\\u043b\\u0435\\u0437\\u043e\"}}, {\"added\": {\"name\": \"\\u041f\\u0440\\u0435\\u0434\\u043c\\u0435\\u0442 \\u0438\\u0437\\u0433\\u043e\\u0442\\u043e\\u0432\\u043b\\u0435\\u043d\\u0438\", \"object\": \"\\u0420\\u0435\\u0446\\u0435\\u043f\\u0442: \\u0416\\u0435\\u043b\\u0435\\u0437\\u043d\\u0430\\u044f \\u0411\\u0440\\u043e\\u043d\\u044f (60%) (\\u0423\\u0440. 2) | \\u041a\\u0430\\u0447\\u0435\\u0441\\u0442\\u0432\\u0435\\u043d\\u043d\\u0430\\u044f \\u041a\\u043e\\u0436\\u0430\"}}, {\"added\": {\"name\": \"\\u041f\\u0440\\u0435\\u0434\\u043c\\u0435\\u0442 \\u0438\\u0437\\u0433\\u043e\\u0442\\u043e\\u0432\\u043b\\u0435\\u043d\\u0438\", \"object\": \"\\u0420\\u0435\\u0446\\u0435\\u043f\\u0442: \\u0416\\u0435\\u043b\\u0435\\u0437\\u043d\\u0430\\u044f \\u0411\\u0440\\u043e\\u043d\\u044f (60%) (\\u0423\\u0440. 2) | \\u0427\\u0430\\u0441\\u0442\\u044c \\u0416\\u0435\\u043b\\u0435\\u0437\\u043d\\u043e\\u0433\\u043e \\u0414\\u043e\\u0441\\u043f\\u0435\\u0445\\u0430\"}}]"
 }
},
{
 "model": "admin.logentry",
 "pk": 116,
 "fields": {
  "action_time": "2024-03-29T08:37:39.199Z",
  "user": 1,
  "content_type": 20,
  "object_id": "70",
  "object_repr": "Рецепт: Качественное Железо (100%) (Ур. 2)",
  "action_flag": 2,
  "change_message": "[{\"changed\": {\"fields\": [\"\\u0423\\u0440\\u043e\\u0432\\u0435\\u043d\\u044c\"]}}]"
 }
},
{
 "model": "admin.logentry",
 "pk": 117,
 "fields": {
  "action_time": "2024-03-29T08:37:46.435Z",
  "user": 1,
  "content_type": 20,
  "object_id": "69",
  "object_repr": "Рецепт: Качественная Древесина (100%) (Ур. 2)",
  "action_flag": 2,
  "change_message": "[{\"changed\": {\"fields\": [\"\\u0423\\u0440\\u043e\\u0432\\u0435\\u043d\\u044c\"]}}]"
 }
},
{
 "model": "admin.logentry",
 "pk": 118,
 "fields": {
  "action_time": "2024-03-29T08:37:51.760Z",
  "user": 1,
  "content_type": 20,
  "object_id": "68",
  "object_repr": "Рецепт: Качественная Ткань (100%) (Ур. 2)",
  "action_flag": 2,
  "change_message": "[{\"changed\": {\"fields\": [\"\\u0423\\u0440\\u043e\\u0432\\u0435\\u043d\\u044c\"]}}]"
 }
},
{
 "model": "admin.logentry",
 "pk": 119,
 "fields": {
  "action_time": "2024-03-29T08:37:57.182Z",
  "user": 1,
  "content_type": 20,
  "object_id": "67",
  "object_repr": "Рецепт: Качественная Кожа (100%) (Ур. 2)",
  "action_flag": 2,
  "change_message": "[{\"changed\": {\"fields\": [\"\\u0423\\u0440\\u043e\\u0432\\u0435\\u043d\\u044c\"]}}]"
 }
},
{
 "model": "admin.logentry",
 "pk": 120,
 "fields": {
  "action_time": "2024-03-29T08:38:51.775Z",
  "user": 1,
  "content_type": 13,
  "object_id": "76",
  "object_repr": "Часть Кожаного Доспеха",
  "action_flag": 2,
  "change_message": "[{\"changed\": {\"fields\": [\"\\u0421\\u0442\\u043e\\u0438\\u043c\\u043e\\u0441\\u0442\\u044c \\u043f\\u0440\\u043e\\u0434\\u0430\\u0436\\u0438\"]}}]"
 }
},
{
 "model": "admin.logentry",
 "pk": 121,
 "fields": {
  "action_time": "2024-03-29T08:38:58.382Z",
  "user": 1,
  "content_type": 13,
  "object_id": "78",
  "object_repr": "Часть Железного Доспеха",
  "action_flag": 2,
  "change_message": "[{\"changed\": {\"fields\": [\"\\u0421\\u0442\\u043e\\u0438\\u043c\\u043e\\u0441\\u0442\\u044c \\u043f\\u0440\\u043e\\u0434\\u0430\\u0436\\u0438\"]}}]"
 }
},
{
 "model": "admin.logentry",
 "pk": 122,
 "fields": {
  "action_time": "2024-03-29T08:39:15.686Z",
  "user": 1,
  "content_type": 18,
  "object_id": "73",
  "object_repr": "Укрепленная Мантия",
  "action_flag": 2,
  "change_message": "[{\"changed\": {\"fields\": [\"\\u0421\\u0442\\u043e\\u0438\\u043c\\u043e\\u0441\\u0442\\u044c \\u043f\\u0440\\u043e\\u0434\\u0430\\u0436\\u0438\"]}}]"
 }
},
{
 "model": "admin.logentry",
 "pk": 123,
 "fields": {
  "action_time": "2024-03-29T08:39:21.061Z",
  "user": 1,
  "content_type": 18,
  "object_id": "72",
  "object_repr": "Кожаный Доспех",
  "action_flag": 2,
  "change_message": "[{\"changed\": {\"fields\": [\"\\u0421\\u0442\\u043e\\u0438\\u043c\\u043e\\u0441\\u0442\\u044c \\u043f\\u0440\\u043e\\u0434\\u0430\\u0436\\u0438\"]}}]"
 }
},
{
 "model": "admin.logentry",
 "pk": 124,
 "fields": {
  "action_time": "2024-03-29T08:39:25.637Z",
  "user": 1,
  "content_type": 18,
  "object_id": "71",
  "object_repr": "Железная Броня",
  "action_flag": 2,
  "change_message": "[{\"changed\": {\"fields\": [\"\\u0421\\u0442\\u043e\\u0438\\u043c\\u043e\\u0441\\u0442\\u044c \\u043f\\u0440\\u043e\\u0434\\u0430\\u0436\\u0438\"]}}]"
 }
},
{
 "model": "admin.logentry",
 "pk": 125,
 "fields": {
  "action_time": "2024-03-29T08:39:39.650Z",
  "user": 1,
  "content_type": 18,
  "object_id": "27",
  "object_repr": "Браслет",
  "action_flag": 2,
  "change_message": "[{\"changed\": {\"fields\": [\"\\u0421\\u0442\\u043e\\u0438\\u043c\\u043e\\u0441\\u0442\\u044c \\u043f\\u0440\\u043e\\u0434\\u0430\\u0436\\u0438\"]}}]"
 }
},
{
 "model": "admin.logentry",
 "pk": 126,
 "fields": {
  "action_time": "2024-03-29T08:41:27.352Z",
  "user": 1,
  "content_type": 8,
  "object_id": "27",
  "object_repr": "️⚔️Атака: 18",
  "action_flag": 1,
  "change_message": "[{\"added\": {}}]"
 }
},
{
 "model": "admin.logentry",
 "pk": 127,
 "fields": {
  "action_time": "2024-03-29T08:42:02.440Z",
  "user": 1,
  "content_type": 8,
  "object_id": "27",
  "object_repr": "️⚔️Атака: 20",
  "action_flag": 2,
  "change_message": "[{\"changed\": {\"fields\": [\"\\u041a\\u043e\\u043b\\u0438\\u0447\\u0435\\u0441\\u0442\\u0432\\u043e\"]}}]"
 }
},
{
 "model": "admin.logentry",
 "pk": 128,
 "fields": {
  "action_time": "2024-03-29T08:42:04.966Z",
  "user": 1,
  "content_type": 19,
  "object_id": "80",
  "object_repr": "Магический Жезл",
  "action_flag": 1,
  "change_message": "[{\"added\": {}}, {\"added\": {\"name\": \"\\u042d\\u0444\\u0444\\u0435\\u043a\\u0442 \\u043f\\u0440\\u0435\\u0434\\u043c\\u0435\\u0442\\u0430\", \"object\": \"\\u041c\\u0430\\u0433\\u0438\\u0447\\u0435\\u0441\\u043a\\u0438\\u0439 \\u0416\\u0435\\u0437\\u043b \\ufe0f\\u2694\\ufe0f\\u0410\\u0442\\u0430\\u043a\\u0430: 20\"}}]"
 }
},
{
 "model": "admin.logentry",
 "pk": 129,
 "fields": {
  "action_time": "2024-03-29T08:42:47.415Z",
  "user": 1,
  "content_type": 8,
  "object_id": "28",
  "object_repr": "️⚔️Атака: 18",
  "action_flag": 1,
  "change_message": "[{\"added\": {}}]"
 }
},
{
 "model": "admin.logentry",
 "pk": 130,
 "fields": {
  "action_time": "2024-03-29T08:42:49.486Z",
  "user": 1,
  "content_type": 19,
  "object_id": "81",
  "object_repr": "Железный Кинжал",
  "action_flag": 1,
  "change_message": "[{\"added\": {}}, {\"added\": {\"name\": \"\\u042d\\u0444\\u0444\\u0435\\u043a\\u0442 \\u043f\\u0440\\u0435\\u0434\\u043c\\u0435\\u0442\\u0430\", \"object\": \"\\u0416\\u0435\\u043b\\u0435\\u0437\\u043d\\u044b\\u0439 \\u041a\\u0438\\u043d\\u0436\\u0430\\u043b \\ufe0f\\u2694\\ufe0f\\u0410\\u0442\\u0430\\u043a\\u0430: 18\"}}]"
 }
},
{
 "model": "admin.logentry",
 "pk": 131,
 "fields": {
  "action_time": "2024-03-29T08:43:23.759Z",
  "user": 1,
  "content_type": 19,
  "object_id": "82",
  "object_repr": "Железная Дубина",
  "action_flag": 1,
  "change_message": "[{\"added\": {}}, {\"added\": {\"name\": \"\\u042d\\u0444\\u0444\\u0435\\u043a\\u0442 \\u043f\\u0440\\u0435\\u0434\\u043c\\u0435\\u0442\\u0430\", \"object\": \"\\u0416\\u0435\\u043b\\u0435\\u0437\\u043d\\u0430\\u044f \\u0414\\u0443\\u0431\\u0438\\u043d\\u0430 \\ufe0f\\u2694\\ufe0f\\u0410\\u0442\\u0430\\u043a\\u0430: 18\"}}]"
 }
},
{
 "model": "admin.logentry",
 "pk": 132,
 "fields": {
  "action_time": "2024-03-29T08:43:43.809Z",
  "user": 1,
  "content_type": 8,
  "object_id": "29",
  "object_repr": "️⚔️Атака: 17",
  "action_flag": 1,
  "change_message": "[{\"added\": {}}]"
 }
},
{
 "model": "admin.logentry",
 "pk": 133,
 "fields": {
  "action_time": "2024-03-29T08:43:47.381Z",
  "user": 1,
  "content_type": 19,
  "object_id": "83",
  "object_repr": "Железный Меч",
  "action_flag": 1,
  "change_message": "[{\"added\": {}}, {\"added\": {\"name\": \"\\u042d\\u0444\\u0444\\u0435\\u043a\\u0442 \\u043f\\u0440\\u0435\\u0434\\u043c\\u0435\\u0442\\u0430\", \"object\": \"\\u0416\\u0435\\u043b\\u0435\\u0437\\u043d\\u044b\\u0439 \\u041c\\u0435\\u0447 \\ufe0f\\u2694\\ufe0f\\u0410\\u0442\\u0430\\u043a\\u0430: 17\"}}]"
 }
},
{
 "model": "admin.logentry",
 "pk": 134,
 "fields": {
  "action_time": "2024-03-29T08:43:53.291Z",
  "user": 1,
  "content_type": 19,
  "object_id": "83",
  "object_repr": "Железный Меч",
  "action_flag": 2,
  "change_message": "[{\"changed\": {\"fields\": [\"\\u0421\\u0442\\u043e\\u0438\\u043c\\u043e\\u0441\\u0442\\u044c \\u043f\\u0440\\u043e\\u0434\\u0430\\u0436\\u0438\"]}}]"
 }
},
{
 "model": "admin.logentry",
 "pk": 135,
 "fields": {
  "action_time": "2024-03-29T08:45:16.173Z",
  "user": 1,
  "content_type": 13,
  "object_id": "84",
  "object_repr": "Осколок Железного Меча",
  "action_flag": 1,
  "change_message": "[{\"added\": {}}]"
 }
},
{
 "model": "admin.logentry",
 "pk": 136,
 "fields": {
  "action_time": "2024-03-29T08:45:21.630Z",
  "user": 1,
  "content_type": 20,
  "object_id": "85",
  "object_repr": "Рецепт: Железный Меч (60%) (Ур. 2)",
  "action_flag": 1,
  "change_message": "[{\"added\": {}}, {\"added\": {\"name\": \"\\u041f\\u0440\\u0435\\u0434\\u043c\\u0435\\u0442 \\u0438\\u0437\\u0433\\u043e\\u0442\\u043e\\u0432\\u043b\\u0435\\u043d\\u0438\", \"object\": \"\\u0420\\u0435\\u0446\\u0435\\u043f\\u0442: \\u0416\\u0435\\u043b\\u0435\\u0437\\u043d\\u044b\\u0439 \\u041c\\u0435\\u0447 (60%) (\\u0423\\u0440. 2) | \\u041a\\u0430\\u0447\\u0435\\u0441\\u0442\\u0432\\u0435\\u043d\\u043d\\u043e\\u0435 \\u0416\\u0435\\u043b\\u0435\\u0437\\u043e\"}}, {\"added\": {\"name\": \"\\u041f\\u0440\\u0435\\u0434\\u043c\\u0435\\u0442 \\u0438\\u0437\\u0433\\u043e\\u0442\\u043e\\u0432\\u043b\\u0435\\u043d\\u0438\", \"object\": \"\\u0420\\u0435\\u0446\\u0435\\u043f\\u0442: \\u0416\\u0435\\u043b\\u0435\\u0437\\u043d\\u044b\\u0439 \\u041c\\u0435\\u0447 (60%) (\\u0423\\u0440. 2) | \\u041a\\u0430\\u0447\\u0435\\u0441\\u0442\\u0432\\u0435\\u043d\\u043d\\u0430\\u044f \\u0414\\u0440\\u0435\\u0432\\u0435\\u0441\\u0438\\u043d\\u0430\"}}, {\"added\": {\"name\": \"\\u041f\\u0440\\u0435\\u0434\\u043c\\u0435\\u0442 \\u0438\\u0437\\u0433\\u043e\\u0442\\u043e\\u0432\\u043b\\u0435\\u043d\\u0438\", \"object\": \"\\u0420\\u0435\\u0446\\u0435\\u043f\\u0442: \\u0416\\u0435\\u043b\\u0435\\u0437\\u043d\\u044b\\u0439 \\u041c\\u0435\\u0447 (60%) (\\u0423\\u0440. 2) | \\u041e\\u0441\\u043a\\u043e\\u043b\\u043e\\u043a \\u0416\\u0435\\u043b\\u0435\\u0437\\u043d\\u043e\\u0433\\u043e \\u041c\\u0435\\u0447\\u0430\"}}]"
 }
},
{
 "model": "admin.logentry",
 "pk": 137,
 "fields": {
  "action_time": "2024-03-29T08:47:03.929Z",
  "user": 1,
  "content_type": 13,
  "object_id": "86",
  "object_repr": "Осколок Железного Кинжала",
  "action_flag": 1,
  "change_message": "[{\"added\": {}}]"
 }
},
{
 "model": "admin.logentry",
 "pk": 138,
 "fields": {
  "action_time": "2024-03-29T08:47:07.647Z",
  "user": 1,
  "content_type": 20,
  "object_id": "87",
  "object_repr": "Рецепт: Железный Кинжал (60%) (Ур. 2)",
  "action_flag": 1,
  "change_message": "[{\"added\": {}}, {\"added\": {\"name\": \"\\u041f\\u0440\\u0435\\u0434\\u043c\\u0435\\u0442 \\u0438\\u0437\\u0433\\u043e\\u0442\\u043e\\u0432\\u043b\\u0435\\u043d\\u0438\", \"object\": \"\\u0420\\u0435\\u0446\\u0435\\u043f\\u0442: \\u0416\\u0435\\u043b\\u0435\\u0437\\u043d\\u044b\\u0439 \\u041a\\u0438\\u043d\\u0436\\u0430\\u043b (60%) (\\u0423\\u0440. 2) | \\u041a\\u0430\\u0447\\u0435\\u0441\\u0442\\u0432\\u0435\\u043d\\u043d\\u043e\\u0435 \\u0416\\u0435\\u043b\\u0435\\u0437\\u043e\"}}, {\"added\": {\"name\": \"\\u041f\\u0440\\u0435\\u0434\\u043c\\u0435\\u0442 \\u0438\\u0437\\u0433\\u043e\\u0442\\u043e\\u0432\\u043b\\u0435\\u043d\\u0438\", \"object\": \"\\u0420\\u0435\\u0446\\u0435\\u043f\\u0442: \\u0416\\u0435\\u043b\\u0435\\u0437\\u043d\\u044b\\u0439 \\u041a\\u0438\\u043d\\u0436\\u0430\\u043b (60%) (\\u0423\\u0440. 2) | \\u041a\\u0430\\u0447\\u0435\\u0441\\u0442\\u0432\\u0435\\u043d\\u043d\\u0430\\u044f \\u0414\\u0440\\u0435\\u0432\\u0435\\u0441\\u0438\\u043d\\u0430\"}}, {\"added\": {\"name\": \"\\u041f\\u0440\\u0435\\u0434\\u043c\\u0435\\u0442 \\u0438\\u0437\\u0433\\u043e\\u0442\\u043e\\u0432\\u043b\\u0435\\u043d\\u0438\", \"object\": \"\\u0420\\u0435\\u0446\\u0435\\u043f\\u0442: \\u0416\\u0435\\u043b\\u0435\\u0437\\u043d\\u044b\\u0439 \\u041a\\u0438\\u043d\\u0436\\u0430\\u043b (60%) (\\u0423\\u0440. 2) | \\u041a\\u0430\\u0447\\u0435\\u0441\\u0442\\u0432\\u0435\\u043d\\u043d\\u0430\\u044f \\u041a\\u043e\\u0436\\u0430\"}}, {\"added\": {\"name\": \"\\u041f\\u0440\\u0435\\u0434\\u043c\\u0435\\u0442 \\u0438\\u0437\\u0433\\u043e\\u0442\\u043e\\u0432\\u043b\\u0435\\u043d\\u0438\", \"object\": \"\\u0420\\u0435\\u0446\\u0435\\u043f\\u0442: \\u0416\\u0435\\u043b\\u0435\\u0437\\u043d\\u044b\\u0439 \\u041a\\u0438\\u043d\\u0436\\u0430\\u043b (60%) (\\u0423\\u0440. 2) | \\u041e\\u0441\\u043a\\u043e\\u043b\\u043e\\u043a \\u0416\\u0435\\u043b\\u0435\\u0437\\u043d\\u043e\\u0433\\u043e \\u041a\\u0438\\u043d\\u0436\\u0430\\u043b\\u0430\"}}]"
 }
},
{
 "model": "admin.logentry",
 "pk": 139,
 "fields": {
  "action_time": "2024-03-29T08:47:15.002Z",
  "user": 1,
  "content_type": 20,
  "object_id": "87",
  "object_repr": "Рецепт: Железный Кинжал (60%) (Ур. 2)",
  "action_flag": 2,
  "change_message": "[{\"changed\": {\"fields\": [\"\\u0422\\u0438\\u043f\"]}}]"
 }
},
{
 "model": "admin.logentry",
 "pk": 140,
 "fields": {
  "action_time": "2024-03-29T08:48:35.760Z",
  "user": 1,
  "content_type": 13,
  "object_id": "88",
  "object_repr": "Осколок Железной Дубины",
  "action_flag": 1,
  "change_message": "[{\"added\": {}}]"
 }
},
{
 "model": "admin.logentry",
 "pk": 141,
 "fields": {
  "action_time": "2024-03-29T08:48:39.625Z",
  "user": 1,
  "content_type": 20,
  "object_id": "89",
  "object_repr": "Рецепт: Железная Дубина (60%) (Ур. 2)",
  "action_flag": 1,
  "change_message": "[{\"added\": {}}, {\"added\": {\"name\": \"\\u041f\\u0440\\u0435\\u0434\\u043c\\u0435\\u0442 \\u0438\\u0437\\u0433\\u043e\\u0442\\u043e\\u0432\\u043b\\u0435\\u043d\\u0438\", \"object\": \"\\u0420\\u0435\\u0446\\u0435\\u043f\\u0442: \\u0416\\u0435\\u043b\\u0435\\u0437\\u043d\\u0430\\u044f \\u0414\\u0443\\u0431\\u0438\\u043d\\u0430 (60%) (\\u0423\\u0440. 2) | \\u0416\\u0435\\u043b\\u0435\\u0437\\u043e\"}}, {\"added\": {\"name\": \"\\u041f\\u0440\\u0435\\u0434\\u043c\\u0435\\u0442 \\u0438\\u0437\\u0433\\u043e\\u0442\\u043e\\u0432\\u043b\\u0435\\u043d\\u0438\", \"object\": \"\\u0420\\u0435\\u0446\\u0435\\u043f\\u0442: \\u0416\\u0435\\u043b\\u0435\\u0437\\u043d\\u0430\\u044f \\u0414\\u0443\\u0431\\u0438\\u043d\\u0430 (60%) (\\u0423\\u0440. 2) | \\u041a\\u0430\\u0447\\u0435\\u0441\\u0442\\u0432\\u0435\\u043d\\u043d\\u0430\\u044f \\u041a\\u043e\\u0436\\u0430\"}}, {\"added\": {\"name\": \"\\u041f\\u0440\\u0435\\u0434\\u043c\\u0435\\u0442 \\u0438\\u0437\\u0433\\u043e\\u0442\\u043e\\u0432\\u043b\\u0435\\u043d\\u0438\", \"object\": \"\\u0420\\u0435\\u0446\\u0435\\u043f\\u0442: \\u0416\\u0435\\u043b\\u0435\\u0437\\u043d\\u0430\\u044f \\u0414\\u0443\\u0431\\u0438\\u043d\\u0430 (60%) (\\u0423\\u0440. 2) | \\u041e\\u0441\\u043a\\u043e\\u043b\\u043e\\u043a \\u0416\\u0435\\u043b\\u0435\\u0437\\u043d\\u043e\\u0439 \\u0414\\u0443\\u0431\\u0438\\u043d\\u044b\"}}]"
 }
},
{
 "model": "admin.logentry",
 "pk": 142,
 "fields": {
  "action_time": "2024-03-29T08:49:58.690Z",
  "user": 1,
  "content_type": 13,
  "object_id": "90",
  "object_repr": "Осколок Магического Жезла",
  "action_flag": 1,
  "change_message": "[{\"added\": {}}]"
 }
},
{
 "model": "admin.logentry",
 "pk": 143,
 "fields": {
  "action_time": "2024-03-29T08:50:02.314Z",
  "user": 1,
  "content_type": 20,
  "object_id": "91",
  "object_repr": "Рецепт: Магический Жезл (60%) (Ур. 2)",
  "action_flag": 1,
  "change_message": "[{\"added\": {}}, {\"added\": {\"name\": \"\\u041f\\u0440\\u0435\\u0434\\u043c\\u0435\\u0442 \\u0438\\u0437\\u0433\\u043e\\u0442\\u043e\\u0432\\u043b\\u0435\\u043d\\u0438\", \"object\": \"\\u0420\\u0435\\u0446\\u0435\\u043f\\u0442: \\u041c\\u0430\\u0433\\u0438\\u0447\\u0435\\u0441\\u043a\\u0438\\u0439 \\u0416\\u0435\\u0437\\u043b (60%) (\\u0423\\u0440. 2) | \\u041a\\u0430\\u0447\\u0435\\u0441\\u0442\\u0432\\u0435\\u043d\\u043d\\u043e\\u0435 \\u0416\\u0435\\u043b\\u0435\\u0437\\u043e\"}}, {\"added\": {\"name\": \"\\u041f\\u0440\\u0435\\u0434\\u043c\\u0435\\u0442 \\u0438\\u0437\\u0433\\u043e\\u0442\\u043e\\u0432\\u043b\\u0435\\u043d\\u0438\", \"object\": \"\\u0420\\u0435\\u0446\\u0435\\u043f\\u0442: \\u041c\\u0430\\u0433\\u0438\\u0447\\u0435\\u0441\\u043a\\u0438\\u0439 \\u0416\\u0435\\u0437\\u043b (60%) (\\u0423\\u0440. 2) | \\u041a\\u0430\\u0447\\u0435\\u0441\\u0442\\u0432\\u0435\\u043d\\u043d\\u0430\\u044f \\u0414\\u0440\\u0435\\u0432\\u0435\\u0441\\u0438\\u043d\\u0430\"}}, {\"added\": {\"name\": \"\\u041f\\u0440\\u0435\\u0434\\u043c\\u0435\\u0442 \\u0438\\u0437\\u0433\\u043e\\u0442\\u043e\\u0432\\u043b\\u0435\\u043d\\u0438\", \"object\": \"\\u0420\\u0435\\u0446\\u0435\\u043f\\u0442: \\u041c\\u0430\\u0433\\u0438\\u0447\\u0435\\u0441\\u043a\\u0438\\u0439 \\u0416\\u0435\\u0437\\u043b (60%) (\\u0423\\u0440. 2) | \\u041a\\u0430\\u0447\\u0435\\u0441\\u0442\\u0432\\u0435\\u043d\\u043d\\u0430\\u044f \\u041a\\u043e\\u0436\\u0430\"}}, {\"added\": {\"name\": \"\\u041f\\u0440\\u0435\\u0434\\u043c\\u0435\\u0442 \\u0438\\u0437\\u0433\\u043e\\u0442\\u043e\\u0432\\u043b\\u0435\\u043d\\u0438\", \"object\": \"\\u0420\\u0435\\u0446\\u0435\\u043f\\u0442: \\u041c\\u0430\\u0433\\u0438\\u0447\\u0435\\u0441\\u043a\\u0438\\u0439 \\u0416\\u0435\\u0437\\u043b (60%) (\\u0423\\u0440. 2) | \\u041e\\u0441\\u043a\\u043e\\u043b\\u043e\\u043a \\u041c\\u0430\\u0433\\u0438\\u0447\\u0435\\u0441\\u043a\\u043e\\u0433\\u043e \\u0416\\u0435\\u0437\\u043b\\u0430\"}}]"
 }
},
{
 "model": "admin.logentry",
 "pk": 144,
 "fields": {
  "action_time": "2024-03-29T09:01:05.409Z",
  "user": 1,
  "content_type": 10,
  "object_id": "92",
  "object_repr": "Мешок с Рецептами (Уровень 2)",
  "action_flag": 1,
  "change_message": "[{\"added\": {}}, {\"added\": {\"name\": \"\\u041f\\u0440\\u0435\\u0434\\u043c\\u0435\\u0442 \\u0432 \\u043c\\u0435\\u0448\\u043a\\u0435\", \"object\": \"Bag: \\u041c\\u0435\\u0448\\u043e\\u043a \\u0441 \\u0420\\u0435\\u0446\\u0435\\u043f\\u0442\\u0430\\u043c\\u0438 (\\u0423\\u0440\\u043e\\u0432\\u0435\\u043d\\u044c 2) | Item: \\u0420\\u0435\\u0446\\u0435\\u043f\\u0442: \\u0416\\u0435\\u043b\\u0435\\u0437\\u043d\\u0430\\u044f \\u0411\\u0440\\u043e\\u043d\\u044f | Chance: 1%\"}}, {\"added\": {\"name\": \"\\u041f\\u0440\\u0435\\u0434\\u043c\\u0435\\u0442 \\u0432 \\u043c\\u0435\\u0448\\u043a\\u0435\", \"object\": \"Bag: \\u041c\\u0435\\u0448\\u043e\\u043a \\u0441 \\u0420\\u0435\\u0446\\u0435\\u043f\\u0442\\u0430\\u043c\\u0438 (\\u0423\\u0440\\u043e\\u0432\\u0435\\u043d\\u044c 2) | Item: \\u0420\\u0435\\u0446\\u0435\\u043f\\u0442: \\u0422\\u0430\\u043b\\u0438\\u0441\\u043c\\u0430\\u043d | Chance: 1%\"}}, {\"added\": {\"name\": \"\\u041f\\u0440\\u0435\\u0434\\u043c\\u0435\\u0442 \\u0432 \\u043c\\u0435\\u0448\\u043a\\u0435\", \"object\": \"Bag: \\u041c\\u0435\\u0448\\u043e\\u043a \\u0441 \\u0420\\u0435\\u0446\\u0435\\u043f\\u0442\\u0430\\u043c\\u0438 (\\u0423\\u0440\\u043e\\u0432\\u0435\\u043d\\u044c 2) | Item: \\u0420\\u0435\\u0446\\u0435\\u043f\\u0442: \\u0421\\u0432\\u0438\\u0442\\u043e\\u043a | Chance: 1%\"}}, {\"added\": {\"name\": \"\\u041f\\u0440\\u0435\\u0434\\u043c\\u0435\\u0442 \\u0432 \\u043c\\u0435\\u0448\\u043a\\u0435\", \"object\": \"Bag: \\u041c\\u0435\\u0448\\u043e\\u043a \\u0441 \\u0420\\u0435\\u0446\\u0435\\u043f\\u0442\\u0430\\u043c\\u0438 (\\u0423\\u0440\\u043e\\u0432\\u0435\\u043d\\u044c 2) | Item: \\u0420\\u0435\\u0446\\u0435\\u043f\\u0442: \\u0423\\u043a\\u0440\\u0435\\u043f\\u043b\\u0435\\u043d\\u043d\\u0430\\u044f \\u041c\\u0430\\u043d\\u0442\\u0438\\u044f | Chance: 1%\"}}, {\"added\": {\"name\": \"\\u041f\\u0440\\u0435\\u0434\\u043c\\u0435\\u0442 \\u0432 \\u043c\\u0435\\u0448\\u043a\\u0435\", \"object\": \"Bag: \\u041c\\u0435\\u0448\\u043e\\u043a \\u0441 \\u0420\\u0435\\u0446\\u0435\\u043f\\u0442\\u0430\\u043c\\u0438 (\\u0423\\u0440\\u043e\\u0432\\u0435\\u043d\\u044c 2) | Item: \\u0420\\u0435\\u0446\\u0435\\u043f\\u0442: \\u0411\\u0440\\u0430\\u0441\\u043b\\u0435\\u0442 | Chance: 1%\"}}, {\"added\": {\"name\": \"\\u041f\\u0440\\u0435\\u0434\\u043c\\u0435\\u0442 \\u0432 \\u043c\\u0435\\u0448\\u043a\\u0435\", \"object\": \"Bag: \\u041c\\u0435\\u0448\\u043e\\u043a \\u0441 \\u0420\\u0435\\u0446\\u0435\\u043f\\u0442\\u0430\\u043c\\u0438 (\\u0423\\u0440\\u043e\\u0432\\u0435\\u043d\\u044c 2) | Item: \\u0420\\u0435\\u0446\\u0435\\u043f\\u0442: \\u041a\\u0430\\u0447\\u0435\\u0441\\u0442\\u0432\\u0435\\u043d\\u043d\\u0430\\u044f \\u0422\\u043a\\u0430\\u043d\\u044c | Chance: 1%\"}}, {\"added\": {\"name\": \"\\u041f\\u0440\\u0435\\u0434\\u043c\\u0435\\u0442 \\u0432 \\u043c\\u0435\\u0448\\u043a\\u0435\", \"object\": \"Bag: \\u041c\\u0435\\u0448\\u043e\\u043a \\u0441 \\u0420\\u0435\\u0446\\u0435\\u043f\\u0442\\u0430\\u043c\\u0438 (\\u0423\\u0440\\u043e\\u0432\\u0435\\u043d\\u044c 2) | Item: \\u0420\\u0435\\u0446\\u0435\\u043f\\u0442: \\u041a\\u0430\\u0447\\u0435\\u0441\\u0442\\u0432\\u0435\\u043d\\u043d\\u0430\\u044f \\u041a\\u043e\\u0436\\u0430 | Chance: 1%\"}}, {\"added\": {\"name\": \"\\u041f\\u0440\\u0435\\u0434\\u043c\\u0435\\u0442 \\u0432 \\u043c\\u0435\\u0448\\u043a\\u0435\", \"object\": \"Bag: \\u041c\\u0435\\u0448\\u043e\\u043a \\u0441 \\u0420\\u0435\\u0446\\u0435\\u043f\\u0442\\u0430\\u043c\\u0438 (\\u0423\\u0440\\u043e\\u0432\\u0435\\u043d\\u044c 2) | Item: \\u0420\\u0435\\u0446\\u0435\\u043f\\u0442: \\u041a\\u0430\\u0447\\u0435\\u0441\\u0442\\u0432\\u0435\\u043d\\u043d\\u043e\\u0435 \\u0416\\u0435\\u043b\\u0435\\u0437\\u043e | Chance: 1%\"}}, {\"added\": {\"name\": \"\\u041f\\u0440\\u0435\\u0434\\u043c\\u0435\\u0442 \\u0432 \\u043c\\u0435\\u0448\\u043a\\u0435\", \"object\": \"Bag: \\u041c\\u0435\\u0448\\u043e\\u043a \\u0441 \\u0420\\u0435\\u0446\\u0435\\u043f\\u0442\\u0430\\u043c\\u0438 (\\u0423\\u0440\\u043e\\u0432\\u0435\\u043d\\u044c 2) | Item: \\u0420\\u0435\\u0446\\u0435\\u043f\\u0442: \\u041a\\u0430\\u0447\\u0435\\u0441\\u0442\\u0432\\u0435\\u043d\\u043d\\u0430\\u044f \\u0414\\u0440\\u0435\\u0432\\u0435\\u0441\\u0438\\u043d\\u0430 | Chance: 1%\"}}, {\"added\": {\"name\": \"\\u041f\\u0440\\u0435\\u0434\\u043c\\u0435\\u0442 \\u0432 \\u043c\\u0435\\u0448\\u043a\\u0435\", \"object\": \"Bag: \\u041c\\u0435\\u0448\\u043e\\u043a \\u0441 \\u0420\\u0435\\u0446\\u0435\\u043f\\u0442\\u0430\\u043c\\u0438 (\\u0423\\u0440\\u043e\\u0432\\u0435\\u043d\\u044c 2) | Item: \\u0420\\u0435\\u0446\\u0435\\u043f\\u0442: \\u041a\\u043e\\u0436\\u0430\\u043d\\u044b\\u0439 \\u0414\\u043e\\u0441\\u043f\\u0435\\u0445 | Chance: 1%\"}}]"
 }
},
{
 "model": "admin.logentry",
 "pk": 145,
 "fields": {
  "action_time": "2024-03-29T09:04:11.859Z",
  "user": 1,
  "content_type": 10,
  "object_id": "92",
  "object_repr": "Мешок с Рецептами (Уровень 2)",
  "action_flag": 2,
  "change_message": "[{\"added\": {\"name\": \"\\u041f\\u0440\\u0435\\u0434\\u043c\\u0435\\u0442 \\u0432 \\u043c\\u0435\\u0448\\u043a\\u0435\", \"object\": \"Bag: \\u041c\\u0435\\u0448\\u043e\\u043a \\u0441 \\u0420\\u0435\\u0446\\u0435\\u043f\\u0442\\u0430\\u043c\\u0438 (\\u0423\\u0440\\u043e\\u0432\\u0435\\u043d\\u044c 2) | Item: \\u0420\\u0435\\u0446\\u0435\\u043f\\u0442: \\u041c\\u0430\\u0433\\u0438\\u0447\\u0435\\u0441\\u043a\\u0438\\u0439 \\u0416\\u0435\\u0437\\u043b | Chance: 3%\"}}, {\"added\": {\"name\": \"\\u041f\\u0440\\u0435\\u0434\\u043c\\u0435\\u0442 \\u0432 \\u043c\\u0435\\u0448\\u043a\\u0435\", \"object\": \"Bag: \\u041c\\u0435\\u0448\\u043e\\u043a \\u0441 \\u0420\\u0435\\u0446\\u0435\\u043f\\u0442\\u0430\\u043c\\u0438 (\\u0423\\u0440\\u043e\\u0432\\u0435\\u043d\\u044c 2) | Item: \\u0420\\u0435\\u0446\\u0435\\u043f\\u0442: \\u0416\\u0435\\u043b\\u0435\\u0437\\u043d\\u0430\\u044f \\u0414\\u0443\\u0431\\u0438\\u043d\\u0430 | Chance: 3%\"}}, {\"added\": {\"name\": \"\\u041f\\u0440\\u0435\\u0434\\u043c\\u0435\\u0442 \\u0432 \\u043c\\u0435\\u0448\\u043a\\u0435\", \"object\": \"Bag: \\u041c\\u0435\\u0448\\u043e\\u043a \\u0441 \\u0420\\u0435\\u0446\\u0435\\u043f\\u0442\\u0430\\u043c\\u0438 (\\u0423\\u0440\\u043e\\u0432\\u0435\\u043d\\u044c 2) | Item: \\u0420\\u0435\\u0446\\u0435\\u043f\\u0442: \\u0416\\u0435\\u043b\\u0435\\u0437\\u043d\\u044b\\u0439 \\u041a\\u0438\\u043d\\u0436\\u0430\\u043b | Chance: 3%\"}}, {\"added\": {\"name\": \"\\u041f\\u0440\\u0435\\u0434\\u043c\\u0435\\u0442 \\u0432 \\u043c\\u0435\\u0448\\u043a\\u0435\", \"object\": \"Bag: \\u041c\\u0435\\u0448\\u043e\\u043a \\u0441 \\u0420\\u0435\\u0446\\u0435\\u043f\\u0442\\u0430\\u043c\\u0438 (\\u0423\\u0440\\u043e\\u0432\\u0435\\u043d\\u044c 2) | Item: \\u0420\\u0435\\u0446\\u0435\\u043f\\u0442: \\u0416\\u0435\\u043b\\u0435\\u0437\\u043d\\u044b\\u0439 \\u041c\\u0435\\u0447 | Chance: 3%\"}}, {\"changed\": {\"name\": \"\\u041f\\u0440\\u0435\\u0434\\u043c\\u0435\\u0442 \\u0432 \\u043c\\u0435\\u0448\\u043a\\u0435\", \"object\": \"Bag: \\u041c\\u0435\\u0448\\u043e\\u043a \\u0441 \\u0420\\u0435\\u0446\\u0435\\u043f\\u0442\\u0430\\u043c\\u0438 (\\u0423\\u0440\\u043e\\u0432\\u0435\\u043d\\u044c 2) | Item: \\u0420\\u0435\\u0446\\u0435\\u043f\\u0442: \\u0423\\u043a\\u0440\\u0435\\u043f\\u043b\\u0435\\u043d\\u043d\\u0430\\u044f \\u041c\\u0430\\u043d\\u0442\\u0438\\u044f | Chance: 3%\", \"fields\": [\"\\u041a\\u043e\\u043b\\u0438\\u0447\\u0435\\u0441\\u0442\\u0432\\u043e \\u0432 \\u043c\\u0435\\u0448\\u043a\\u0435\"]}}, {\"changed\": {\"name\": \"\\u041f\\u0440\\u0435\\u0434\\u043c\\u0435\\u0442 \\u0432 \\u043c\\u0435\\u0448\\u043a\\u0435\", \"object\": \"Bag: \\u041c\\u0435\\u0448\\u043e\\u043a \\u0441 \\u0420\\u0435\\u0446\\u0435\\u043f\\u0442\\u0430\\u043c\\u0438 (\\u0423\\u0440\\u043e\\u0432\\u0435\\u043d\\u044c 2) | Item: \\u0420\\u0435\\u0446\\u0435\\u043f\\u0442: \\u0411\\u0440\\u0430\\u0441\\u043b\\u0435\\u0442 | Chance: 2%\", \"fields\": [\"\\u041a\\u043e\\u043b\\u0438\\u0447\\u0435\\u0441\\u0442\\u0432\\u043e \\u0432 \\u043c\\u0435\\u0448\\u043a\\u0435\"]}}, {\"changed\": {\"name\": \"\\u041f\\u0440\\u0435\\u0434\\u043c\\u0435\\u0442 \\u0432 \\u043c\\u0435\\u0448\\u043a\\u0435\", \"object\": \"Bag: \\u041c\\u0435\\u0448\\u043e\\u043a \\u0441 \\u0420\\u0435\\u0446\\u0435\\u043f\\u0442\\u0430\\u043c\\u0438 (\\u0423\\u0440\\u043e\\u0432\\u0435\\u043d\\u044c 2) | Item: \\u0420\\u0435\\u0446\\u0435\\u043f\\u0442: \\u041a\\u0430\\u0447\\u0435\\u0441\\u0442\\u0432\\u0435\\u043d\\u043d\\u0430\\u044f \\u0422\\u043a\\u0430\\u043d\\u044c | Chance: 5%\", \"fields\": [\"\\u041a\\u043e\\u043b\\u0438\\u0447\\u0435\\u0441\\u0442\\u0432\\u043e \\u0432 \\u043c\\u0435\\u0448\\u043a\\u0435\"]}}, {\"changed\": {\"name\": \"\\u041f\\u0440\\u0435\\u0434\\u043c\\u0435\\u0442 \\u0432 \\u043c\\u0435\\u0448\\u043a\\u0435\", \"object\": \"Bag: \\u041c\\u0435\\u0448\\u043e\\u043a \\u0441 \\u0420\\u0435\\u0446\\u0435\\u043f\\u0442\\u0430\\u043c\\u0438 (\\u0423\\u0440\\u043e\\u0432\\u0435\\u043d\\u044c 2) | Item: \\u0420\\u0435\\u0446\\u0435\\u043f\\u0442: \\u041a\\u043e\\u0436\\u0430\\u043d\\u044b\\u0439 \\u0414\\u043e\\u0441\\u043f\\u0435\\u0445 | Chance: 3%\", \"fields\": [\"\\u041a\\u043e\\u043b\\u0438\\u0447\\u0435\\u0441\\u0442\\u0432\\u043e \\u0432 \\u043c\\u0435\\u0448\\u043a\\u0435\"]}}, {\"changed\": {\"name\": \"\\u041f\\u0440\\u0435\\u0434\\u043c\\u0435\\u0442 \\u0432 \\u043c\\u0435\\u0448\\u043a\\u0435\", \"object\": \"Bag: \\u041c\\u0435\\u0448\\u043e\\u043a \\u0441 \\u0420\\u0435\\u0446\\u0435\\u043f\\u0442\\u0430\\u043c\\u0438 (\\u0423\\u0440\\u043e\\u0432\\u0435\\u043d\\u044c 2) | Item: \\u0420\\u0435\\u0446\\u0435\\u043f\\u0442: \\u041a\\u0430\\u0447\\u0435\\u0441\\u0442\\u0432\\u0435\\u043d\\u043d\\u0430\\u044f \\u041a\\u043e\\u0436\\u0430 | Chance: 5%\", \"fields\": [\"\\u041a\\u043e\\u043b\\u0438\\u0447\\u0435\\u0441\\u0442\\u0432\\u043e \\u0432 \\u043c\\u0435\\u0448\\u043a\\u0435\"]}}, {\"changed\": {\"name\": \"\\u041f\\u0440\\u0435\\u0434\\u043c\\u0435\\u0442 \\u0432 \\u043c\\u0435\\u0448\\u043a\\u0435\", \"object\": \"Bag: \\u041c\\u0435\\u0448\\u043e\\u043a \\u0441 \\u0420\\u0435\\u0446\\u0435\\u043f\\u0442\\u0430\\u043c\\u0438 (\\u0423\\u0440\\u043e\\u0432\\u0435\\u043d\\u044c 2) | Item: \\u0420\\u0435\\u0446\\u0435\\u043f\\u0442: \\u0416\\u0435\\u043b\\u0435\\u0437\\u043d\\u0430\\u044f \\u0411\\u0440\\u043e\\u043d\\u044f | Chance: 3%\", \"fields\": [\"\\u041a\\u043e\\u043b\\u0438\\u0447\\u0435\\u0441\\u0442\\u0432\\u043e \\u0432 \\u043c\\u0435\\u0448\\u043a\\u0435\"]}}, {\"changed\": {\"name\": \"\\u041f\\u0440\\u0435\\u0434\\u043c\\u0435\\u0442 \\u0432 \\u043c\\u0435\\u0448\\u043a\\u0435\", \"object\": \"Bag: \\u041c\\u0435\\u0448\\u043e\\u043a \\u0441 \\u0420\\u0435\\u0446\\u0435\\u043f\\u0442\\u0430\\u043c\\u0438 (\\u0423\\u0440\\u043e\\u0432\\u0435\\u043d\\u044c 2) | Item: \\u0420\\u0435\\u0446\\u0435\\u043f\\u0442: \\u041a\\u0430\\u0447\\u0435\\u0441\\u0442\\u0432\\u0435\\u043d\\u043d\\u043e\\u0435 \\u0416\\u0435\\u043b\\u0435\\u0437\\u043e | Chance: 5%\", \"fields\": [\"\\u041a\\u043e\\u043b\\u0438\\u0447\\u0435\\u0441\\u0442\\u0432\\u043e \\u0432 \\u043c\\u0435\\u0448\\u043a\\u0435\"]}}, {\"changed\": {\"name\": \"\\u041f\\u0440\\u0435\\u0434\\u043c\\u0435\\u0442 \\u0432 \\u043c\\u0435\\u0448\\u043a\\u0435\", \"object\": \"Bag: \\u041c\\u0435\\u0448\\u043e\\u043a \\u0441 \\u0420\\u0435\\u0446\\u0435\\u043f\\u0442\\u0430\\u043c\\u0438 (\\u0423\\u0440\\u043e\\u0432\\u0435\\u043d\\u044c 2) | Item: \\u0420\\u0435\\u0446\\u0435\\u043f\\u0442: \\u041a\\u0430\\u0447\\u0435\\u0441\\u0442\\u0432\\u0435\\u043d\\u043d\\u0430\\u044f \\u0414\\u0440\\u0435\\u0432\\u0435\\u0441\\u0438\\u043d\\u0430 | Chance: 5%\", \"fields\": [\"\\u041a\\u043e\\u043b\\u0438\\u0447\\u0435\\u0441\\u0442\\u0432\\u043e \\u0432 \\u043c\\u0435\\u0448\\u043a\\u0435\"]}}]"
 }
},
{
 "model": "admin.logentry",
 "pk": 146,
 "fields": {
  "action_time": "2024-03-29T09:04:37.380Z",
  "user": 1,
  "content_type": 10,
  "object_id": "6",
  "object_repr": "Мешок с Рецептами (Уровень 1)",
  "action_flag": 2,
  "change_message": "[{\"changed\": {\"fields\": [\"\\u0418\\u043c\\u044f\"]}}]"
 }
},
{
 "model": "admin.logentry",
 "pk": 147,
 "fields": {
  "action_time": "2024-03-29T09:06:50.205Z",
  "user": 1,
  "content_type": 10,
  "object_id": "93",
  "object_repr": "Мешок с Броней (Уровень 2)",
  "action_flag": 1,
  "change_message": "[{\"added\": {}}, {\"added\": {\"name\": \"\\u041f\\u0440\\u0435\\u0434\\u043c\\u0435\\u0442 \\u0432 \\u043c\\u0435\\u0448\\u043a\\u0435\", \"object\": \"Bag: \\u041c\\u0435\\u0448\\u043e\\u043a \\u0441 \\u0411\\u0440\\u043e\\u043d\\u0435\\u0439 (\\u0423\\u0440\\u043e\\u0432\\u0435\\u043d\\u044c 2) | Item: \\u0416\\u0435\\u043b\\u0435\\u0437\\u043d\\u0430\\u044f \\u0411\\u0440\\u043e\\u043d\\u044f | Chance: 1%\"}}, {\"added\": {\"name\": \"\\u041f\\u0440\\u0435\\u0434\\u043c\\u0435\\u0442 \\u0432 \\u043c\\u0435\\u0448\\u043a\\u0435\", \"object\": \"Bag: \\u041c\\u0435\\u0448\\u043e\\u043a \\u0441 \\u0411\\u0440\\u043e\\u043d\\u0435\\u0439 (\\u0423\\u0440\\u043e\\u0432\\u0435\\u043d\\u044c 2) | Item: \\u041a\\u043e\\u0436\\u0430\\u043d\\u044b\\u0439 \\u0414\\u043e\\u0441\\u043f\\u0435\\u0445 | Chance: 1%\"}}, {\"added\": {\"name\": \"\\u041f\\u0440\\u0435\\u0434\\u043c\\u0435\\u0442 \\u0432 \\u043c\\u0435\\u0448\\u043a\\u0435\", \"object\": \"Bag: \\u041c\\u0435\\u0448\\u043e\\u043a \\u0441 \\u0411\\u0440\\u043e\\u043d\\u0435\\u0439 (\\u0423\\u0440\\u043e\\u0432\\u0435\\u043d\\u044c 2) | Item: \\u0423\\u043a\\u0440\\u0435\\u043f\\u043b\\u0435\\u043d\\u043d\\u0430\\u044f \\u041c\\u0430\\u043d\\u0442\\u0438\\u044f | Chance: 1%\"}}, {\"added\": {\"name\": \"\\u041f\\u0440\\u0435\\u0434\\u043c\\u0435\\u0442 \\u0432 \\u043c\\u0435\\u0448\\u043a\\u0435\", \"object\": \"Bag: \\u041c\\u0435\\u0448\\u043e\\u043a \\u0441 \\u0411\\u0440\\u043e\\u043d\\u0435\\u0439 (\\u0423\\u0440\\u043e\\u0432\\u0435\\u043d\\u044c 2) | Item: \\u0427\\u0430\\u0441\\u0442\\u044c \\u041a\\u043e\\u0436\\u0430\\u043d\\u043e\\u0433\\u043e \\u0414\\u043e\\u0441\\u043f\\u0435\\u0445\\u0430 | Chance: 100%\"}}, {\"added\": {\"name\": \"\\u041f\\u0440\\u0435\\u0434\\u043c\\u0435\\u0442 \\u0432 \\u043c\\u0435\\u0448\\u043a\\u0435\", \"object\": \"Bag: \\u041c\\u0435\\u0448\\u043e\\u043a \\u0441 \\u0411\\u0440\\u043e\\u043d\\u0435\\u0439 (\\u0423\\u0440\\u043e\\u0432\\u0435\\u043d\\u044c 2) | Item: \\u0427\\u0430\\u0441\\u0442\\u044c \\u0416\\u0435\\u043b\\u0435\\u0437\\u043d\\u043e\\u0433\\u043e \\u0414\\u043e\\u0441\\u043f\\u0435\\u0445\\u0430 | Chance: 100%\"}}, {\"added\": {\"name\": \"\\u041f\\u0440\\u0435\\u0434\\u043c\\u0435\\u0442 \\u0432 \\u043c\\u0435\\u0448\\u043a\\u0435\", \"object\": \"Bag: \\u041c\\u0435\\u0448\\u043e\\u043a \\u0441 \\u0411\\u0440\\u043e\\u043d\\u0435\\u0439 (\\u0423\\u0440\\u043e\\u0432\\u0435\\u043d\\u044c 2) | Item: \\u0427\\u0430\\u0441\\u0442\\u044c \\u0423\\u043a\\u0440\\u0435\\u043f\\u043b\\u0435\\u043d\\u043d\\u043e\\u0439 \\u041c\\u0430\\u043d\\u0442\\u0438\\u0438 | Chance: 100%\"}}]"
 }
},
{
 "model": "admin.logentry",
 "pk": 148,
 "fields": {
  "action_time": "2024-03-29T09:11:27.037Z",
  "user": 1,
  "content_type": 10,
  "object_id": "94",
  "object_repr": "Мешок с Оружием (Уровень 2)",
  "action_flag": 1,
  "change_message": "[{\"added\": {}}, {\"added\": {\"name\": \"\\u041f\\u0440\\u0435\\u0434\\u043c\\u0435\\u0442 \\u0432 \\u043c\\u0435\\u0448\\u043a\\u0435\", \"object\": \"Bag: \\u041c\\u0435\\u0448\\u043e\\u043a \\u0441 \\u041e\\u0440\\u0443\\u0436\\u0438\\u0435\\u043c (\\u0423\\u0440\\u043e\\u0432\\u0435\\u043d\\u044c 2) | Item: \\u0416\\u0435\\u043b\\u0435\\u0437\\u043d\\u0430\\u044f \\u0414\\u0443\\u0431\\u0438\\u043d\\u0430 | Chance: 1%\"}}, {\"added\": {\"name\": \"\\u041f\\u0440\\u0435\\u0434\\u043c\\u0435\\u0442 \\u0432 \\u043c\\u0435\\u0448\\u043a\\u0435\", \"object\": \"Bag: \\u041c\\u0435\\u0448\\u043e\\u043a \\u0441 \\u041e\\u0440\\u0443\\u0436\\u0438\\u0435\\u043c (\\u0423\\u0440\\u043e\\u0432\\u0435\\u043d\\u044c 2) | Item: \\u041c\\u0430\\u0433\\u0438\\u0447\\u0435\\u0441\\u043a\\u0438\\u0439 \\u0416\\u0435\\u0437\\u043b | Chance: 1%\"}}, {\"added\": {\"name\": \"\\u041f\\u0440\\u0435\\u0434\\u043c\\u0435\\u0442 \\u0432 \\u043c\\u0435\\u0448\\u043a\\u0435\", \"object\": \"Bag: \\u041c\\u0435\\u0448\\u043e\\u043a \\u0441 \\u041e\\u0440\\u0443\\u0436\\u0438\\u0435\\u043c (\\u0423\\u0440\\u043e\\u0432\\u0435\\u043d\\u044c 2) | Item: \\u0416\\u0435\\u043b\\u0435\\u0437\\u043d\\u044b\\u0439 \\u041a\\u0438\\u043d\\u0436\\u0430\\u043b | Chance: 1%\"}}, {\"added\": {\"name\": \"\\u041f\\u0440\\u0435\\u0434\\u043c\\u0435\\u0442 \\u0432 \\u043c\\u0435\\u0448\\u043a\\u0435\", \"object\": \"Bag: \\u041c\\u0435\\u0448\\u043e\\u043a \\u0441 \\u041e\\u0440\\u0443\\u0436\\u0438\\u0435\\u043c (\\u0423\\u0440\\u043e\\u0432\\u0435\\u043d\\u044c 2) | Item: \\u0416\\u0435\\u043b\\u0435\\u0437\\u043d\\u044b\\u0439 \\u041c\\u0435\\u0447 | Chance: 1%\"}}, {\"added\": {\"name\": \"\\u041f\\u0440\\u0435\\u0434\\u043c\\u0435\\u0442 \\u0432 \\u043c\\u0435\\u0448\\u043a\\u0435\", \"object\": \"Bag: \\u041c\\u0435\\u0448\\u043e\\u043a \\u0441 \\u041e\\u0440\\u0443\\u0436\\u0438\\u0435\\u043c (\\u0423\\u0440\\u043e\\u0432\\u0435\\u043d\\u044c 2) | Item: \\u041e\\u0441\\u043a\\u043e\\u043b\\u043e\\u043a \\u0416\\u0435\\u043b\\u0435\\u0437\\u043d\\u043e\\u0433\\u043e \\u041c\\u0435\\u0447\\u0430 | Chance: 100%\"}}, {\"added\": {\"name\": \"\\u041f\\u0440\\u0435\\u0434\\u043c\\u0435\\u0442 \\u0432 \\u043c\\u0435\\u0448\\u043a\\u0435\", \"object\": \"Bag: \\u041c\\u0435\\u0448\\u043e\\u043a \\u0441 \\u041e\\u0440\\u0443\\u0436\\u0438\\u0435\\u043c (\\u0423\\u0440\\u043e\\u0432\\u0435\\u043d\\u044c 2) | Item: \\u041e\\u0441\\u043a\\u043e\\u043b\\u043e\\u043a \\u0416\\u0435\\u043b\\u0435\\u0437\\u043d\\u043e\\u0439 \\u0414\\u0443\\u0431\\u0438\\u043d\\u044b | Chance: 100%\"}}, {\"added\": {\"name\": \"\\u041f\\u0440\\u0435\\u0434\\u043c\\u0435\\u0442 \\u0432 \\u043c\\u0435\\u0448\\u043a\\u0435\", \"object\": \"Bag: \\u041c\\u0435\\u0448\\u043e\\u043a \\u0441 \\u041e\\u0440\\u0443\\u0436\\u0438\\u0435\\u043c (\\u0423\\u0440\\u043e\\u0432\\u0435\\u043d\\u044c 2) | Item: \\u041e\\u0441\\u043a\\u043e\\u043b\\u043e\\u043a \\u041c\\u0430\\u0433\\u0438\\u0447\\u0435\\u0441\\u043a\\u043e\\u0433\\u043e \\u0416\\u0435\\u0437\\u043b\\u0430 | Chance: 100%\"}}, {\"added\": {\"name\": \"\\u041f\\u0440\\u0435\\u0434\\u043c\\u0435\\u0442 \\u0432 \\u043c\\u0435\\u0448\\u043a\\u0435\", \"object\": \"Bag: \\u041c\\u0435\\u0448\\u043e\\u043a \\u0441 \\u041e\\u0440\\u0443\\u0436\\u0438\\u0435\\u043c (\\u0423\\u0440\\u043e\\u0432\\u0435\\u043d\\u044c 2) | Item: \\u041e\\u0441\\u043a\\u043e\\u043b\\u043e\\u043a \\u0416\\u0435\\u043b\\u0435\\u0437\\u043d\\u043e\\u0433\\u043e \\u041a\\u0438\\u043d\\u0436\\u0430\\u043b\\u0430 | Chance: 100%\"}}]"
 }
},
{
 "model": "admin.logentry",
 "pk": 149,
 "fields": {
  "action_time": "2024-03-29T09:12:55.865Z",
  "user": 1,
  "content_type": 10,
  "object_id": "95",
  "object_repr": "Мешок с Ресурсами (Уровень 2)",
  "action_flag": 1,
  "change_message": "[{\"added\": {}}, {\"added\": {\"name\": \"\\u041f\\u0440\\u0435\\u0434\\u043c\\u0435\\u0442 \\u0432 \\u043c\\u0435\\u0448\\u043a\\u0435\", \"object\": \"Bag: \\u041c\\u0435\\u0448\\u043e\\u043a \\u0441 \\u0420\\u0435\\u0441\\u0443\\u0440\\u0441\\u0430\\u043c\\u0438 (\\u0423\\u0440\\u043e\\u0432\\u0435\\u043d\\u044c 2) | Item: \\u041a\\u0430\\u0447\\u0435\\u0441\\u0442\\u0432\\u0435\\u043d\\u043d\\u0430\\u044f \\u041a\\u043e\\u0436\\u0430 | Chance: 1%\"}}, {\"added\": {\"name\": \"\\u041f\\u0440\\u0435\\u0434\\u043c\\u0435\\u0442 \\u0432 \\u043c\\u0435\\u0448\\u043a\\u0435\", \"object\": \"Bag: \\u041c\\u0435\\u0448\\u043e\\u043a \\u0441 \\u0420\\u0435\\u0441\\u0443\\u0440\\u0441\\u0430\\u043c\\u0438 (\\u0423\\u0440\\u043e\\u0432\\u0435\\u043d\\u044c 2) | Item: \\u041a\\u0430\\u0447\\u0435\\u0441\\u0442\\u0432\\u0435\\u043d\\u043d\\u0430\\u044f \\u0414\\u0440\\u0435\\u0432\\u0435\\u0441\\u0438\\u043d\\u0430 | Chance: 1%\"}}, {\"added\": {\"name\": \"\\u041f\\u0440\\u0435\\u0434\\u043c\\u0435\\u0442 \\u0432 \\u043c\\u0435\\u0448\\u043a\\u0435\", \"object\": \"Bag: \\u041c\\u0435\\u0448\\u043e\\u043a \\u0441 \\u0420\\u0435\\u0441\\u0443\\u0440\\u0441\\u0430\\u043c\\u0438 (\\u0423\\u0440\\u043e\\u0432\\u0435\\u043d\\u044c 2) | Item: \\u041a\\u0430\\u0447\\u0435\\u0441\\u0442\\u0432\\u0435\\u043d\\u043d\\u043e\\u0435 \\u0416\\u0435\\u043b\\u0435\\u0437\\u043e | Chance: 1%\"}}, {\"added\": {\"name\": \"\\u041f\\u0440\\u0435\\u0434\\u043c\\u0435\\u0442 \\u0432 \\u043c\\u0435\\u0448\\u043a\\u0435\", \"object\": \"Bag: \\u041c\\u0435\\u0448\\u043e\\u043a \\u0441 \\u0420\\u0435\\u0441\\u0443\\u0440\\u0441\\u0430\\u043c\\u0438 (\\u0423\\u0440\\u043e\\u0432\\u0435\\u043d\\u044c 2) | Item: \\u041a\\u0430\\u0447\\u0435\\u0441\\u0442\\u0432\\u0435\\u043d\\u043d\\u0430\\u044f \\u0422\\u043a\\u0430\\u043d\\u044c | Chance: 1%\"}}, {\"added\": {\"name\": \"\\u041f\\u0440\\u0435\\u0434\\u043c\\u0435\\u0442 \\u0432 \\u043c\\u0435\\u0448\\u043a\\u0435\", \"object\": \"Bag: \\u041c\\u0435\\u0448\\u043e\\u043a \\u0441 \\u0420\\u0435\\u0441\\u0443\\u0440\\u0441\\u0430\\u043c\\u0438 (\\u0423\\u0440\\u043e\\u0432\\u0435\\u043d\\u044c 2) | Item: \\u041a\\u043e\\u0436\\u0430 | Chance: 7%\"}}, {\"added\": {\"name\": \"\\u041f\\u0440\\u0435\\u0434\\u043c\\u0435\\u0442 \\u0432 \\u043c\\u0435\\u0448\\u043a\\u0435\", \"object\": \"Bag: \\u041c\\u0435\\u0448\\u043e\\u043a \\u0441 \\u0420\\u0435\\u0441\\u0443\\u0440\\u0441\\u0430\\u043c\\u0438 (\\u0423\\u0440\\u043e\\u0432\\u0435\\u043d\\u044c 2) | Item: \\u0416\\u0435\\u043b\\u0435\\u0437\\u043e | Chance: 7%\"}}, {\"added\": {\"name\": \"\\u041f\\u0440\\u0435\\u0434\\u043c\\u0435\\u0442 \\u0432 \\u043c\\u0435\\u0448\\u043a\\u0435\", \"object\": \"Bag: \\u041c\\u0435\\u0448\\u043e\\u043a \\u0441 \\u0420\\u0435\\u0441\\u0443\\u0440\\u0441\\u0430\\u043c\\u0438 (\\u0423\\u0440\\u043e\\u0432\\u0435\\u043d\\u044c 2) | Item: \\u0414\\u0440\\u0435\\u0432\\u0435\\u0441\\u0438\\u043d\\u0430 | Chance: 7%\"}}, {\"added\": {\"name\": \"\\u041f\\u0440\\u0435\\u0434\\u043c\\u0435\\u0442 \\u0432 \\u043c\\u0435\\u0448\\u043a\\u0435\", \"object\": \"Bag: \\u041c\\u0435\\u0448\\u043e\\u043a \\u0441 \\u0420\\u0435\\u0441\\u0443\\u0440\\u0441\\u0430\\u043c\\u0438 (\\u0423\\u0440\\u043e\\u0432\\u0435\\u043d\\u044c 2) | Item: \\u0422\\u043a\\u0430\\u043d\\u044c | Chance: 7%\"}}]"
 }
},
{
 "model": "admin.logentry",
 "pk": 150,
 "fields": {
  "action_time": "2024-03-29T09:13:28.933Z",
  "user": 1,
  "content_type": 10,
  "object_id": "93",
  "object_repr": "Мешок с Броней (Уровень 2)",
  "action_flag": 2,
  "change_message": "[{\"added\": {\"name\": \"\\u041f\\u0440\\u0435\\u0434\\u043c\\u0435\\u0442 \\u0432 \\u043c\\u0435\\u0448\\u043a\\u0435\", \"object\": \"Bag: \\u041c\\u0435\\u0448\\u043e\\u043a \\u0441 \\u0411\\u0440\\u043e\\u043d\\u0435\\u0439 (\\u0423\\u0440\\u043e\\u0432\\u0435\\u043d\\u044c 2) | Item: \\u0411\\u0440\\u0430\\u0441\\u043b\\u0435\\u0442 | Chance: 1%\"}}, {\"added\": {\"name\": \"\\u041f\\u0440\\u0435\\u0434\\u043c\\u0435\\u0442 \\u0432 \\u043c\\u0435\\u0448\\u043a\\u0435\", \"object\": \"Bag: \\u041c\\u0435\\u0448\\u043e\\u043a \\u0441 \\u0411\\u0440\\u043e\\u043d\\u0435\\u0439 (\\u0423\\u0440\\u043e\\u0432\\u0435\\u043d\\u044c 2) | Item: \\u041e\\u0441\\u043a\\u043e\\u043b\\u043e\\u043a \\u0411\\u0440\\u0430\\u0441\\u043b\\u0435\\u0442\\u0430 | Chance: 100%\"}}]"
 }
},
{
 "model": "admin.logentry",
 "pk": 151,
 "fields": {
  "action_time": "2024-03-29T09:14:37.898Z",
  "user": 1,
  "content_type": 36,
  "object_id": "5",
  "object_repr": "Мертвая Деревня | Attack: 50 | Defence: 50",
  "action_flag": 2,
  "change_message": "[{\"added\": {\"name\": \"\\u0414\\u0440\\u043e\\u043f \\u0432 \\u043b\\u043e\\u043a\\u0430\\u0446\\u0438\\u0438\", \"object\": \"Item: \\u041c\\u0435\\u0448\\u043e\\u043a \\u0441 \\u0420\\u0435\\u0441\\u0443\\u0440\\u0441\\u0430\\u043c\\u0438 (\\u0423\\u0440\\u043e\\u0432\\u0435\\u043d\\u044c 2) | Location: \\u041c\\u0435\\u0440\\u0442\\u0432\\u0430\\u044f \\u0414\\u0435\\u0440\\u0435\\u0432\\u043d\\u044f | Attack: 50 | Defence: 50 | Amount: 1 - 1 | Chance: 1.0\"}}]"
 }
},
{
 "model": "admin.logentry",
 "pk": 152,
 "fields": {
  "action_time": "2024-03-29T09:14:51.495Z",
  "user": 1,
  "content_type": 36,
  "object_id": "4",
  "object_repr": "Лагерь гоблинов | Attack: 10 | Defence: 10",
  "action_flag": 2,
  "change_message": "[{\"added\": {\"name\": \"\\u0414\\u0440\\u043e\\u043f \\u0432 \\u043b\\u043e\\u043a\\u0430\\u0446\\u0438\\u0438\", \"object\": \"Item: \\u041c\\u0435\\u0448\\u043e\\u043a \\u0441 \\u0420\\u0435\\u0441\\u0443\\u0440\\u0441\\u0430\\u043c\\u0438 (\\u041e\\u0431\\u044b\\u0447\\u043d\\u044b\\u0439) | Location: \\u041b\\u0430\\u0433\\u0435\\u0440\\u044c \\u0433\\u043e\\u0431\\u043b\\u0438\\u043d\\u043e\\u0432 | Attack: 10 | Defence: 10 | Amount: 1 - 1 | Chance: 1.0\"}}]"
 }
},
{
 "model": "admin.logentry",
 "pk": 153,
 "fields": {
  "action_time": "2024-03-29T09:15:10.646Z",
  "user": 1,
  "content_type": 36,
  "object_id": "4",
  "object_repr": "Лагерь гоблинов | Attack: 10 | Defence: 10",
  "action_flag": 2,
  "change_message": "[{\"changed\": {\"name\": \"\\u0414\\u0440\\u043e\\u043f \\u0432 \\u043b\\u043e\\u043a\\u0430\\u0446\\u0438\\u0438\", \"object\": \"Item: \\u041c\\u0435\\u0448\\u043e\\u043a \\u0441 \\u0420\\u0435\\u0441\\u0443\\u0440\\u0441\\u0430\\u043c\\u0438 (\\u041e\\u0431\\u044b\\u0447\\u043d\\u044b\\u0439) | Location: \\u041b\\u0430\\u0433\\u0435\\u0440\\u044c \\u0433\\u043e\\u0431\\u043b\\u0438\\u043d\\u043e\\u0432 | Attack: 10 | Defence: 10 | Amount: 1 - 1 | Chance: 7.0\", \"fields\": [\"\\u0428\\u0430\\u043d\\u0441 \\u0432 \\u043f\\u0440\\u043e\\u0446\\u0435\\u043d\\u0442\\u0430\\u0445 \\u0432 \\u043c\\u0438\\u043d\\u0443\\u0442\\u0443\"]}}]"
 }
},
{
 "model": "admin.logentry",
 "pk": 154,
 "fields": {
  "action_time": "2024-03-29T09:15:31.536Z",
  "user": 1,
  "content_type": 36,
  "object_id": "3",
  "object_repr": "Эльфийский лес | Attack: 17 | Defence: 17",
  "action_flag": 2,
  "change_message": "[{\"added\": {\"name\": \"\\u0414\\u0440\\u043e\\u043f \\u0432 \\u043b\\u043e\\u043a\\u0430\\u0446\\u0438\\u0438\", \"object\": \"Item: \\u041c\\u0435\\u0448\\u043e\\u043a \\u0441 \\u0420\\u0435\\u0441\\u0443\\u0440\\u0441\\u0430\\u043c\\u0438 (\\u041e\\u0431\\u044b\\u0447\\u043d\\u044b\\u0439) | Location: \\u042d\\u043b\\u044c\\u0444\\u0438\\u0439\\u0441\\u043a\\u0438\\u0439 \\u043b\\u0435\\u0441 | Attack: 17 | Defence: 17 | Amount: 1 - 1 | Chance: 9.0\"}}]"
 }
},
{
 "model": "admin.logentry",
 "pk": 155,
 "fields": {
  "action_time": "2024-03-29T09:15:46.560Z",
  "user": 1,
  "content_type": 36,
  "object_id": "2",
  "object_repr": "Лагерь Орков | Attack: 38 | Defence: 38",
  "action_flag": 2,
  "change_message": "[{\"added\": {\"name\": \"\\u0414\\u0440\\u043e\\u043f \\u0432 \\u043b\\u043e\\u043a\\u0430\\u0446\\u0438\\u0438\", \"object\": \"Item: \\u041c\\u0435\\u0448\\u043e\\u043a \\u0441 \\u0420\\u0435\\u0441\\u0443\\u0440\\u0441\\u0430\\u043c\\u0438 (\\u041e\\u0431\\u044b\\u0447\\u043d\\u044b\\u0439) | Location: \\u041b\\u0430\\u0433\\u0435\\u0440\\u044c \\u041e\\u0440\\u043a\\u043e\\u0432 | Attack: 38 | Defence: 38 | Amount: 1 - 1 | Chance: 11.0\"}}]"
 }
},
{
 "model": "admin.logentry",
 "pk": 156,
 "fields": {
  "action_time": "2024-03-29T09:16:06.777Z",
  "user": 1,
  "content_type": 36,
  "object_id": "5",
  "object_repr": "Мертвая Деревня | Attack: 50 | Defence: 50",
  "action_flag": 2,
  "change_message": "[{\"changed\": {\"name\": \"\\u0414\\u0440\\u043e\\u043f \\u0432 \\u043b\\u043e\\u043a\\u0430\\u0446\\u0438\\u0438\", \"object\": \"Item: \\u041c\\u0435\\u0448\\u043e\\u043a \\u0441 \\u0420\\u0435\\u0441\\u0443\\u0440\\u0441\\u0430\\u043c\\u0438 (\\u0423\\u0440\\u043e\\u0432\\u0435\\u043d\\u044c 2) | Location: \\u041c\\u0435\\u0440\\u0442\\u0432\\u0430\\u044f \\u0414\\u0435\\u0440\\u0435\\u0432\\u043d\\u044f | Attack: 50 | Defence: 50 | Amount: 1 - 1 | Chance: 3.0\", \"fields\": [\"\\u0428\\u0430\\u043d\\u0441 \\u0432 \\u043f\\u0440\\u043e\\u0446\\u0435\\u043d\\u0442\\u0430\\u0445 \\u0432 \\u043c\\u0438\\u043d\\u0443\\u0442\\u0443\"]}}]"
 }
},
{
 "model": "admin.logentry",
 "pk": 157,
 "fields": {
  "action_time": "2024-03-29T09:17:57.617Z",
  "user": 1,
  "content_type": 36,
  "object_id": "6",
  "object_repr": "Призрачный Лес | Attack: 59 | Defence: 59",
  "action_flag": 1,
  "change_message": "[{\"added\": {}}, {\"added\": {\"name\": \"\\u0414\\u0440\\u043e\\u043f \\u0432 \\u043b\\u043e\\u043a\\u0430\\u0446\\u0438\\u0438\", \"object\": \"Item: \\ud83d\\udfe1\\u0417\\u043e\\u043b\\u043e\\u0442\\u043e | Location: \\u041f\\u0440\\u0438\\u0437\\u0440\\u0430\\u0447\\u043d\\u044b\\u0439 \\u041b\\u0435\\u0441 | Attack: 59 | Defence: 59 | Amount: 3 - 4 | Chance: 65.0\"}}, {\"added\": {\"name\": \"\\u0414\\u0440\\u043e\\u043f \\u0432 \\u043b\\u043e\\u043a\\u0430\\u0446\\u0438\\u0438\", \"object\": \"Item: \\u041c\\u0435\\u0448\\u043e\\u043a \\u0441 \\u0420\\u0435\\u0441\\u0443\\u0440\\u0441\\u0430\\u043c\\u0438 (\\u0423\\u0440\\u043e\\u0432\\u0435\\u043d\\u044c 2) | Location: \\u041f\\u0440\\u0438\\u0437\\u0440\\u0430\\u0447\\u043d\\u044b\\u0439 \\u041b\\u0435\\u0441 | Attack: 59 | Defence: 59 | Amount: 1 - 1 | Chance: 5.0\"}}, {\"added\": {\"name\": \"\\u0414\\u0440\\u043e\\u043f \\u0432 \\u043b\\u043e\\u043a\\u0430\\u0446\\u0438\\u0438\", \"object\": \"Item: \\u041c\\u0435\\u0448\\u043e\\u043a \\u0441 \\u0420\\u0435\\u0446\\u0435\\u043f\\u0442\\u0430\\u043c\\u0438 (\\u0423\\u0440\\u043e\\u0432\\u0435\\u043d\\u044c 2) | Location: \\u041f\\u0440\\u0438\\u0437\\u0440\\u0430\\u0447\\u043d\\u044b\\u0439 \\u041b\\u0435\\u0441 | Attack: 59 | Defence: 59 | Amount: 1 - 1 | Chance: 0.2\"}}]"
 }
},
{
 "model": "admin.logentry",
 "pk": 158,
 "fields": {
  "action_time": "2024-03-29T09:18:46.663Z",
  "user": 1,
  "content_type": 36,
  "object_id": "5",
  "object_repr": "Мертвая Деревня | Attack: 50 | Defence: 50",
  "action_flag": 2,
  "change_message": "[]"
 }
},
{
 "model": "admin.logentry",
 "pk": 159,
 "fields": {
  "action_time": "2024-03-29T09:19:18.837Z",
  "user": 1,
  "content_type": 36,
  "object_id": "6",
  "object_repr": "Призрачный Лес | Attack: 59 | Defence: 59",
  "action_flag": 2,
  "change_message": "[{\"changed\": {\"name\": \"\\u0414\\u0440\\u043e\\u043f \\u0432 \\u043b\\u043e\\u043a\\u0430\\u0446\\u0438\\u0438\", \"object\": \"Item: \\u041c\\u0435\\u0448\\u043e\\u043a \\u0441 \\u0420\\u0435\\u0446\\u0435\\u043f\\u0442\\u0430\\u043c\\u0438 (\\u0423\\u0440\\u043e\\u0432\\u0435\\u043d\\u044c 2) | Location: \\u041f\\u0440\\u0438\\u0437\\u0440\\u0430\\u0447\\u043d\\u044b\\u0439 \\u041b\\u0435\\u0441 | Attack: 59 | Defence: 59 | Amount: 1 - 1 | Chance: 0.1\", \"fields\": [\"\\u0428\\u0430\\u043d\\u0441 \\u0432 \\u043f\\u0440\\u043e\\u0446\\u0435\\u043d\\u0442\\u0430\\u0445 \\u0432 \\u043c\\u0438\\u043d\\u0443\\u0442\\u0443\"]}}, {\"changed\": {\"name\": \"\\u0414\\u0440\\u043e\\u043f \\u0432 \\u043b\\u043e\\u043a\\u0430\\u0446\\u0438\\u0438\", \"object\": \"Item: \\ud83d\\udfe1\\u0417\\u043e\\u043b\\u043e\\u0442\\u043e | Location: \\u041f\\u0440\\u0438\\u0437\\u0440\\u0430\\u0447\\u043d\\u044b\\u0439 \\u041b\\u0435\\u0441 | Attack: 59 | Defence: 59 | Amount: 3 - 5 | Chance: 50.0\", \"fields\": [\"\\u041c\\u0430\\u043a\\u0441\\u0438\\u043c\\u0430\\u043b\\u044c\\u043d\\u043e\\u0435 \\u043a\\u043e\\u043b\\u0438\\u0447\\u0435\\u0441\\u0442\\u0432\\u043e\", \"\\u0428\\u0430\\u043d\\u0441 \\u0432 \\u043f\\u0440\\u043e\\u0446\\u0435\\u043d\\u0442\\u0430\\u0445 \\u0432 \\u043c\\u0438\\u043d\\u0443\\u0442\\u0443\"]}}]"
 }
},
{
 "model": "admin.logentry",
 "pk": 160,
 "fields": {
  "action_time": "2024-03-29T09:21:34.486Z",
  "user": 1,
  "content_type": 36,
  "object_id": "7",
  "object_repr": "Угольная Шахта | Attack: 65 | Defence: 65",
  "action_flag": 1,
  "change_message": "[{\"added\": {}}, {\"added\": {\"name\": \"\\u0414\\u0440\\u043e\\u043f \\u0432 \\u043b\\u043e\\u043a\\u0430\\u0446\\u0438\\u0438\", \"object\": \"Item: \\ud83d\\udfe1\\u0417\\u043e\\u043b\\u043e\\u0442\\u043e | Location: \\u0423\\u0433\\u043e\\u043b\\u044c\\u043d\\u0430\\u044f \\u0428\\u0430\\u0445\\u0442\\u0430 | Attack: 65 | Defence: 65 | Amount: 4 - 6 | Chance: 50.0\"}}, {\"added\": {\"name\": \"\\u0414\\u0440\\u043e\\u043f \\u0432 \\u043b\\u043e\\u043a\\u0430\\u0446\\u0438\\u0438\", \"object\": \"Item: \\u041c\\u0435\\u0448\\u043e\\u043a \\u0441 \\u041e\\u0440\\u0443\\u0436\\u0438\\u0435\\u043c (\\u0423\\u0440\\u043e\\u0432\\u0435\\u043d\\u044c 2) | Location: \\u0423\\u0433\\u043e\\u043b\\u044c\\u043d\\u0430\\u044f \\u0428\\u0430\\u0445\\u0442\\u0430 | Attack: 65 | Defence: 65 | Amount: 1 - 1 | Chance: 0.5\"}}, {\"added\": {\"name\": \"\\u0414\\u0440\\u043e\\u043f \\u0432 \\u043b\\u043e\\u043a\\u0430\\u0446\\u0438\\u0438\", \"object\": \"Item: \\u041c\\u0435\\u0448\\u043e\\u043a \\u0441 \\u0411\\u0440\\u043e\\u043d\\u0435\\u0439 (\\u0423\\u0440\\u043e\\u0432\\u0435\\u043d\\u044c 2) | Location: \\u0423\\u0433\\u043e\\u043b\\u044c\\u043d\\u0430\\u044f \\u0428\\u0430\\u0445\\u0442\\u0430 | Attack: 65 | Defence: 65 | Amount: 1 - 1 | Chance: 0.5\"}}, {\"added\": {\"name\": \"\\u0414\\u0440\\u043e\\u043f \\u0432 \\u043b\\u043e\\u043a\\u0430\\u0446\\u0438\\u0438\", \"object\": \"Item: \\u041c\\u0435\\u0448\\u043e\\u043a \\u0441 \\u0420\\u0435\\u0441\\u0443\\u0440\\u0441\\u0430\\u043c\\u0438 (\\u0423\\u0440\\u043e\\u0432\\u0435\\u043d\\u044c 2) | Location: \\u0423\\u0433\\u043e\\u043b\\u044c\\u043d\\u0430\\u044f \\u0428\\u0430\\u0445\\u0442\\u0430 | Attack: 65 | Defence: 65 | Amount: 1 - 1 | Chance: 7.0\"}}]"
 }
},
{
 "model": "admin.logentry",
 "pk": 161,
 "fields": {
  "action_time": "2024-03-29T09:22:31.960Z",
  "user": 1,
  "content_type": 36,
  "object_id": "6",
  "object_repr": "Призрачный Лес | Attack: 59 | Defence: 59",
  "action_flag": 2,
  "change_message": "[{\"added\": {\"name\": \"\\u0414\\u0440\\u043e\\u043f \\u0432 \\u043b\\u043e\\u043a\\u0430\\u0446\\u0438\\u0438\", \"object\": \"Item: \\u041c\\u0435\\u0448\\u043e\\u043a \\u0441 \\u041a\\u043d\\u0438\\u0433\\u043e\\u0439 (\\u041e\\u0431\\u044b\\u0447\\u043d\\u044b\\u0439) | Location: \\u041f\\u0440\\u0438\\u0437\\u0440\\u0430\\u0447\\u043d\\u044b\\u0439 \\u041b\\u0435\\u0441 | Attack: 59 | Defence: 59 | Amount: 1 - 1 | Chance: 0.1\"}}]"
 }
},
{
 "model": "admin.logentry",
 "pk": 162,
 "fields": {
  "action_time": "2024-03-29T09:25:29.924Z",
  "user": 1,
  "content_type": 36,
  "object_id": "7",
  "object_repr": "Угольная Шахта | Attack: 65 | Defence: 65",
  "action_flag": 3,
  "change_message": ""
 }
},
{
 "model": "admin.logentry",
 "pk": 163,
 "fields": {
  "action_time": "2024-03-29T09:26:04.412Z",
  "user": 1,
  "content_type": 10,
  "object_id": "6",
  "object_repr": "Мешок с Рецептами (J,sxysq)",
  "action_flag": 2,
  "change_message": "[{\"changed\": {\"fields\": [\"\\u0418\\u043c\\u044f\"]}}]"
 }
},
{
 "model": "admin.logentry",
 "pk": 164,
 "fields": {
  "action_time": "2024-03-29T09:30:16.242Z",
  "user": 1,
  "content_type": 24,
  "object_id": "1",
  "object_repr": "waca | Level: 1 | Attack : 10 | Defence: 9",
  "action_flag": 3,
  "change_message": ""
 }
},
{
 "model": "admin.logentry",
 "pk": 165,
 "fields": {
  "action_time": "2024-03-29T09:56:21.382Z",
  "user": 1,
  "content_type": 8,
  "object_id": "30",
  "object_repr": "🩸Победа в PvP: 5%",
  "action_flag": 1,
  "change_message": "[{\"added\": {}}]"
 }
},
{
 "model": "admin.logentry",
 "pk": 166,
 "fields": {
  "action_time": "2024-03-29T09:56:27.073Z",
  "user": 1,
  "content_type": 33,
  "object_id": "11",
  "object_repr": "Крепкая Броня Ур. 1",
  "action_flag": 1,
  "change_message": "[{\"added\": {}}, {\"added\": {\"name\": \"\\u042d\\u0444\\u0444\\u0435\\u043a\\u0442 \\u0441\\u043f\\u043e\\u0441\\u043e\\u0431\\u043d\\u043e\\u0441\\u0442\\u0438\", \"object\": \"\\u041a\\u0440\\u0435\\u043f\\u043a\\u0430\\u044f \\u0411\\u0440\\u043e\\u043d\\u044f \\u0423\\u0440. 1 \\ud83e\\ude78\\u041f\\u043e\\u0431\\u0435\\u0434\\u0430 \\u0432 PvP: 5%\"}}]"
 }
},
{
 "model": "admin.logentry",
 "pk": 167,
 "fields": {
  "action_time": "2024-03-29T09:57:42.562Z",
  "user": 1,
  "content_type": 8,
  "object_id": "31",
  "object_repr": "⚡️Массовая Атака: 5%",
  "action_flag": 1,
  "change_message": "[{\"added\": {}}]"
 }
},
{
 "model": "admin.logentry",
 "pk": 168,
 "fields": {
  "action_time": "2024-03-29T09:57:46.843Z",
  "user": 1,
  "content_type": 33,
  "object_id": "12",
  "object_repr": "Массовые Заклинания Ур. 1",
  "action_flag": 1,
  "change_message": "[{\"added\": {}}, {\"added\": {\"name\": \"\\u042d\\u0444\\u0444\\u0435\\u043a\\u0442 \\u0441\\u043f\\u043e\\u0441\\u043e\\u0431\\u043d\\u043e\\u0441\\u0442\\u0438\", \"object\": \"\\u041c\\u0430\\u0441\\u0441\\u043e\\u0432\\u044b\\u0435 \\u0417\\u0430\\u043a\\u043b\\u0438\\u043d\\u0430\\u043d\\u0438\\u044f \\u0423\\u0440. 1 \\u26a1\\ufe0f\\u041c\\u0430\\u0441\\u0441\\u043e\\u0432\\u0430\\u044f \\u0410\\u0442\\u0430\\u043a\\u0430: 5%\"}}]"
 }
},
{
 "model": "admin.logentry",
 "pk": 169,
 "fields": {
  "action_time": "2024-03-29T10:02:55.208Z",
  "user": 1,
  "content_type": 8,
  "object_id": "32",
  "object_repr": "🪦Без потери опыта при смерти: 5%",
  "action_flag": 1,
  "change_message": "[{\"added\": {}}]"
 }
},
{
 "model": "admin.logentry",
 "pk": 170,
 "fields": {
  "action_time": "2024-03-29T10:03:16.896Z",
  "user": 1,
  "content_type": 33,
  "object_id": "13",
  "object_repr": "Выжываемость Ур. 1",
  "action_flag": 1,
  "change_message": "[{\"added\": {}}, {\"added\": {\"name\": \"\\u042d\\u0444\\u0444\\u0435\\u043a\\u0442 \\u0441\\u043f\\u043e\\u0441\\u043e\\u0431\\u043d\\u043e\\u0441\\u0442\\u0438\", \"object\": \"\\u0412\\u044b\\u0436\\u044b\\u0432\\u0430\\u0435\\u043c\\u043e\\u0441\\u0442\\u044c \\u0423\\u0440. 1 \\ud83e\\udea6\\u0411\\u0435\\u0437 \\u043f\\u043e\\u0442\\u0435\\u0440\\u0438 \\u043e\\u043f\\u044b\\u0442\\u0430 \\u043f\\u0440\\u0438 \\u0441\\u043c\\u0435\\u0440\\u0442\\u0438: 5%\"}}]"
 }
},
{
 "model": "admin.logentry",
 "pk": 171,
 "fields": {
  "action_time": "2024-03-29T10:03:27.749Z",
  "user": 1,
  "content_type": 33,
  "object_id": "13",
  "object_repr": "Выживаемость Ур. 1",
  "action_flag": 2,
  "change_message": "[{\"changed\": {\"fields\": [\"\\u041d\\u0430\\u0437\\u0432\\u0430\\u043d\\u0438\\u0435\"]}}]"
 }
},
{
 "model": "admin.logentry",
 "pk": 172,
 "fields": {
  "action_time": "2024-03-29T10:05:05.576Z",
  "user": 1,
  "content_type": 33,
  "object_id": "14",
  "object_repr": "Создание Эликсира Ур. 1",
  "action_flag": 1,
  "change_message": "[{\"added\": {}}]"
 }
},
{
 "model": "admin.logentry",
 "pk": 173,
 "fields": {
  "action_time": "2024-03-29T10:08:50.910Z",
  "user": 1,
  "content_type": 8,
  "object_id": "33",
  "object_repr": "🥾Шанс избежать PvP: 5%",
  "action_flag": 1,
  "change_message": "[{\"added\": {}}]"
 }
},
{
 "model": "admin.logentry",
 "pk": 174,
 "fields": {
  "action_time": "2024-03-29T10:08:55.069Z",
  "user": 1,
  "content_type": 33,
  "object_id": "15",
  "object_repr": "Уклонение Ур. 1",
  "action_flag": 1,
  "change_message": "[{\"added\": {}}, {\"added\": {\"name\": \"\\u042d\\u0444\\u0444\\u0435\\u043a\\u0442 \\u0441\\u043f\\u043e\\u0441\\u043e\\u0431\\u043d\\u043e\\u0441\\u0442\\u0438\", \"object\": \"\\u0423\\u043a\\u043b\\u043e\\u043d\\u0435\\u043d\\u0438\\u0435 \\u0423\\u0440. 1 \\ud83e\\udd7e\\u0428\\u0430\\u043d\\u0441 \\u0438\\u0437\\u0431\\u0435\\u0436\\u0430\\u0442\\u044c PvP: 5%\"}}]"
 }
},
{
 "model": "admin.logentry",
 "pk": 175,
 "fields": {
  "action_time": "2024-03-29T10:09:40.383Z",
  "user": 1,
  "content_type": 22,
  "object_id": "96",
  "object_repr": "Книга: Уклонение Ур. 1",
  "action_flag": 1,
  "change_message": "[{\"added\": {}}]"
 }
},
{
 "model": "admin.logentry",
 "pk": 176,
 "fields": {
  "action_time": "2024-03-29T10:10:19.087Z",
  "user": 1,
  "content_type": 22,
  "object_id": "97",
  "object_repr": "Книга: Создание Эликсира",
  "action_flag": 1,
  "change_message": "[{\"added\": {}}]"
 }
},
{
 "model": "admin.logentry",
 "pk": 177,
 "fields": {
  "action_time": "2024-03-29T10:10:24.940Z",
  "user": 1,
  "content_type": 22,
  "object_id": "96",
  "object_repr": "Книга: Уклонение Ур. 1",
  "action_flag": 2,
  "change_message": "[{\"changed\": {\"fields\": [\"\\u0422\\u0440\\u0435\\u0431\\u0443\\u0435\\u043c\\u044b\\u0439 \\u0443\\u0440\\u043e\\u0432\\u0435\\u043d\\u044c\"]}}]"
 }
},
{
 "model": "admin.logentry",
 "pk": 178,
 "fields": {
  "action_time": "2024-03-29T10:10:53.724Z",
  "user": 1,
  "content_type": 22,
  "object_id": "97",
  "object_repr": "Книга: Создание Эликсира Ур. 1",
  "action_flag": 2,
  "change_message": "[{\"changed\": {\"fields\": [\"\\u0418\\u043c\\u044f\"]}}]"
 }
},
{
 "model": "admin.logentry",
 "pk": 179,
 "fields": {
  "action_time": "2024-03-29T10:11:04.525Z",
  "user": 1,
  "content_type": 22,
  "object_id": "96",
  "object_repr": "Книга: Уклонение Ур. 1",
  "action_flag": 2,
  "change_message": "[{\"changed\": {\"fields\": [\"\\u0422\\u0440\\u0435\\u0431\\u0443\\u0435\\u043c\\u044b\\u0439 \\u0443\\u0440\\u043e\\u0432\\u0435\\u043d\\u044c\"]}}]"
 }
},
{
 "model": "admin.logentry",
 "pk": 180,
 "fields": {
  "action_time": "2024-03-29T10:11:16.330Z",
  "user": 1,
  "content_type": 22,
  "object_id": "96",
  "object_repr": "Книга: Уклонение Ур. 1",
  "action_flag": 2,
  "change_message": "[{\"changed\": {\"fields\": [\"\\u0422\\u0440\\u0435\\u0431\\u0443\\u0435\\u043c\\u044b\\u0439 \\u0443\\u0440\\u043e\\u0432\\u0435\\u043d\\u044c\"]}}]"
 }
},
{
 "model": "admin.logentry",
 "pk": 181,
 "fields": {
  "action_time": "2024-03-29T10:11:55.314Z",
  "user": 1,
  "content_type": 22,
  "object_id": "98",
  "object_repr": "Книга: Выживаемость Ур. 1",
  "action_flag": 1,
  "change_message": "[{\"added\": {}}]"
 }
},
{
 "model": "admin.logentry",
 "pk": 182,
 "fields": {
  "action_time": "2024-03-29T10:13:36.021Z",
  "user": 1,
  "content_type": 22,
  "object_id": "99",
  "object_repr": "Книга: Массовые Заклинания Ур. 1",
  "action_flag": 1,
  "change_message": "[{\"added\": {}}]"
 }
},
{
 "model": "admin.logentry",
 "pk": 183,
 "fields": {
  "action_time": "2024-03-29T10:14:34.357Z",
  "user": 1,
  "content_type": 22,
  "object_id": "99",
  "object_repr": "Книга: Массовые Заклинания Ур. 1",
  "action_flag": 2,
  "change_message": "[{\"changed\": {\"fields\": [\"\\u0422\\u0438\\u043f\"]}}]"
 }
},
{
 "model": "admin.logentry",
 "pk": 184,
 "fields": {
  "action_time": "2024-03-29T10:15:24.566Z",
  "user": 1,
  "content_type": 22,
  "object_id": "100",
  "object_repr": "Книга: Крепкая Броня Ур. 1",
  "action_flag": 1,
  "change_message": "[{\"added\": {}}]"
 }
},
{
 "model": "admin.logentry",
 "pk": 185,
 "fields": {
  "action_time": "2024-03-29T10:15:31.143Z",
  "user": 1,
  "content_type": 22,
  "object_id": "100",
  "object_repr": "Книга: Крепкая Броня Ур. 1",
  "action_flag": 2,
  "change_message": "[{\"changed\": {\"fields\": [\"\\u0422\\u0438\\u043f\"]}}]"
 }
},
{
 "model": "admin.logentry",
 "pk": 186,
 "fields": {
  "action_time": "2024-03-29T10:15:58.704Z",
  "user": 1,
  "content_type": 22,
  "object_id": "101",
  "object_repr": "Книга: Невидимость Ур. 1",
  "action_flag": 1,
  "change_message": "[{\"added\": {}}]"
 }
},
{
 "model": "admin.logentry",
 "pk": 187,
 "fields": {
  "action_time": "2024-03-29T10:16:31.428Z",
  "user": 1,
  "content_type": 22,
  "object_id": "102",
  "object_repr": "Книга: Огненный Шар Ур. 1",
  "action_flag": 1,
  "change_message": "[{\"added\": {}}]"
 }
},
{
 "model": "admin.logentry",
 "pk": 188,
 "fields": {
  "action_time": "2024-03-29T10:33:15.661Z",
  "user": 1,
  "content_type": 8,
  "object_id": "23",
  "object_repr": " - ️⚔️Атака: 5",
  "action_flag": 2,
  "change_message": "[{\"changed\": {\"fields\": [\"\\u041a\\u043e\\u043b\\u0438\\u0447\\u0435\\u0441\\u0442\\u0432\\u043e\"]}}]"
 }
},
{
 "model": "admin.logentry",
 "pk": 189,
 "fields": {
  "action_time": "2024-03-29T10:33:23.695Z",
  "user": 1,
  "content_type": 33,
  "object_id": "9",
  "object_repr": "Огненный Шар Ур. 1",
  "action_flag": 2,
  "change_message": "[]"
 }
},
{
 "model": "admin.logentry",
 "pk": 190,
 "fields": {
  "action_time": "2024-03-29T10:33:32.920Z",
  "user": 1,
  "content_type": 33,
  "object_id": "9",
  "object_repr": "Огненный Шар Ур. 1",
  "action_flag": 2,
  "change_message": "[]"
 }
},
{
 "model": "admin.logentry",
 "pk": 191,
 "fields": {
  "action_time": "2024-03-29T10:34:10.638Z",
  "user": 1,
  "content_type": 8,
  "object_id": "34",
  "object_repr": " - ️⚔️Атака: 10",
  "action_flag": 1,
  "change_message": "[{\"added\": {}}]"
 }
},
{
 "model": "admin.logentry",
 "pk": 192,
 "fields": {
  "action_time": "2024-03-29T10:34:12.468Z",
  "user": 1,
  "content_type": 33,
  "object_id": "16",
  "object_repr": "Огненный Шар Ур. 2",
  "action_flag": 1,
  "change_message": "[{\"added\": {}}, {\"added\": {\"name\": \"\\u042d\\u0444\\u0444\\u0435\\u043a\\u0442 \\u0441\\u043f\\u043e\\u0441\\u043e\\u0431\\u043d\\u043e\\u0441\\u0442\\u0438\", \"object\": \"\\u041e\\u0433\\u043d\\u0435\\u043d\\u043d\\u044b\\u0439 \\u0428\\u0430\\u0440 \\u0423\\u0440. 2  - \\ufe0f\\u2694\\ufe0f\\u0410\\u0442\\u0430\\u043a\\u0430: 10\"}}]"
 }
},
{
 "model": "admin.logentry",
 "pk": 193,
 "fields": {
  "action_time": "2024-03-29T10:34:21.765Z",
  "user": 1,
  "content_type": 33,
  "object_id": "9",
  "object_repr": "Огненный Шар Ур. 1",
  "action_flag": 2,
  "change_message": "[]"
 }
},
{
 "model": "admin.logentry",
 "pk": 194,
 "fields": {
  "action_time": "2024-03-29T10:34:27.019Z",
  "user": 1,
  "content_type": 33,
  "object_id": "16",
  "object_repr": "Огненный Шар Ур. 2",
  "action_flag": 2,
  "change_message": "[{\"changed\": {\"fields\": [\"\\u042d\\u043c\\u043e\\u0434\\u0436\\u0438\"]}}]"
 }
},
{
 "model": "admin.logentry",
 "pk": 195,
 "fields": {
  "action_time": "2024-03-29T10:34:42.587Z",
  "user": 1,
  "content_type": 22,
  "object_id": "102",
  "object_repr": "Книга: Огненный Шар Ур. 2",
  "action_flag": 2,
  "change_message": "[{\"changed\": {\"fields\": [\"\\u0418\\u043c\\u044f\", \"\\u0422\\u0440\\u0435\\u0431\\u0443\\u0435\\u043c\\u043e\\u0435 \\u0443\\u043c\\u0435\\u043d\\u0438\\u0435\", \"\\u041f\\u043e\\u043b\\u0443\\u0447\\u0430\\u0435\\u043c\\u043e\\u0435 \\u0443\\u043c\\u0435\\u043d\\u0438\\u0435\"]}}]"
 }
},
{
 "model": "admin.logentry",
 "pk": 196,
 "fields": {
  "action_time": "2024-03-29T10:35:33.724Z",
  "user": 1,
  "content_type": 25,
  "object_id": "4",
  "object_repr": "🪄 Маг",
  "action_flag": 2,
  "change_message": "[{\"added\": {\"name\": \"\\u0423\\u043c\\u0435\\u043d\\u0438\\u0435 \\u043a\\u043b\\u0430\\u0441\\u0441\\u0430\", \"object\": \"\\u041e\\u0433\\u043d\\u0435\\u043d\\u043d\\u044b\\u0439 \\u0428\\u0430\\u0440 \\u0423\\u0440. 1 \\ud83e\\ude84 \\u041c\\u0430\\u0433\"}}]"
 }
},
{
 "model": "admin.logentry",
 "pk": 197,
 "fields": {
  "action_time": "2024-03-29T10:37:51.600Z",
  "user": 1,
  "content_type": 10,
  "object_id": "103",
  "object_repr": "Мешок с Книгой (Уровень 2)",
  "action_flag": 1,
  "change_message": "[{\"added\": {}}, {\"added\": {\"name\": \"\\u041f\\u0440\\u0435\\u0434\\u043c\\u0435\\u0442 \\u0432 \\u043c\\u0435\\u0448\\u043a\\u0435\", \"object\": \"Bag: \\u041c\\u0435\\u0448\\u043e\\u043a \\u0441 \\u041a\\u043d\\u0438\\u0433\\u043e\\u0439 (\\u0423\\u0440\\u043e\\u0432\\u0435\\u043d\\u044c 2) | Item: \\u041a\\u043d\\u0438\\u0433\\u0430: \\u041d\\u0435\\u0432\\u0438\\u0434\\u0438\\u043c\\u043e\\u0441\\u0442\\u044c \\u0423\\u0440. 1 | Chance: 1%\"}}, {\"added\": {\"name\": \"\\u041f\\u0440\\u0435\\u0434\\u043c\\u0435\\u0442 \\u0432 \\u043c\\u0435\\u0448\\u043a\\u0435\", \"object\": \"Bag: \\u041c\\u0435\\u0448\\u043e\\u043a \\u0441 \\u041a\\u043d\\u0438\\u0433\\u043e\\u0439 (\\u0423\\u0440\\u043e\\u0432\\u0435\\u043d\\u044c 2) | Item: \\u041a\\u043d\\u0438\\u0433\\u0430: \\u041e\\u0433\\u043d\\u0435\\u043d\\u043d\\u044b\\u0439 \\u0428\\u0430\\u0440 \\u0423\\u0440. 2 | Chance: 1%\"}}, {\"added\": {\"name\": \"\\u041f\\u0440\\u0435\\u0434\\u043c\\u0435\\u0442 \\u0432 \\u043c\\u0435\\u0448\\u043a\\u0435\", \"object\": \"Bag: \\u041c\\u0435\\u0448\\u043e\\u043a \\u0441 \\u041a\\u043d\\u0438\\u0433\\u043e\\u0439 (\\u0423\\u0440\\u043e\\u0432\\u0435\\u043d\\u044c 2) | Item: \\u041a\\u043d\\u0438\\u0433\\u0430: \\u0423\\u043a\\u043b\\u043e\\u043d\\u0435\\u043d\\u0438\\u0435 \\u0423\\u0440. 1 | Chance: 1%\"}}, {\"added\": {\"name\": \"\\u041f\\u0440\\u0435\\u0434\\u043c\\u0435\\u0442 \\u0432 \\u043c\\u0435\\u0448\\u043a\\u0435\", \"object\": \"Bag: \\u041c\\u0435\\u0448\\u043e\\u043a \\u0441 \\u041a\\u043d\\u0438\\u0433\\u043e\\u0439 (\\u0423\\u0440\\u043e\\u0432\\u0435\\u043d\\u044c 2) | Item: \\u041a\\u043d\\u0438\\u0433\\u0430: \\u0421\\u043e\\u0437\\u0434\\u0430\\u043d\\u0438\\u0435 \\u042d\\u043b\\u0438\\u043a\\u0441\\u0438\\u0440\\u0430 \\u0423\\u0440. 1 | Chance: 1%\"}}, {\"added\": {\"name\": \"\\u041f\\u0440\\u0435\\u0434\\u043c\\u0435\\u0442 \\u0432 \\u043c\\u0435\\u0448\\u043a\\u0435\", \"object\": \"Bag: \\u041c\\u0435\\u0448\\u043e\\u043a \\u0441 \\u041a\\u043d\\u0438\\u0433\\u043e\\u0439 (\\u0423\\u0440\\u043e\\u0432\\u0435\\u043d\\u044c 2) | Item: \\u041a\\u043d\\u0438\\u0433\\u0430: \\u0412\\u044b\\u0436\\u0438\\u0432\\u0430\\u0435\\u043c\\u043e\\u0441\\u0442\\u044c \\u0423\\u0440. 1 | Chance: 1%\"}}, {\"added\": {\"name\": \"\\u041f\\u0440\\u0435\\u0434\\u043c\\u0435\\u0442 \\u0432 \\u043c\\u0435\\u0448\\u043a\\u0435\", \"object\": \"Bag: \\u041c\\u0435\\u0448\\u043e\\u043a \\u0441 \\u041a\\u043d\\u0438\\u0433\\u043e\\u0439 (\\u0423\\u0440\\u043e\\u0432\\u0435\\u043d\\u044c 2) | Item: \\u041a\\u043d\\u0438\\u0433\\u0430: \\u041c\\u0430\\u0441\\u0441\\u043e\\u0432\\u044b\\u0435 \\u0417\\u0430\\u043a\\u043b\\u0438\\u043d\\u0430\\u043d\\u0438\\u044f \\u0423\\u0440. 1 | Chance: 1%\"}}, {\"added\": {\"name\": \"\\u041f\\u0440\\u0435\\u0434\\u043c\\u0435\\u0442 \\u0432 \\u043c\\u0435\\u0448\\u043a\\u0435\", \"object\": \"Bag: \\u041c\\u0435\\u0448\\u043e\\u043a \\u0441 \\u041a\\u043d\\u0438\\u0433\\u043e\\u0439 (\\u0423\\u0440\\u043e\\u0432\\u0435\\u043d\\u044c 2) | Item: \\u041a\\u043d\\u0438\\u0433\\u0430: \\u041a\\u0440\\u0435\\u043f\\u043a\\u0430\\u044f \\u0411\\u0440\\u043e\\u043d\\u044f \\u0423\\u0440. 1 | Chance: 1%\"}}]"
 }
},
{
 "model": "admin.logentry",
 "pk": 198,
 "fields": {
  "action_time": "2024-03-29T10:38:21.794Z",
  "user": 1,
  "content_type": 10,
  "object_id": "103",
  "object_repr": "Мешок с Книгой (Уровень 2)",
  "action_flag": 2,
  "change_message": "[]"
 }
},
{
 "model": "admin.logentry",
 "pk": 199,
 "fields": {
  "action_time": "2024-03-29T10:39:00.705Z",
  "user": 1,
  "content_type": 36,
  "object_id": "6",
  "object_repr": "Призрачный Лес | Attack: 59 | Defence: 59",
  "action_flag": 2,
  "change_message": "[{\"changed\": {\"name\": \"\\u0414\\u0440\\u043e\\u043f \\u0432 \\u043b\\u043e\\u043a\\u0430\\u0446\\u0438\\u0438\", \"object\": \"Item: \\u041c\\u0435\\u0448\\u043e\\u043a \\u0441 \\u041a\\u043d\\u0438\\u0433\\u043e\\u0439 (\\u0423\\u0440\\u043e\\u0432\\u0435\\u043d\\u044c 2) | Location: \\u041f\\u0440\\u0438\\u0437\\u0440\\u0430\\u0447\\u043d\\u044b\\u0439 \\u041b\\u0435\\u0441 | Attack: 59 | Defence: 59 | Amount: 1 - 1 | Chance: 0.05\", \"fields\": [\"\\u041f\\u0440\\u0435\\u0434\\u043c\\u0435\\u0442\", \"\\u0428\\u0430\\u043d\\u0441 \\u0432 \\u043f\\u0440\\u043e\\u0446\\u0435\\u043d\\u0442\\u0430\\u0445 \\u0432 \\u043c\\u0438\\u043d\\u0443\\u0442\\u0443\"]}}]"
 }
},
{
 "model": "admin.logentry",
 "pk": 200,
 "fields": {
  "action_time": "2024-03-31T12:38:06.623Z",
  "user": 1,
  "content_type": 24,
  "object_id": "1",
  "object_repr": "waca | Level: 1 | Attack : 10 | Defence: 9",
  "action_flag": 2,
  "change_message": "[{\"added\": {\"name\": \"\\u0423\\u043c\\u0435\\u043d\\u0438\\u0435 \\u043f\\u0435\\u0440\\u0441\\u043e\\u043d\\u0430\\u0436\\u0430\", \"object\": \"\\u041e\\u0433\\u043d\\u0435\\u043d\\u043d\\u044b\\u0439 \\u0428\\u0430\\u0440 \\u0423\\u0440. 1 waca | Level: 1 | Attack : 10 | Defence: 9\"}}]"
 }
},
{
 "model": "admin.logentry",
 "pk": 201,
 "fields": {
  "action_time": "2024-03-31T12:38:07.223Z",
  "user": 1,
  "content_type": 24,
  "object_id": "1",
  "object_repr": "waca | Level: 1 | Attack : 10 | Defence: 9",
  "action_flag": 2,
  "change_message": "[{\"added\": {\"name\": \"\\u0423\\u043c\\u0435\\u043d\\u0438\\u0435 \\u043f\\u0435\\u0440\\u0441\\u043e\\u043d\\u0430\\u0436\\u0430\", \"object\": \"\\u041e\\u0433\\u043d\\u0435\\u043d\\u043d\\u044b\\u0439 \\u0428\\u0430\\u0440 \\u0423\\u0440. 1 waca | Level: 1 | Attack : 10 | Defence: 9\"}}]"
 }
},
{
 "model": "admin.logentry",
 "pk": 202,
 "fields": {
  "action_time": "2024-03-31T12:40:18.310Z",
  "user": 1,
  "content_type": 24,
  "object_id": "1",
  "object_repr": "waca | Level: 1 | Attack : 10 | Defence: 9",
  "action_flag": 2,
  "change_message": "[{\"deleted\": {\"name\": \"\\u0423\\u043c\\u0435\\u043d\\u0438\\u0435 \\u043f\\u0435\\u0440\\u0441\\u043e\\u043d\\u0430\\u0436\\u0430\", \"object\": \"\\u041e\\u0433\\u043d\\u0435\\u043d\\u043d\\u044b\\u0439 \\u0428\\u0430\\u0440 \\u0423\\u0440. 1 waca | Level: 1 | Attack : 10 | Defence: 9\"}}]"
 }
},
{
 "model": "admin.logentry",
 "pk": 203,
 "fields": {
  "action_time": "2024-03-31T12:46:18.847Z",
  "user": 1,
  "content_type": 24,
  "object_id": "1",
  "object_repr": "waca | Level: 1 | Attack : 10 | Defence: 9",
  "action_flag": 2,
  "change_message": "[{\"changed\": {\"fields\": [\"\\u041e\\u043a\\u043e\\u043d\\u0447\\u0430\\u043d\\u0438\\u0435 \\u041f\\u0440\\u0435\\u043c\\u0438\\u0443\\u043c\\u0430\"]}}]"
 }
},
{
 "model": "admin.logentry",
 "pk": 204,
 "fields": {
  "action_time": "2024-03-31T12:46:53.942Z",
  "user": 1,
  "content_type": 24,
  "object_id": "1",
  "object_repr": "waca | Level: 1 | Attack : 10 | Defence: 9",
  "action_flag": 2,
  "change_message": "[{\"changed\": {\"fields\": [\"\\u041d\\u0430\\u0447\\u0430\\u043b\\u043e \\u043e\\u0445\\u043e\\u0442\\u044b\"]}}]"
 }
},
{
 "model": "admin.logentry",
 "pk": 205,
 "fields": {
  "action_time": "2024-03-31T12:53:07.294Z",
  "user": 1,
  "content_type": 24,
  "object_id": "1",
  "object_repr": "waca | Level: 1 | Attack : 10 | Defence: 9",
  "action_flag": 2,
  "change_message": "[{\"changed\": {\"fields\": [\"\\u041e\\u043a\\u043e\\u043d\\u0447\\u0430\\u043d\\u0438\\u0435 \\u041f\\u0440\\u0435\\u043c\\u0438\\u0443\\u043c\\u0430\"]}}]"
 }
},
{
 "model": "admin.logentry",
 "pk": 206,
 "fields": {
  "action_time": "2024-03-31T12:54:35.556Z",
  "user": 1,
  "content_type": 24,
  "object_id": "1",
  "object_repr": "waca | Level: 1 | Attack : 10 | Defence: 9",
  "action_flag": 2,
  "change_message": "[{\"changed\": {\"name\": \"\\u041f\\u0440\\u0435\\u0434\\u043c\\u0435\\u0442 \\u043f\\u0435\\u0440\\u0441\\u043e\\u043d\\u0430\\u0436\\u0430\", \"object\": \"Character: waca | Level: 1 | Attack : 10 | Defence: 9 | Item: \\ud83d\\udfe1\\u0417\\u043e\\u043b\\u043e\\u0442\\u043e | Amount: 1111\", \"fields\": [\"\\u041a\\u043e\\u043b\\u0438\\u0447\\u0435\\u0441\\u0442\\u0432\\u043e\"]}}]"
 }
},
{
 "model": "admin.logentry",
 "pk": 207,
 "fields": {
  "action_time": "2024-03-31T13:13:22.245Z",
  "user": 1,
  "content_type": 24,
  "object_id": "1",
  "object_repr": "waca | Level: 1 | Attack : 10 | Defence: 9",
  "action_flag": 2,
  "change_message": "[{\"changed\": {\"name\": \"\\u041f\\u0440\\u0435\\u0434\\u043c\\u0435\\u0442 \\u043f\\u0435\\u0440\\u0441\\u043e\\u043d\\u0430\\u0436\\u0430\", \"object\": \"Character: waca | Level: 1 | Attack : 10 | Defence: 9 | Item: \\u042d\\u043b\\u0438\\u043a\\u0441\\u0438\\u0440 \\u0421\\u0438\\u043b\\u044b | Amount: 12\", \"fields\": [\"\\u041a\\u043e\\u043b\\u0438\\u0447\\u0435\\u0441\\u0442\\u0432\\u043e\"]}}]"
 }
},
{
 "model": "admin.logentry",
 "pk": 208,
 "fields": {
  "action_time": "2024-03-31T13:14:12.450Z",
  "user": 1,
  "content_type": 24,
  "object_id": "1",
  "object_repr": "waca | Level: 1 | Attack : 10 | Defence: 9",
  "action_flag": 2,
  "change_message": "[{\"added\": {\"name\": \"\\u041f\\u0440\\u0435\\u0434\\u043c\\u0435\\u0442 \\u043f\\u0435\\u0440\\u0441\\u043e\\u043d\\u0430\\u0436\\u0430\", \"object\": \"Character: waca | Level: 1 | Attack : 10 | Defence: 9 | Item: \\u041f\\u043e\\u0442\\u0440\\u0435\\u043f\\u0430\\u043d\\u043d\\u044b\\u0439 \\u041a\\u043e\\u0436\\u0430\\u043d\\u043d\\u044b\\u0439 \\u0414\\u043e\\u0441\\u043f\\u0435\\u0445 | Amount: 1\"}}, {\"added\": {\"name\": \"\\u041f\\u0440\\u0435\\u0434\\u043c\\u0435\\u0442 \\u043f\\u0435\\u0440\\u0441\\u043e\\u043d\\u0430\\u0436\\u0430\", \"object\": \"Character: waca | Level: 1 | Attack : 10 | Defence: 9 | Item: \\u0421\\u0432\\u0438\\u0442\\u043e\\u043a \\u0423\\u043b\\u0443\\u0447\\u0448\\u0435\\u043d\\u0438\\u044f \\u0411\\u0440\\u043e\\u043d\\u0438 | Amount: 12\"}}]"
 }
},
{
 "model": "admin.logentry",
 "pk": 209,
 "fields": {
  "action_time": "2024-03-31T13:32:53.777Z",
  "user": 1,
  "content_type": 24,
  "object_id": "1",
  "object_repr": "waca | Level: 1 | Attack : 10 | Defence: 9",
  "action_flag": 2,
  "change_message": "[{\"added\": {\"name\": \"\\u041f\\u0440\\u0435\\u0434\\u043c\\u0435\\u0442 \\u043f\\u0435\\u0440\\u0441\\u043e\\u043d\\u0430\\u0436\\u0430\", \"object\": \"Character: waca | Level: 1 | Attack : 10 | Defence: 9 | Item: \\u042d\\u043b\\u0438\\u043a\\u0441\\u0438\\u0440 \\u0421\\u0438\\u043b\\u044b | Amount: 12\"}}]"
 }
},
{
 "model": "admin.logentry",
 "pk": 210,
 "fields": {
  "action_time": "2024-03-31T13:54:09.844Z",
  "user": 1,
  "content_type": 24,
  "object_id": "1",
  "object_repr": "waca | Level: 1 | Attack : 10 | Defence: 9",
  "action_flag": 2,
  "change_message": "[{\"added\": {\"name\": \"\\u041f\\u0440\\u0435\\u0434\\u043c\\u0435\\u0442 \\u043f\\u0435\\u0440\\u0441\\u043e\\u043d\\u0430\\u0436\\u0430\", \"object\": \"Character: waca | Level: 1 | Attack : 10 | Defence: 9 | Item: \\u0421\\u0432\\u0438\\u0442\\u043e\\u043a \\u0423\\u043b\\u0443\\u0447\\u0448\\u0435\\u043d\\u0438\\u044f \\u0411\\u0440\\u043e\\u043d\\u0438 | Amount: 22\"}}]"
 }
},
{
 "model": "admin.logentry",
 "pk": 211,
 "fields": {
  "action_time": "2024-03-31T13:58:25.431Z",
  "user": 1,
  "content_type": 24,
  "object_id": "1",
  "object_repr": "waca | Level: 1 | Attack : 10 | Defence: 9",
  "action_flag": 2,
  "change_message": "[]"
 }
},
{
 "model": "admin.logentry",
 "pk": 212,
 "fields": {
  "action_time": "2024-03-31T14:02:09.948Z",
  "user": 1,
  "content_type": 24,
  "object_id": "1",
  "object_repr": "waca | Level: 1 | Attack : 10 | Defence: 9",
  "action_flag": 2,
  "change_message": "[{\"changed\": {\"name\": \"\\u041f\\u0440\\u0435\\u0434\\u043c\\u0435\\u0442 \\u043f\\u0435\\u0440\\u0441\\u043e\\u043d\\u0430\\u0436\\u0430\", \"object\": \"Character: waca | Level: 1 | Attack : 10 | Defence: 9 | Item: \\u0421\\u0432\\u0438\\u0442\\u043e\\u043a \\u0423\\u043b\\u0443\\u0447\\u0448\\u0435\\u043d\\u0438\\u044f \\u0411\\u0440\\u043e\\u043d\\u0438 | Amount: 22\", \"fields\": [\"\\u041a\\u043e\\u043b\\u0438\\u0447\\u0435\\u0441\\u0442\\u0432\\u043e\"]}}]"
 }
},
{
 "model": "admin.logentry",
 "pk": 213,
 "fields": {
  "action_time": "2024-03-31T14:04:14.350Z",
  "user": 1,
  "content_type": 24,
  "object_id": "1",
  "object_repr": "waca | Level: 1 | Attack : 10 | Defence: 9",
  "action_flag": 2,
  "change_message": "[{\"changed\": {\"name\": \"\\u041f\\u0440\\u0435\\u0434\\u043c\\u0435\\u0442 \\u043f\\u0435\\u0440\\u0441\\u043e\\u043d\\u0430\\u0436\\u0430\", \"object\": \"Character: waca | Level: 1 | Attack : 10 | Defence: 9 | Item: \\u0421\\u0432\\u0438\\u0442\\u043e\\u043a \\u0423\\u043b\\u0443\\u0447\\u0448\\u0435\\u043d\\u0438\\u044f \\u0411\\u0440\\u043e\\u043d\\u0438 | Amount: 33\", \"fields\": [\"\\u041a\\u043e\\u043b\\u0438\\u0447\\u0435\\u0441\\u0442\\u0432\\u043e\"]}}, {\"changed\": {\"name\": \"\\u041f\\u0440\\u0435\\u0434\\u043c\\u0435\\u0442 \\u043f\\u0435\\u0440\\u0441\\u043e\\u043d\\u0430\\u0436\\u0430\", \"object\": \"Character: waca | Level: 1 | Attack : 10 | Defence: 9 | Item: \\u041f\\u043e\\u0442\\u0440\\u0435\\u043f\\u0430\\u043d\\u043d\\u044b\\u0439 \\u041a\\u043e\\u0436\\u0430\\u043d\\u043d\\u044b\\u0439 \\u0414\\u043e\\u0441\\u043f\\u0435\\u0445 | Amount: 1\", \"fields\": [\"\\u0423\\u0440\\u043e\\u0432\\u0435\\u043d\\u044c \\u0443\\u043b\\u0443\\u0447\\u0448\\u0435\\u043d\\u0438\\u044f\"]}}]"
 }
},
{
 "model": "admin.logentry",
 "pk": 214,
 "fields": {
  "action_time": "2024-03-31T14:18:05.042Z",
  "user": 1,
  "content_type": 33,
  "object_id": "9",
  "object_repr": "Огненный Шар Ур. 1",
  "action_flag": 2,
  "change_message": "[]"
 }
},
{
 "model": "admin.logentry",
 "pk": 215,
 "fields": {
  "action_time": "2024-03-31T14:18:59.907Z",
  "user": 1,
  "content_type": 24,
  "object_id": "1",
  "object_repr": "waca | Level: 1 | Attack : 10 | Defence: 9",
  "action_flag": 2,
  "change_message": "[{\"changed\": {\"name\": \"\\u0423\\u043c\\u0435\\u043d\\u0438\\u0435 \\u043f\\u0435\\u0440\\u0441\\u043e\\u043d\\u0430\\u0436\\u0430\", \"object\": \"\\u041e\\u0433\\u043d\\u0435\\u043d\\u043d\\u044b\\u0439 \\u0428\\u0430\\u0440 \\u0423\\u0440. 1 waca | Level: 1 | Attack : 10 | Defence: 9\", \"fields\": [\"\\u0410\\u043a\\u0442\\u0438\\u0432\\u0438\\u0440\\u043e\\u0432\\u0430\\u043d (\\u0414\\u043b\\u044f \\u043f\\u0435\\u0440\\u0435\\u043a\\u043b\\u044e\\u0447\\u0430\\u0435\\u043c\\u044b\\u0445)\"]}}]"
 }
},
{
 "model": "admin.logentry",
 "pk": 216,
 "fields": {
  "action_time": "2024-03-31T14:19:09.643Z",
  "user": 1,
  "content_type": 24,
  "object_id": "1",
  "object_repr": "waca | Level: 1 | Attack : 10 | Defence: 9",
  "action_flag": 2,
  "change_message": "[{\"changed\": {\"name\": \"\\u0423\\u043c\\u0435\\u043d\\u0438\\u0435 \\u043f\\u0435\\u0440\\u0441\\u043e\\u043d\\u0430\\u0436\\u0430\", \"object\": \"\\u041e\\u0433\\u043d\\u0435\\u043d\\u043d\\u044b\\u0439 \\u0428\\u0430\\u0440 \\u0423\\u0440. 1 waca | Level: 1 | Attack : 10 | Defence: 9\", \"fields\": [\"\\u0410\\u043a\\u0442\\u0438\\u0432\\u0438\\u0440\\u043e\\u0432\\u0430\\u043d (\\u0414\\u043b\\u044f \\u043f\\u0435\\u0440\\u0435\\u043a\\u043b\\u044e\\u0447\\u0430\\u0435\\u043c\\u044b\\u0445)\"]}}]"
 }
},
{
 "model": "admin.logentry",
 "pk": 217,
 "fields": {
  "action_time": "2024-03-31T14:21:30.438Z",
  "user": 1,
  "content_type": 24,
  "object_id": "1",
  "object_repr": "waca | Level: 1 | Attack : 10 | Defence: 9",
  "action_flag": 2,
  "change_message": "[{\"changed\": {\"name\": \"\\u0423\\u043c\\u0435\\u043d\\u0438\\u0435 \\u043f\\u0435\\u0440\\u0441\\u043e\\u043d\\u0430\\u0436\\u0430\", \"object\": \"\\u041e\\u0433\\u043d\\u0435\\u043d\\u043d\\u044b\\u0439 \\u0428\\u0430\\u0440 \\u0423\\u0440. 1 waca | Level: 1 | Attack : 10 | Defence: 9\", \"fields\": [\"\\u0410\\u043a\\u0442\\u0438\\u0432\\u0438\\u0440\\u043e\\u0432\\u0430\\u043d (\\u0414\\u043b\\u044f \\u043f\\u0435\\u0440\\u0435\\u043a\\u043b\\u044e\\u0447\\u0430\\u0435\\u043c\\u044b\\u0445)\"]}}]"
 }
},
{
 "model": "admin.logentry",
 "pk": 218,
 "fields": {
  "action_time": "2024-03-31T14:30:15.366Z",
  "user": 1,
  "content_type": 33,
  "object_id": "9",
  "object_repr": "Огненный Шар Ур. 1",
  "action_flag": 2,
  "change_message": "[{\"changed\": {\"fields\": [\"\\u041e\\u043f\\u0438\\u0441\\u0430\\u043d\\u0438\\u0435\"]}}]"
 }
},
{
 "model": "admin.logentry",
 "pk": 219,
 "fields": {
  "action_time": "2024-03-31T14:30:18.986Z",
  "user": 1,
  "content_type": 33,
  "object_id": "16",
  "object_repr": "Огненный Шар Ур. 2",
  "action_flag": 2,
  "change_message": "[{\"changed\": {\"fields\": [\"\\u041e\\u043f\\u0438\\u0441\\u0430\\u043d\\u0438\\u0435\"]}}]"
 }
},
{
 "model": "admin.logentry",
 "pk": 220,
 "fields": {
  "action_time": "2024-03-31T14:53:23.880Z",
  "user": 1,
  "content_type": 8,
  "object_id": "35",
  "object_repr": " - 💨Невидимость: 0",
  "action_flag": 1,
  "change_message": "[{\"added\": {}}]"
 }
},
{
 "model": "admin.logentry",
 "pk": 221,
 "fields": {
  "action_time": "2024-03-31T14:54:04.210Z",
  "user": 1,
  "content_type": 33,
  "object_id": "10",
  "object_repr": "Невидимость Ур. 1",
  "action_flag": 2,
  "change_message": "[{\"added\": {\"name\": \"\\u042d\\u0444\\u0444\\u0435\\u043a\\u0442 \\u0441\\u043f\\u043e\\u0441\\u043e\\u0431\\u043d\\u043e\\u0441\\u0442\\u0438\", \"object\": \"\\u041d\\u0435\\u0432\\u0438\\u0434\\u0438\\u043c\\u043e\\u0441\\u0442\\u044c \\u0423\\u0440. 1  - \\ud83d\\udca8\\u041d\\u0435\\u0432\\u0438\\u0434\\u0438\\u043c\\u043e\\u0441\\u0442\\u044c: 0\"}}]"
 }
},
{
 "model": "admin.logentry",
 "pk": 222,
 "fields": {
  "action_time": "2024-03-31T14:54:26.870Z",
  "user": 1,
  "content_type": 24,
  "object_id": "1",
  "object_repr": "waca | Level: 1 | Attack : 10 | Defence: 9",
  "action_flag": 2,
  "change_message": "[{\"added\": {\"name\": \"\\u0423\\u043c\\u0435\\u043d\\u0438\\u0435 \\u043f\\u0435\\u0440\\u0441\\u043e\\u043d\\u0430\\u0436\\u0430\", \"object\": \"\\u041d\\u0435\\u0432\\u0438\\u0434\\u0438\\u043c\\u043e\\u0441\\u0442\\u044c \\u0423\\u0440. 1 waca | Level: 1 | Attack : 10 | Defence: 9\"}}]"
 }
},
{
 "model": "admin.logentry",
 "pk": 223,
 "fields": {
  "action_time": "2024-03-31T14:55:00.631Z",
  "user": 1,
  "content_type": 8,
  "object_id": "35",
  "object_repr": " - 💨Невидимость: 100%",
  "action_flag": 2,
  "change_message": "[{\"changed\": {\"fields\": [\"\\u041a\\u043e\\u043b\\u0438\\u0447\\u0435\\u0441\\u0442\\u0432\\u043e\", \"\\u0412 \\u043f\\u0440\\u043e\\u0446\\u0435\\u043d\\u0442\\u0430\\u0445\"]}}]"
 }
},
{
 "model": "admin.logentry",
 "pk": 224,
 "fields": {
  "action_time": "2024-03-31T14:55:01.242Z",
  "user": 1,
  "content_type": 33,
  "object_id": "10",
  "object_repr": "Невидимость Ур. 1",
  "action_flag": 2,
  "change_message": "[]"
 }
},
{
 "model": "admin.logentry",
 "pk": 225,
 "fields": {
  "action_time": "2024-03-31T15:11:53.965Z",
  "user": 1,
  "content_type": 24,
  "object_id": "1",
  "object_repr": "waca | Level: 1 | Attack : 10 | Defence: 9",
  "action_flag": 2,
  "change_message": "[{\"changed\": {\"fields\": [\"\\u041c\\u0430\\u043d\\u0430\", \"\\u041c\\u0430\\u043a\\u0441 \\u041c\\u0430\\u043d\\u0430\"]}}]"
 }
},
{
 "model": "admin.logentry",
 "pk": 226,
 "fields": {
  "action_time": "2024-03-31T15:34:30.122Z",
  "user": 1,
  "content_type": 8,
  "object_id": "35",
  "object_repr": " - 💨Невидимость: 0%",
  "action_flag": 2,
  "change_message": "[{\"changed\": {\"fields\": [\"\\u041a\\u043e\\u043b\\u0438\\u0447\\u0435\\u0441\\u0442\\u0432\\u043e\"]}}]"
 }
},
{
 "model": "admin.logentry",
 "pk": 227,
 "fields": {
  "action_time": "2024-03-31T15:34:31.448Z",
  "user": 1,
  "content_type": 33,
  "object_id": "10",
  "object_repr": "Невидимость Ур. 1",
  "action_flag": 2,
  "change_message": "[]"
 }
},
{
 "model": "admin.logentry",
 "pk": 228,
 "fields": {
  "action_time": "2024-03-31T15:42:32.803Z",
  "user": 1,
  "content_type": 6,
  "object_id": "1",
  "object_repr": "Nikita Fedorov | id: 746696354",
  "action_flag": 2,
  "change_message": "[{\"changed\": {\"fields\": [\"\\u041f\\u0435\\u0440\\u0441\\u043e\\u043d\\u0430\\u0436\"]}}]"
 }
},
{
 "model": "admin.logentry",
 "pk": 229,
 "fields": {
  "action_time": "2024-03-31T15:52:22.801Z",
  "user": 1,
  "content_type": 24,
  "object_id": "1",
  "object_repr": "waca | Level: 1 | Attack : 10 | Defence: 9",
  "action_flag": 2,
  "change_message": "[{\"changed\": {\"name\": \"\\u042d\\u0444\\u0444\\u0435\\u043a\\u0442 \\u043f\\u0435\\u0440\\u0441\\u043e\\u043d\\u0430\\u0436\\u0430\", \"object\": \"Character: waca | Level: 1 | Attack : 10 | Defence: 9 | Effect:  - \\ud83d\\udca8\\u041d\\u0435\\u0432\\u0438\\u0434\\u0438\\u043c\\u043e\\u0441\\u0442\\u044c: 0%\", \"fields\": [\"\\u041e\\u043a\\u043e\\u043d\\u0447\\u0430\\u043d\\u0438\\u0435 \\u042d\\u0444\\u0444\\u0435\\u043a\\u0442\\u0430\"]}}, {\"deleted\": {\"name\": \"\\u042d\\u0444\\u0444\\u0435\\u043a\\u0442 \\u043f\\u0435\\u0440\\u0441\\u043e\\u043d\\u0430\\u0436\\u0430\", \"object\": \"Character: waca | Level: 1 | Attack : 10 | Defence: 9 | Effect:  - \\ud83d\\udca8\\u041d\\u0435\\u0432\\u0438\\u0434\\u0438\\u043c\\u043e\\u0441\\u0442\\u044c: 0%\"}}, {\"deleted\": {\"name\": \"\\u042d\\u0444\\u0444\\u0435\\u043a\\u0442 \\u043f\\u0435\\u0440\\u0441\\u043e\\u043d\\u0430\\u0436\\u0430\", \"object\": \"Character: waca | Level: 1 | Attack : 10 | Defence: 9 | Effect:  - \\ud83d\\udca8\\u041d\\u0435\\u0432\\u0438\\u0434\\u0438\\u043c\\u043e\\u0441\\u0442\\u044c: 0%\"}}]"
 }
},
{
 "model": "admin.logentry",
 "pk": 230,
 "fields": {
  "action_time": "2024-03-31T16:25:21.121Z",
  "user": 1,
  "content_type": 24,
  "object_id": "2",
  "object_repr": "Орех | Level: 1 | Attack : 10 | Defence: 9",
  "action_flag": 2,
  "change_message": "[{\"changed\": {\"fields\": [\"\\u041c\\u0430\\u043d\\u0430\"]}}, {\"changed\": {\"name\": \"\\u0423\\u043c\\u0435\\u043d\\u0438\\u0435 \\u043f\\u0435\\u0440\\u0441\\u043e\\u043d\\u0430\\u0436\\u0430\", \"object\": \"\\u041e\\u0433\\u043d\\u0435\\u043d\\u043d\\u044b\\u0439 \\u0428\\u0430\\u0440 \\u0423\\u0440. 1 \\u041e\\u0440\\u0435\\u0445 | Level: 1 | Attack : 10 | Defence: 9\", \"fields\": [\"\\u0410\\u043a\\u0442\\u0438\\u0432\\u0438\\u0440\\u043e\\u0432\\u0430\\u043d (\\u0414\\u043b\\u044f \\u043f\\u0435\\u0440\\u0435\\u043a\\u043b\\u044e\\u0447\\u0430\\u0435\\u043c\\u044b\\u0445)\"]}}, {\"changed\": {\"name\": \"\\u041f\\u0440\\u0435\\u0434\\u043c\\u0435\\u0442 \\u043f\\u0435\\u0440\\u0441\\u043e\\u043d\\u0430\\u0436\\u0430\", \"object\": \"Character: \\u041e\\u0440\\u0435\\u0445 | Level: 1 | Attack : 10 | Defence: 9 | Item: \\ud83d\\udfe1\\u0417\\u043e\\u043b\\u043e\\u0442\\u043e | Amount: 4\", \"fields\": [\"\\u041a\\u043e\\u043b\\u0438\\u0447\\u0435\\u0441\\u0442\\u0432\\u043e\"]}}, {\"changed\": {\"name\": \"\\u041f\\u0440\\u0435\\u0434\\u043c\\u0435\\u0442 \\u043f\\u0435\\u0440\\u0441\\u043e\\u043d\\u0430\\u0436\\u0430\", \"object\": \"Character: \\u041e\\u0440\\u0435\\u0445 | Level: 1 | Attack : 10 | Defence: 9 | Item: \\u041c\\u0435\\u0448\\u043e\\u043a \\u0441 \\u0420\\u0435\\u0441\\u0443\\u0440\\u0441\\u0430\\u043c\\u0438 (\\u041e\\u0431\\u044b\\u0447\\u043d\\u044b\\u0439) | Amount: 1\", \"fields\": [\"\\u041a\\u043e\\u043b\\u0438\\u0447\\u0435\\u0441\\u0442\\u0432\\u043e\"]}}]"
 }
},
{
 "model": "admin.logentry",
 "pk": 231,
 "fields": {
  "action_time": "2024-03-31T16:32:42.656Z",
  "user": 1,
  "content_type": 33,
  "object_id": "9",
  "object_repr": "Огненный Шар Ур. 1",
  "action_flag": 2,
  "change_message": "[{\"changed\": {\"fields\": [\"\\u041c\\u0430\\u043d\\u0430 \\u043a\\u043e\\u0441\\u0442\"]}}]"
 }
},
{
 "model": "admin.logentry",
 "pk": 232,
 "fields": {
  "action_time": "2024-03-31T16:32:49.516Z",
  "user": 1,
  "content_type": 33,
  "object_id": "16",
  "object_repr": "Огненный Шар Ур. 2",
  "action_flag": 2,
  "change_message": "[{\"changed\": {\"fields\": [\"\\u041c\\u0430\\u043d\\u0430 \\u043a\\u043e\\u0441\\u0442\"]}}]"
 }
},
{
 "model": "admin.logentry",
 "pk": 233,
 "fields": {
  "action_time": "2024-03-31T17:20:16.948Z",
  "user": 1,
  "content_type": 24,
  "object_id": "2",
  "object_repr": "Орех | Level: 1 | Attack : 10 | Defence: 9",
  "action_flag": 2,
  "change_message": "[{\"changed\": {\"fields\": [\"\\u041c\\u0430\\u043d\\u0430\"]}}]"
 }
},
{
 "model": "admin.logentry",
 "pk": 234,
 "fields": {
  "action_time": "2024-03-31T17:20:35.569Z",
  "user": 1,
  "content_type": 33,
  "object_id": "9",
  "object_repr": "Огненный Шар Ур. 1",
  "action_flag": 2,
  "change_message": "[{\"changed\": {\"fields\": [\"\\u041c\\u0430\\u043d\\u0430 \\u043a\\u043e\\u0441\\u0442\"]}}]"
 }
},
{
 "model": "admin.logentry",
 "pk": 235,
 "fields": {
  "action_time": "2024-03-31T17:20:39.877Z",
  "user": 1,
  "content_type": 33,
  "object_id": "16",
  "object_repr": "Огненный Шар Ур. 2",
  "action_flag": 2,
  "change_message": "[{\"changed\": {\"fields\": [\"\\u041c\\u0430\\u043d\\u0430 \\u043a\\u043e\\u0441\\u0442\"]}}]"
 }
},
{
 "model": "admin.logentry",
 "pk": 236,
 "fields": {
  "action_time": "2024-03-31T17:32:43.706Z",
  "user": 1,
  "content_type": 24,
  "object_id": "2",
  "object_repr": "Орех | Level: 1 | Attack : 10 | Defence: 9",
  "action_flag": 2,
  "change_message": "[{\"changed\": {\"fields\": [\"\\u0417\\u0434\\u043e\\u0440\\u043e\\u0432\\u044c\\u0435\"]}}]"
 }
},
{
 "model": "admin.logentry",
 "pk": 237,
 "fields": {
  "action_time": "2024-03-31T17:32:57.504Z",
  "user": 1,
  "content_type": 24,
  "object_id": "2",
  "object_repr": "Орех | Level: 1 | Attack : 10 | Defence: 9",
  "action_flag": 2,
  "change_message": "[{\"changed\": {\"fields\": [\"\\u041c\\u0430\\u043d\\u0430\"]}}]"
 }
},
{
 "model": "admin.logentry",
 "pk": 238,
 "fields": {
  "action_time": "2024-03-31T17:54:19.949Z",
  "user": 1,
  "content_type": 24,
  "object_id": "2",
  "object_repr": "Орех | Level: 1 | Attack : 10 | Defence: 9",
  "action_flag": 2,
  "change_message": "[{\"changed\": {\"fields\": [\"\\u041d\\u0430\\u0447\\u0430\\u043b\\u043e \\u043e\\u0445\\u043e\\u0442\\u044b\"]}}]"
 }
},
{
 "model": "admin.logentry",
 "pk": 239,
 "fields": {
  "action_time": "2024-03-31T17:55:52.354Z",
  "user": 1,
  "content_type": 24,
  "object_id": "2",
  "object_repr": "Орех | Level: 1 | Attack : 10 | Defence: 9",
  "action_flag": 2,
  "change_message": "[{\"changed\": {\"fields\": [\"\\u041e\\u043a\\u043e\\u043d\\u0447\\u0430\\u043d\\u0438\\u0435 \\u041f\\u0440\\u0435\\u043c\\u0438\\u0443\\u043c\\u0430\", \"\\u041d\\u0430\\u0447\\u0430\\u043b\\u043e \\u043e\\u0445\\u043e\\u0442\\u044b\"]}}]"
 }
},
{
 "model": "admin.logentry",
 "pk": 240,
 "fields": {
  "action_time": "2024-03-31T18:07:01.264Z",
  "user": 1,
  "content_type": 24,
  "object_id": "2",
  "object_repr": "Орех | Level: 1 | Attack : 10 | Defence: 9",
  "action_flag": 2,
  "change_message": "[{\"changed\": {\"fields\": [\"\\u041e\\u043a\\u043e\\u043d\\u0447\\u0430\\u043d\\u0438\\u0435 \\u041f\\u0440\\u0435\\u043c\\u0438\\u0443\\u043c\\u0430\"]}}]"
 }
},
{
 "model": "admin.logentry",
 "pk": 241,
 "fields": {
  "action_time": "2024-03-31T18:18:55.290Z",
  "user": 1,
  "content_type": 14,
  "object_id": "104",
  "object_repr": "Зелье Здоровья",
  "action_flag": 1,
  "change_message": "[{\"added\": {}}]"
 }
},
{
 "model": "admin.logentry",
 "pk": 242,
 "fields": {
  "action_time": "2024-03-31T18:19:39.007Z",
  "user": 1,
  "content_type": 8,
  "object_id": "36",
  "object_repr": " - 🔷Пополнение Маны: 10%",
  "action_flag": 1,
  "change_message": "[{\"added\": {}}]"
 }
},
{
 "model": "admin.logentry",
 "pk": 243,
 "fields": {
  "action_time": "2024-03-31T18:19:42.071Z",
  "user": 1,
  "content_type": 14,
  "object_id": "105",
  "object_repr": "Зелье Маны",
  "action_flag": 1,
  "change_message": "[{\"added\": {}}, {\"added\": {\"name\": \"\\u042d\\u0444\\u0444\\u0435\\u043a\\u0442 \\u043f\\u0440\\u0435\\u0434\\u043c\\u0435\\u0442\\u0430\", \"object\": \"\\u0417\\u0435\\u043b\\u044c\\u0435 \\u041c\\u0430\\u043d\\u044b \\u0417\\u0435\\u043b\\u044c\\u0435 \\u041c\\u0430\\u043d\\u044b - \\ud83d\\udd37\\u041f\\u043e\\u043f\\u043e\\u043b\\u043d\\u0435\\u043d\\u0438\\u0435 \\u041c\\u0430\\u043d\\u044b: 10%\"}}]"
 }
},
{
 "model": "admin.logentry",
 "pk": 244,
 "fields": {
  "action_time": "2024-03-31T18:20:34.745Z",
  "user": 1,
  "content_type": 8,
  "object_id": "37",
  "object_repr": " - ❤️Пополнение Здоровья: 10%",
  "action_flag": 1,
  "change_message": "[{\"added\": {}}]"
 }
},
{
 "model": "admin.logentry",
 "pk": 245,
 "fields": {
  "action_time": "2024-03-31T18:20:36.015Z",
  "user": 1,
  "content_type": 14,
  "object_id": "104",
  "object_repr": "Зелье Здоровья",
  "action_flag": 2,
  "change_message": "[{\"added\": {\"name\": \"\\u042d\\u0444\\u0444\\u0435\\u043a\\u0442 \\u043f\\u0440\\u0435\\u0434\\u043c\\u0435\\u0442\\u0430\", \"object\": \"\\u0417\\u0435\\u043b\\u044c\\u0435 \\u0417\\u0434\\u043e\\u0440\\u043e\\u0432\\u044c\\u044f \\u0417\\u0435\\u043b\\u044c\\u0435 \\u0417\\u0434\\u043e\\u0440\\u043e\\u0432\\u044c\\u044f - \\u2764\\ufe0f\\u041f\\u043e\\u043f\\u043e\\u043b\\u043d\\u0435\\u043d\\u0438\\u0435 \\u0417\\u0434\\u043e\\u0440\\u043e\\u0432\\u044c\\u044f: 10%\"}}]"
 }
},
{
 "model": "admin.logentry",
 "pk": 246,
 "fields": {
  "action_time": "2024-03-31T18:24:38.235Z",
  "user": 1,
  "content_type": 24,
  "object_id": "2",
  "object_repr": "Орех | Level: 1 | Attack : 10 | Defence: 9",
  "action_flag": 2,
  "change_message": "[{\"added\": {\"name\": \"\\u041f\\u0440\\u0435\\u0434\\u043c\\u0435\\u0442 \\u043f\\u0435\\u0440\\u0441\\u043e\\u043d\\u0430\\u0436\\u0430\", \"object\": \"Character: \\u041e\\u0440\\u0435\\u0445 | Level: 1 | Attack : 10 | Defence: 9 | Item: \\u0417\\u0435\\u043b\\u044c\\u0435 \\u041c\\u0430\\u043d\\u044b | Amount: 123\"}}, {\"added\": {\"name\": \"\\u041f\\u0440\\u0435\\u0434\\u043c\\u0435\\u0442 \\u043f\\u0435\\u0440\\u0441\\u043e\\u043d\\u0430\\u0436\\u0430\", \"object\": \"Character: \\u041e\\u0440\\u0435\\u0445 | Level: 1 | Attack : 10 | Defence: 9 | Item: \\u0417\\u0435\\u043b\\u044c\\u0435 \\u0417\\u0434\\u043e\\u0440\\u043e\\u0432\\u044c\\u044f | Amount: 123\"}}]"
 }
},
{
 "model": "admin.logentry",
 "pk": 247,
 "fields": {
  "action_time": "2024-03-31T19:00:34.600Z",
  "user": 1,
  "content_type": 8,
  "object_id": "38",
  "object_repr": " - 🔷Увеличение Маны: 10",
  "action_flag": 1,
  "change_message": "[{\"added\": {}}]"
 }
},
{
 "model": "admin.logentry",
 "pk": 248,
 "fields": {
  "action_time": "2024-03-31T19:00:36.638Z",
  "user": 1,
  "content_type": 18,
  "object_id": "21",
  "object_repr": "Потрепанная Мантия",
  "action_flag": 2,
  "change_message": "[{\"added\": {\"name\": \"\\u042d\\u0444\\u0444\\u0435\\u043a\\u0442 \\u043f\\u0440\\u0435\\u0434\\u043c\\u0435\\u0442\\u0430\", \"object\": \"\\u041f\\u043e\\u0442\\u0440\\u0435\\u043f\\u0430\\u043d\\u043d\\u0430\\u044f \\u041c\\u0430\\u043d\\u0442\\u0438\\u044f \\u041f\\u043e\\u0442\\u0440\\u0435\\u043f\\u0430\\u043d\\u043d\\u0430\\u044f \\u041c\\u0430\\u043d\\u0442\\u0438\\u044f - \\ud83d\\udd37\\u0423\\u0432\\u0435\\u043b\\u0438\\u0447\\u0435\\u043d\\u0438\\u0435 \\u041c\\u0430\\u043d\\u044b: 10\"}}]"
 }
},
{
 "model": "admin.logentry",
 "pk": 249,
 "fields": {
  "action_time": "2024-03-31T19:01:02.549Z",
  "user": 1,
  "content_type": 8,
  "object_id": "39",
  "object_repr": " - 🔷Пополнение Маны: 17",
  "action_flag": 1,
  "change_message": "[{\"added\": {}}]"
 }
},
{
 "model": "admin.logentry",
 "pk": 250,
 "fields": {
  "action_time": "2024-03-31T19:01:06.946Z",
  "user": 1,
  "content_type": 8,
  "object_id": "39",
  "object_repr": " - 🔷Пополнение Маны: 17",
  "action_flag": 3,
  "change_message": ""
 }
},
{
 "model": "admin.logentry",
 "pk": 251,
 "fields": {
  "action_time": "2024-03-31T19:01:12.961Z",
  "user": 1,
  "content_type": 8,
  "object_id": "40",
  "object_repr": " - 🔷Увеличение Маны: 17",
  "action_flag": 1,
  "change_message": "[{\"added\": {}}]"
 }
},
{
 "model": "admin.logentry",
 "pk": 252,
 "fields": {
  "action_time": "2024-03-31T19:01:14.125Z",
  "user": 1,
  "content_type": 18,
  "object_id": "24",
  "object_repr": "Мантия Ученика",
  "action_flag": 2,
  "change_message": "[{\"added\": {\"name\": \"\\u042d\\u0444\\u0444\\u0435\\u043a\\u0442 \\u043f\\u0440\\u0435\\u0434\\u043c\\u0435\\u0442\\u0430\", \"object\": \"\\u041c\\u0430\\u043d\\u0442\\u0438\\u044f \\u0423\\u0447\\u0435\\u043d\\u0438\\u043a\\u0430 \\u041c\\u0430\\u043d\\u0442\\u0438\\u044f \\u0423\\u0447\\u0435\\u043d\\u0438\\u043a\\u0430 - \\ud83d\\udd37\\u0423\\u0432\\u0435\\u043b\\u0438\\u0447\\u0435\\u043d\\u0438\\u0435 \\u041c\\u0430\\u043d\\u044b: 17\"}}]"
 }
},
{
 "model": "admin.logentry",
 "pk": 253,
 "fields": {
  "action_time": "2024-03-31T19:01:33.762Z",
  "user": 1,
  "content_type": 8,
  "object_id": "38",
  "object_repr": "Потрепанная Мантия - 🔷Увеличение Маны: 20",
  "action_flag": 2,
  "change_message": "[{\"changed\": {\"fields\": [\"\\u041a\\u043e\\u043b\\u0438\\u0447\\u0435\\u0441\\u0442\\u0432\\u043e\"]}}]"
 }
},
{
 "model": "admin.logentry",
 "pk": 254,
 "fields": {
  "action_time": "2024-03-31T19:01:34.565Z",
  "user": 1,
  "content_type": 18,
  "object_id": "21",
  "object_repr": "Потрепанная Мантия",
  "action_flag": 2,
  "change_message": "[]"
 }
},
{
 "model": "admin.logentry",
 "pk": 255,
 "fields": {
  "action_time": "2024-03-31T19:01:39.427Z",
  "user": 1,
  "content_type": 8,
  "object_id": "40",
  "object_repr": "Мантия Ученика - 🔷Увеличение Маны: 32",
  "action_flag": 2,
  "change_message": "[{\"changed\": {\"fields\": [\"\\u041a\\u043e\\u043b\\u0438\\u0447\\u0435\\u0441\\u0442\\u0432\\u043e\"]}}]"
 }
},
{
 "model": "admin.logentry",
 "pk": 256,
 "fields": {
  "action_time": "2024-03-31T19:01:40.247Z",
  "user": 1,
  "content_type": 18,
  "object_id": "24",
  "object_repr": "Мантия Ученика",
  "action_flag": 2,
  "change_message": "[]"
 }
},
{
 "model": "admin.logentry",
 "pk": 257,
 "fields": {
  "action_time": "2024-03-31T19:01:54.187Z",
  "user": 1,
  "content_type": 8,
  "object_id": "41",
  "object_repr": " - 🔷Увеличение Маны: 48",
  "action_flag": 1,
  "change_message": "[{\"added\": {}}]"
 }
},
{
 "model": "admin.logentry",
 "pk": 258,
 "fields": {
  "action_time": "2024-03-31T19:01:55.009Z",
  "user": 1,
  "content_type": 18,
  "object_id": "73",
  "object_repr": "Укрепленная Мантия",
  "action_flag": 2,
  "change_message": "[{\"added\": {\"name\": \"\\u042d\\u0444\\u0444\\u0435\\u043a\\u0442 \\u043f\\u0440\\u0435\\u0434\\u043c\\u0435\\u0442\\u0430\", \"object\": \"\\u0423\\u043a\\u0440\\u0435\\u043f\\u043b\\u0435\\u043d\\u043d\\u0430\\u044f \\u041c\\u0430\\u043d\\u0442\\u0438\\u044f \\u0423\\u043a\\u0440\\u0435\\u043f\\u043b\\u0435\\u043d\\u043d\\u0430\\u044f \\u041c\\u0430\\u043d\\u0442\\u0438\\u044f - \\ud83d\\udd37\\u0423\\u0432\\u0435\\u043b\\u0438\\u0447\\u0435\\u043d\\u0438\\u0435 \\u041c\\u0430\\u043d\\u044b: 48\"}}]"
 }
},
{
 "model": "admin.logentry",
 "pk": 259,
 "fields": {
  "action_time": "2024-03-31T19:02:23.788Z",
  "user": 1,
  "content_type": 24,
  "object_id": "2",
  "object_repr": "Орех | Level: 1 | Attack : 10 | Defence: 9",
  "action_flag": 2,
  "change_message": "[{\"added\": {\"name\": \"\\u041f\\u0440\\u0435\\u0434\\u043c\\u0435\\u0442 \\u043f\\u0435\\u0440\\u0441\\u043e\\u043d\\u0430\\u0436\\u0430\", \"object\": \"Character: \\u041e\\u0440\\u0435\\u0445 | Level: 1 | Attack : 10 | Defence: 9 | Item: \\u041f\\u043e\\u0442\\u0440\\u0435\\u043f\\u0430\\u043d\\u043d\\u0430\\u044f \\u041c\\u0430\\u043d\\u0442\\u0438\\u044f | Amount: 1\"}}]"
 }
},
{
 "model": "admin.logentry",
 "pk": 260,
 "fields": {
  "action_time": "2024-03-31T21:31:49.627Z",
  "user": 1,
  "content_type": 24,
  "object_id": "2",
  "object_repr": "Орех | Level: 1 | Attack : 10 | Defence: 9",
  "action_flag": 2,
  "change_message": "[{\"changed\": {\"fields\": [\"\\u041d\\u0430\\u0447\\u0430\\u043b\\u043e \\u043e\\u0445\\u043e\\u0442\\u044b\"]}}]"
 }
},
{
 "model": "admin.logentry",
 "pk": 261,
 "fields": {
  "action_time": "2024-03-31T21:33:53.618Z",
  "user": 1,
  "content_type": 24,
  "object_id": "2",
  "object_repr": "Орех | Level: 1 | Attack : 10 | Defence: 9",
  "action_flag": 2,
  "change_message": "[{\"changed\": {\"fields\": [\"\\u041d\\u0430\\u0447\\u0430\\u043b\\u043e \\u043e\\u0445\\u043e\\u0442\\u044b\"]}}]"
 }
},
{
 "model": "admin.logentry",
 "pk": 262,
 "fields": {
  "action_time": "2024-04-01T05:31:09.830Z",
  "user": 1,
  "content_type": 8,
  "object_id": "42",
  "object_repr": " - ️⚔️Атака: 4",
  "action_flag": 1,
  "change_message": "[{\"added\": {}}]"
 }
},
{
 "model": "admin.logentry",
 "pk": 263,
 "fields": {
  "action_time": "2024-04-01T05:31:34.216Z",
  "user": 1,
  "content_type": 33,
  "object_id": "17",
  "object_repr": "Усиленный Удар Ур. 1",
  "action_flag": 1,
  "change_message": "[{\"added\": {}}, {\"added\": {\"name\": \"\\u042d\\u0444\\u0444\\u0435\\u043a\\u0442 \\u0441\\u043f\\u043e\\u0441\\u043e\\u0431\\u043d\\u043e\\u0441\\u0442\\u0438\", \"object\": \"\\u0423\\u0441\\u0438\\u043b\\u0435\\u043d\\u043d\\u044b\\u0439 \\u0423\\u0434\\u0430\\u0440 \\u0423\\u0440. 1  - \\ufe0f\\u2694\\ufe0f\\u0410\\u0442\\u0430\\u043a\\u0430: 4\"}}]"
 }
},
{
 "model": "admin.logentry",
 "pk": 264,
 "fields": {
  "action_time": "2024-04-01T05:32:01.650Z",
  "user": 1,
  "content_type": 33,
  "object_id": "17",
  "object_repr": "Усиленный Удар Ур. 1",
  "action_flag": 2,
  "change_message": "[]"
 }
},
{
 "model": "admin.logentry",
 "pk": 265,
 "fields": {
  "action_time": "2024-04-01T05:32:17.208Z",
  "user": 1,
  "content_type": 33,
  "object_id": "16",
  "object_repr": "Огненный Шар Ур. 2",
  "action_flag": 2,
  "change_message": "[{\"changed\": {\"fields\": [\"\\u041c\\u0430\\u043d\\u0430 \\u043a\\u043e\\u0441\\u0442\"]}}]"
 }
},
{
 "model": "admin.logentry",
 "pk": 266,
 "fields": {
  "action_time": "2024-04-01T12:31:52.131Z",
  "user": 1,
  "content_type": 33,
  "object_id": "17",
  "object_repr": "Усиленный Удар Ур. 1",
  "action_flag": 2,
  "change_message": "[]"
 }
},
{
 "model": "admin.logentry",
 "pk": 267,
 "fields": {
  "action_time": "2024-04-01T12:32:21.064Z",
  "user": 1,
  "content_type": 8,
  "object_id": "43",
  "object_repr": " - ️⚔️Атака: 8",
  "action_flag": 1,
  "change_message": "[{\"added\": {}}]"
 }
},
{
 "model": "admin.logentry",
 "pk": 268,
 "fields": {
  "action_time": "2024-04-01T12:32:28.985Z",
  "user": 1,
  "content_type": 33,
  "object_id": "18",
  "object_repr": "Усиленный Удар Ур. 2",
  "action_flag": 1,
  "change_message": "[{\"added\": {}}, {\"added\": {\"name\": \"\\u042d\\u0444\\u0444\\u0435\\u043a\\u0442 \\u0441\\u043f\\u043e\\u0441\\u043e\\u0431\\u043d\\u043e\\u0441\\u0442\\u0438\", \"object\": \"\\u0423\\u0441\\u0438\\u043b\\u0435\\u043d\\u043d\\u044b\\u0439 \\u0423\\u0434\\u0430\\u0440 \\u0423\\u0440. 2  - \\ufe0f\\u2694\\ufe0f\\u0410\\u0442\\u0430\\u043a\\u0430: 8\"}}]"
 }
},
{
 "model": "admin.logentry",
 "pk": 269,
 "fields": {
  "action_time": "2024-04-01T12:32:33.162Z",
  "user": 1,
  "content_type": 33,
  "object_id": "17",
  "object_repr": "Усиленный Удар Ур. 1",
  "action_flag": 2,
  "change_message": "[]"
 }
},
{
 "model": "admin.logentry",
 "pk": 270,
 "fields": {
  "action_time": "2024-04-01T12:32:42.912Z",
  "user": 1,
  "content_type": 33,
  "object_id": "18",
  "object_repr": "Усиленный Удар Ур. 2",
  "action_flag": 2,
  "change_message": "[{\"changed\": {\"fields\": [\"\\u042d\\u043c\\u043e\\u0434\\u0436\\u0438\", \"\\u041c\\u0430\\u043d\\u0430 \\u043a\\u043e\\u0441\\u0442\"]}}]"
 }
},
{
 "model": "admin.logentry",
 "pk": 271,
 "fields": {
  "action_time": "2024-04-01T12:32:48.319Z",
  "user": 1,
  "content_type": 33,
  "object_id": "17",
  "object_repr": "Усиленный Удар Ур. 1",
  "action_flag": 2,
  "change_message": "[]"
 }
},
{
 "model": "admin.logentry",
 "pk": 272,
 "fields": {
  "action_time": "2024-04-01T12:33:34.467Z",
  "user": 1,
  "content_type": 33,
  "object_id": "19",
  "object_repr": "Удар Щитом Ур. 1",
  "action_flag": 1,
  "change_message": "[{\"added\": {}}, {\"added\": {\"name\": \"\\u042d\\u0444\\u0444\\u0435\\u043a\\u0442 \\u0441\\u043f\\u043e\\u0441\\u043e\\u0431\\u043d\\u043e\\u0441\\u0442\\u0438\", \"object\": \"\\u0423\\u0434\\u0430\\u0440 \\u0429\\u0438\\u0442\\u043e\\u043c \\u0423\\u0440. 1  - \\ufe0f\\u2694\\ufe0f\\u0410\\u0442\\u0430\\u043a\\u0430: 4\"}}]"
 }
},
{
 "model": "admin.logentry",
 "pk": 273,
 "fields": {
  "action_time": "2024-04-01T12:33:53.079Z",
  "user": 1,
  "content_type": 33,
  "object_id": "20",
  "object_repr": "Удар Щитом Ур. 2",
  "action_flag": 1,
  "change_message": "[{\"added\": {}}, {\"added\": {\"name\": \"\\u042d\\u0444\\u0444\\u0435\\u043a\\u0442 \\u0441\\u043f\\u043e\\u0441\\u043e\\u0431\\u043d\\u043e\\u0441\\u0442\\u0438\", \"object\": \"\\u0423\\u0434\\u0430\\u0440 \\u0429\\u0438\\u0442\\u043e\\u043c \\u0423\\u0440. 2  - \\ufe0f\\u2694\\ufe0f\\u0410\\u0442\\u0430\\u043a\\u0430: 8\"}}]"
 }
},
{
 "model": "admin.logentry",
 "pk": 274,
 "fields": {
  "action_time": "2024-04-01T12:34:24.038Z",
  "user": 1,
  "content_type": 33,
  "object_id": "19",
  "object_repr": "Удар Щитом Ур. 1",
  "action_flag": 2,
  "change_message": "[{\"changed\": {\"fields\": [\"\\u042d\\u043c\\u043e\\u0434\\u0436\\u0438\"]}}]"
 }
},
{
 "model": "admin.logentry",
 "pk": 275,
 "fields": {
  "action_time": "2024-04-01T12:34:29.395Z",
  "user": 1,
  "content_type": 33,
  "object_id": "20",
  "object_repr": "Удар Щитом Ур. 2",
  "action_flag": 2,
  "change_message": "[{\"changed\": {\"fields\": [\"\\u042d\\u043c\\u043e\\u0434\\u0436\\u0438\"]}}]"
 }
},
{
 "model": "admin.logentry",
 "pk": 276,
 "fields": {
  "action_time": "2024-04-01T12:35:22.999Z",
  "user": 1,
  "content_type": 33,
  "object_id": "21",
  "object_repr": "Удар со Спины Ур. 1",
  "action_flag": 1,
  "change_message": "[{\"added\": {}}, {\"added\": {\"name\": \"\\u042d\\u0444\\u0444\\u0435\\u043a\\u0442 \\u0441\\u043f\\u043e\\u0441\\u043e\\u0431\\u043d\\u043e\\u0441\\u0442\\u0438\", \"object\": \"\\u0423\\u0434\\u0430\\u0440 \\u0441\\u043e \\u0421\\u043f\\u0438\\u043d\\u044b \\u0423\\u0440. 1  - \\ufe0f\\u2694\\ufe0f\\u0410\\u0442\\u0430\\u043a\\u0430: 5\"}}]"
 }
},
{
 "model": "admin.logentry",
 "pk": 277,
 "fields": {
  "action_time": "2024-04-01T12:35:51.086Z",
  "user": 1,
  "content_type": 33,
  "object_id": "22",
  "object_repr": "Удар со Спины Ур. 2",
  "action_flag": 1,
  "change_message": "[{\"added\": {}}, {\"added\": {\"name\": \"\\u042d\\u0444\\u0444\\u0435\\u043a\\u0442 \\u0441\\u043f\\u043e\\u0441\\u043e\\u0431\\u043d\\u043e\\u0441\\u0442\\u0438\", \"object\": \"\\u0423\\u0434\\u0430\\u0440 \\u0441\\u043e \\u0421\\u043f\\u0438\\u043d\\u044b \\u0423\\u0440. 2  - \\ufe0f\\u2694\\ufe0f\\u0410\\u0442\\u0430\\u043a\\u0430: 10\"}}]"
 }
},
{
 "model": "admin.logentry",
 "pk": 278,
 "fields": {
  "action_time": "2024-04-01T12:35:54.047Z",
  "user": 1,
  "content_type": 33,
  "object_id": "21",
  "object_repr": "Удар со Спины Ур. 1",
  "action_flag": 2,
  "change_message": "[]"
 }
},
{
 "model": "admin.logentry",
 "pk": 279,
 "fields": {
  "action_time": "2024-04-01T12:36:16.134Z",
  "user": 1,
  "content_type": 25,
  "object_id": "3",
  "object_repr": "🏹 Охотник",
  "action_flag": 2,
  "change_message": "[{\"added\": {\"name\": \"\\u0423\\u043c\\u0435\\u043d\\u0438\\u0435 \\u043a\\u043b\\u0430\\u0441\\u0441\\u0430\", \"object\": \"\\u0423\\u0434\\u0430\\u0440 \\u0441\\u043e \\u0421\\u043f\\u0438\\u043d\\u044b \\u0423\\u0440. 1 \\ud83c\\udff9 \\u041e\\u0445\\u043e\\u0442\\u043d\\u0438\\u043a\"}}]"
 }
},
{
 "model": "admin.logentry",
 "pk": 280,
 "fields": {
  "action_time": "2024-04-01T12:36:29.856Z",
  "user": 1,
  "content_type": 25,
  "object_id": "2",
  "object_repr": "🔨 Мастер",
  "action_flag": 2,
  "change_message": "[{\"added\": {\"name\": \"\\u0423\\u043c\\u0435\\u043d\\u0438\\u0435 \\u043a\\u043b\\u0430\\u0441\\u0441\\u0430\", \"object\": \"\\u0423\\u0441\\u0438\\u043b\\u0435\\u043d\\u043d\\u044b\\u0439 \\u0423\\u0434\\u0430\\u0440 \\u0423\\u0440. 1 \\ud83d\\udd28 \\u041c\\u0430\\u0441\\u0442\\u0435\\u0440\"}}]"
 }
},
{
 "model": "admin.logentry",
 "pk": 281,
 "fields": {
  "action_time": "2024-04-01T12:36:45.313Z",
  "user": 1,
  "content_type": 25,
  "object_id": "1",
  "object_repr": "🗡 Рыцарь",
  "action_flag": 2,
  "change_message": "[{\"added\": {\"name\": \"\\u0423\\u043c\\u0435\\u043d\\u0438\\u0435 \\u043a\\u043b\\u0430\\u0441\\u0441\\u0430\", \"object\": \"\\u0423\\u0434\\u0430\\u0440 \\u0429\\u0438\\u0442\\u043e\\u043c \\u0423\\u0440. 1 \\ud83d\\udde1 \\u0420\\u044b\\u0446\\u0430\\u0440\\u044c\"}}]"
 }
},
{
 "model": "admin.logentry",
 "pk": 282,
 "fields": {
  "action_time": "2024-04-01T12:37:54.655Z",
  "user": 1,
  "content_type": 22,
  "object_id": "106",
  "object_repr": "Книга: Удар со Спины",
  "action_flag": 1,
  "change_message": "[{\"added\": {}}]"
 }
},
{
 "model": "admin.logentry",
 "pk": 283,
 "fields": {
  "action_time": "2024-04-01T12:38:04.940Z",
  "user": 1,
  "content_type": 22,
  "object_id": "106",
  "object_repr": "Книга: Удар со Спины",
  "action_flag": 2,
  "change_message": "[{\"changed\": {\"fields\": [\"\\u0422\\u0438\\u043f\"]}}]"
 }
},
{
 "model": "admin.logentry",
 "pk": 284,
 "fields": {
  "action_time": "2024-04-01T12:38:37.279Z",
  "user": 1,
  "content_type": 22,
  "object_id": "107",
  "object_repr": "Книга: Удар Щитом",
  "action_flag": 1,
  "change_message": "[{\"added\": {}}]"
 }
},
{
 "model": "admin.logentry",
 "pk": 285,
 "fields": {
  "action_time": "2024-04-01T12:38:44.375Z",
  "user": 1,
  "content_type": 22,
  "object_id": "107",
  "object_repr": "Книга: Удар Щитом Ур. 2",
  "action_flag": 2,
  "change_message": "[{\"changed\": {\"fields\": [\"\\u0418\\u043c\\u044f\"]}}]"
 }
},
{
 "model": "admin.logentry",
 "pk": 286,
 "fields": {
  "action_time": "2024-04-01T12:38:50.955Z",
  "user": 1,
  "content_type": 22,
  "object_id": "106",
  "object_repr": "Книга: Удар со Спины Ур. 2",
  "action_flag": 2,
  "change_message": "[{\"changed\": {\"fields\": [\"\\u0418\\u043c\\u044f\"]}}]"
 }
},
{
 "model": "admin.logentry",
 "pk": 287,
 "fields": {
  "action_time": "2024-04-01T12:39:40.789Z",
  "user": 1,
  "content_type": 22,
  "object_id": "108",
  "object_repr": "Книга: Усиленный Удар Ур. 2",
  "action_flag": 1,
  "change_message": "[{\"added\": {}}]"
 }
},
{
 "model": "admin.logentry",
 "pk": 288,
 "fields": {
  "action_time": "2024-04-01T12:40:14.068Z",
  "user": 1,
  "content_type": 10,
  "object_id": "103",
  "object_repr": "Мешок с Книгой (Уровень 2)",
  "action_flag": 2,
  "change_message": "[{\"added\": {\"name\": \"\\u041f\\u0440\\u0435\\u0434\\u043c\\u0435\\u0442 \\u0432 \\u043c\\u0435\\u0448\\u043a\\u0435\", \"object\": \"Bag: \\u041c\\u0435\\u0448\\u043e\\u043a \\u0441 \\u041a\\u043d\\u0438\\u0433\\u043e\\u0439 (\\u0423\\u0440\\u043e\\u0432\\u0435\\u043d\\u044c 2) | Item: \\u041a\\u043d\\u0438\\u0433\\u0430: \\u0423\\u0434\\u0430\\u0440 \\u0429\\u0438\\u0442\\u043e\\u043c \\u0423\\u0440. 2 | Chance: 1%\"}}, {\"added\": {\"name\": \"\\u041f\\u0440\\u0435\\u0434\\u043c\\u0435\\u0442 \\u0432 \\u043c\\u0435\\u0448\\u043a\\u0435\", \"object\": \"Bag: \\u041c\\u0435\\u0448\\u043e\\u043a \\u0441 \\u041a\\u043d\\u0438\\u0433\\u043e\\u0439 (\\u0423\\u0440\\u043e\\u0432\\u0435\\u043d\\u044c 2) | Item: \\u041a\\u043d\\u0438\\u0433\\u0430: \\u0423\\u0434\\u0430\\u0440 \\u0441\\u043e \\u0421\\u043f\\u0438\\u043d\\u044b \\u0423\\u0440. 2 | Chance: 1%\"}}, {\"added\": {\"name\": \"\\u041f\\u0440\\u0435\\u0434\\u043c\\u0435\\u0442 \\u0432 \\u043c\\u0435\\u0448\\u043a\\u0435\", \"object\": \"Bag: \\u041c\\u0435\\u0448\\u043e\\u043a \\u0441 \\u041a\\u043d\\u0438\\u0433\\u043e\\u0439 (\\u0423\\u0440\\u043e\\u0432\\u0435\\u043d\\u044c 2) | Item: \\u041a\\u043d\\u0438\\u0433\\u0430: \\u0423\\u0441\\u0438\\u043b\\u0435\\u043d\\u043d\\u044b\\u0439 \\u0423\\u0434\\u0430\\u0440 \\u0423\\u0440. 2 | Chance: 1%\"}}]"
 }
},
{
 "model": "admin.logentry",
 "pk": 289,
 "fields": {
  "action_time": "2024-04-01T12:49:18.631Z",
  "user": 1,
  "content_type": 14,
  "object_id": "105",
  "object_repr": "Эликсир Маны",
  "action_flag": 2,
  "change_message": "[{\"changed\": {\"fields\": [\"\\u0418\\u043c\\u044f\"]}}]"
 }
},
{
 "model": "admin.logentry",
 "pk": 290,
 "fields": {
  "action_time": "2024-04-01T12:49:24.918Z",
  "user": 1,
  "content_type": 14,
  "object_id": "104",
  "object_repr": "Эликсир Здоровья",
  "action_flag": 2,
  "change_message": "[{\"changed\": {\"fields\": [\"\\u0418\\u043c\\u044f\"]}}]"
 }
},
{
 "model": "admin.logentry",
 "pk": 291,
 "fields": {
  "action_time": "2024-04-01T16:44:39.915Z",
  "user": 1,
  "content_type": 24,
  "object_id": "2",
  "object_repr": "Орех | Level: 3 | Attack : 16 | Defence: 15",
  "action_flag": 2,
  "change_message": "[{\"added\": {\"name\": \"\\u041f\\u0440\\u0435\\u0434\\u043c\\u0435\\u0442 \\u043f\\u0435\\u0440\\u0441\\u043e\\u043d\\u0430\\u0436\\u0430\", \"object\": \"Character: \\u041e\\u0440\\u0435\\u0445 | Level: 3 | Attack : 16 | Defence: 15 | Item: \\u042d\\u043b\\u0438\\u043a\\u0441\\u0438\\u0440 \\u041c\\u0430\\u043d\\u044b | Amount: 122\"}}, {\"added\": {\"name\": \"\\u041f\\u0440\\u0435\\u0434\\u043c\\u0435\\u0442 \\u043f\\u0435\\u0440\\u0441\\u043e\\u043d\\u0430\\u0436\\u0430\", \"object\": \"Character: \\u041e\\u0440\\u0435\\u0445 | Level: 3 | Attack : 16 | Defence: 15 | Item: \\u042d\\u043b\\u0438\\u043a\\u0441\\u0438\\u0440 \\u0417\\u0434\\u043e\\u0440\\u043e\\u0432\\u044c\\u044f | Amount: 122\"}}]"
 }
},
{
 "model": "admin.logentry",
 "pk": 292,
 "fields": {
  "action_time": "2024-04-01T16:47:42.633Z",
  "user": 1,
  "content_type": 24,
  "object_id": "2",
  "object_repr": "Орех | Level: 3 | Attack : 16 | Defence: 15",
  "action_flag": 2,
  "change_message": "[{\"added\": {\"name\": \"\\u041f\\u0440\\u0435\\u0434\\u043c\\u0435\\u0442 \\u043f\\u0435\\u0440\\u0441\\u043e\\u043d\\u0430\\u0436\\u0430\", \"object\": \"Character: \\u041e\\u0440\\u0435\\u0445 | Level: 3 | Attack : 16 | Defence: 15 | Item: \\u042d\\u043b\\u0438\\u043a\\u0441\\u0438\\u0440 \\u041c\\u0430\\u043d\\u044b | Amount: 122\"}}, {\"added\": {\"name\": \"\\u041f\\u0440\\u0435\\u0434\\u043c\\u0435\\u0442 \\u043f\\u0435\\u0440\\u0441\\u043e\\u043d\\u0430\\u0436\\u0430\", \"object\": \"Character: \\u041e\\u0440\\u0435\\u0445 | Level: 3 | Attack : 16 | Defence: 15 | Item: \\u042d\\u043b\\u0438\\u043a\\u0441\\u0438\\u0440 \\u0417\\u0434\\u043e\\u0440\\u043e\\u0432\\u044c\\u044f | Amount: 122\"}}]"
 }
},
{
 "model": "admin.logentry",
 "pk": 293,
 "fields": {
  "action_time": "2024-04-01T17:04:33.532Z",
  "user": 1,
  "content_type": 24,
  "object_id": "2",
  "object_repr": "Орех | Level: 4 | Attack : 19 | Defence: 18",
  "action_flag": 2,
  "change_message": "[{\"changed\": {\"name\": \"\\u041f\\u0440\\u0435\\u0434\\u043c\\u0435\\u0442 \\u043f\\u0435\\u0440\\u0441\\u043e\\u043d\\u0430\\u0436\\u0430\", \"object\": \"Character: \\u041e\\u0440\\u0435\\u0445 | Level: 4 | Attack : 19 | Defence: 18 | Item: \\u041c\\u0435\\u0448\\u043e\\u043a \\u0441 \\u0420\\u0435\\u0441\\u0443\\u0440\\u0441\\u0430\\u043c\\u0438 (\\u0423\\u0440\\u043e\\u0432\\u0435\\u043d\\u044c 2) | Amount: 196\", \"fields\": [\"\\u041f\\u0440\\u0435\\u0434\\u043c\\u0435\\u0442\"]}}]"
 }
},
{
 "model": "admin.logentry",
 "pk": 294,
 "fields": {
  "action_time": "2024-04-02T10:20:30.763Z",
  "user": 1,
  "content_type": 36,
  "object_id": "2",
  "object_repr": "Лагерь Орков | Attack: 38 | Defence: 38",
  "action_flag": 2,
  "change_message": "[{\"changed\": {\"fields\": [\"\\u041a\\u043e\\u043b\\u0438\\u0447\\u0435\\u0441\\u0442\\u0432\\u043e \\u043e\\u043f\\u044b\\u0442\\u0430 \\u0432 \\u043c\\u0438\\u043d\\u0443\\u0442\\u0443\"]}}]"
 }
},
{
 "model": "admin.logentry",
 "pk": 295,
 "fields": {
  "action_time": "2024-04-02T10:20:44.540Z",
  "user": 1,
  "content_type": 36,
  "object_id": "5",
  "object_repr": "Мертвая Деревня | Attack: 50 | Defence: 50",
  "action_flag": 2,
  "change_message": "[{\"changed\": {\"fields\": [\"\\u041a\\u043e\\u043b\\u0438\\u0447\\u0435\\u0441\\u0442\\u0432\\u043e \\u043e\\u043f\\u044b\\u0442\\u0430 \\u0432 \\u043c\\u0438\\u043d\\u0443\\u0442\\u0443\"]}}]"
 }
},
{
 "model": "admin.logentry",
 "pk": 296,
 "fields": {
  "action_time": "2024-04-02T10:20:49.374Z",
  "user": 1,
  "content_type": 36,
  "object_id": "6",
  "object_repr": "Призрачный Лес | Attack: 59 | Defence: 59",
  "action_flag": 2,
  "change_message": "[{\"changed\": {\"fields\": [\"\\u041a\\u043e\\u043b\\u0438\\u0447\\u0435\\u0441\\u0442\\u0432\\u043e \\u043e\\u043f\\u044b\\u0442\\u0430 \\u0432 \\u043c\\u0438\\u043d\\u0443\\u0442\\u0443\"]}}]"
 }
},
{
 "model": "admin.logentry",
 "pk": 297,
 "fields": {
  "action_time": "2024-04-02T10:20:56.823Z",
  "user": 1,
  "content_type": 36,
  "object_id": "7",
  "object_repr": "Угольная Шахта | Attack: 65 | Defence: 65",
  "action_flag": 2,
  "change_message": "[{\"changed\": {\"fields\": [\"\\u041a\\u043e\\u043b\\u0438\\u0447\\u0435\\u0441\\u0442\\u0432\\u043e \\u043e\\u043f\\u044b\\u0442\\u0430 \\u0432 \\u043c\\u0438\\u043d\\u0443\\u0442\\u0443\"]}}]"
 }
},
{
 "model": "admin.logentry",
 "pk": 298,
 "fields": {
  "action_time": "2024-04-02T12:25:01.577Z",
  "user": 1,
  "content_type": 24,
  "object_id": "1",
  "object_repr": "waca | Level: 1 | Attack : 10 | Defence: 9",
  "action_flag": 2,
  "change_message": "[{\"changed\": {\"fields\": [\"\\u0417\\u0434\\u043e\\u0440\\u043e\\u0432\\u044c\\u0435\", \"\\u041c\\u0430\\u043a\\u0441 \\u0437\\u0434\\u043e\\u0440\\u043e\\u0432\\u044c\\u0435\"]}}]"
 }
},
{
 "model": "admin.logentry",
 "pk": 299,
 "fields": {
  "action_time": "2024-04-02T12:55:45.185Z",
  "user": 1,
  "content_type": 6,
  "object_id": "2",
  "object_repr": "iliazik | id: 1274743236",
  "action_flag": 1,
  "change_message": "[{\"added\": {}}]"
 }
},
{
 "model": "admin.logentry",
 "pk": 300,
 "fields": {
  "action_time": "2024-04-02T13:00:40.519Z",
  "user": 1,
  "content_type": 24,
  "object_id": "3",
  "object_repr": "тестер228 | Level: 1 | Attack : 10 | Defence: 9",
  "action_flag": 2,
  "change_message": "[{\"changed\": {\"fields\": [\"\\u0417\\u0434\\u043e\\u0440\\u043e\\u0432\\u044c\\u0435\", \"\\u041c\\u0430\\u043a\\u0441 \\u0437\\u0434\\u043e\\u0440\\u043e\\u0432\\u044c\\u0435\", \"\\u0422\\u0435\\u043a\\u0443\\u0449\\u0430\\u044f \\u043b\\u043e\\u043a\\u0430\\u0446\\u0438\\u044f\", \"\\u041d\\u0430\\u0447\\u0430\\u043b\\u043e \\u043e\\u0445\\u043e\\u0442\\u044b\", \"\\u041a\\u043e\\u043d\\u0435\\u0446 \\u043e\\u0445\\u043e\\u0442\\u044b\", \"ID \\u0448\\u0435\\u0434\\u0443\\u043b\\u0435\\u0440\\u0430 \\u043d\\u0430\\u043f\\u043e\\u043c\\u0438\\u043d\\u0430\\u043d\\u0438\\u044f \\u043e\\u0431 \\u043e\\u043a\\u043e\\u043d\\u0447\\u0430\\u043d\\u0438\\u0438 \\u043e\\u0445\\u043e\\u0442\\u044b\"]}}]"
 }
},
{
 "model": "admin.logentry",
 "pk": 301,
 "fields": {
  "action_time": "2024-04-02T13:00:53.509Z",
  "user": 1,
  "content_type": 24,
  "object_id": "2",
  "object_repr": "Орех | Level: 4 | Attack : 19 | Defence: 18",
  "action_flag": 2,
  "change_message": "[{\"changed\": {\"fields\": [\"\\u0417\\u0434\\u043e\\u0440\\u043e\\u0432\\u044c\\u0435\", \"\\u041c\\u0430\\u043a\\u0441 \\u0437\\u0434\\u043e\\u0440\\u043e\\u0432\\u044c\\u0435\"]}}]"
 }
},
{
 "model": "admin.logentry",
 "pk": 302,
 "fields": {
  "action_time": "2024-04-02T13:01:22.786Z",
  "user": 1,
  "content_type": 24,
  "object_id": "3",
  "object_repr": "тестер228 | Level: 1 | Attack : 10 | Defence: 9",
  "action_flag": 2,
  "change_message": "[{\"changed\": {\"fields\": [\"\\u0422\\u0435\\u043a\\u0443\\u0449\\u0430\\u044f \\u043b\\u043e\\u043a\\u0430\\u0446\\u0438\\u044f\"]}}]"
 }
},
{
 "model": "admin.logentry",
 "pk": 303,
 "fields": {
  "action_time": "2024-04-02T14:44:44.736Z",
  "user": 1,
  "content_type": 24,
  "object_id": "3",
  "object_repr": "тестер228 | Level: 1 | Attack : 10 | Defence: 9",
  "action_flag": 2,
  "change_message": "[{\"changed\": {\"fields\": [\"\\u0417\\u0434\\u043e\\u0440\\u043e\\u0432\\u044c\\u0435\"]}}]"
 }
},
{
 "model": "admin.logentry",
 "pk": 304,
 "fields": {
  "action_time": "2024-04-03T08:40:27.867Z",
  "user": 1,
  "content_type": 24,
  "object_id": "3",
  "object_repr": "тестер228 | Level: 1 | Attack : 10 | Defence: 9",
  "action_flag": 2,
  "change_message": "[{\"changed\": {\"fields\": [\"\\u0417\\u0434\\u043e\\u0440\\u043e\\u0432\\u044c\\u0435\"]}}]"
 }
},
{
 "model": "admin.logentry",
 "pk": 305,
 "fields": {
  "action_time": "2024-04-03T08:40:49.532Z",
  "user": 1,
  "content_type": 24,
  "object_id": "3",
  "object_repr": "тестер228 | Level: 1 | Attack : 10 | Defence: 9",
  "action_flag": 2,
  "change_message": "[{\"changed\": {\"fields\": [\"\\u041d\\u0430\\u0447\\u0430\\u043b\\u043e \\u043e\\u0445\\u043e\\u0442\\u044b\", \"\\u041a\\u043e\\u043d\\u0435\\u0446 \\u043e\\u0445\\u043e\\u0442\\u044b\"]}}]"
 }
},
{
 "model": "admin.logentry",
 "pk": 306,
 "fields": {
  "action_time": "2024-04-03T09:34:55.776Z",
  "user": 1,
  "content_type": 24,
  "object_id": "2",
  "object_repr": "Орех | Level: 5 | Attack : 22 | Defence: 21",
  "action_flag": 2,
  "change_message": "[{\"added\": {\"name\": \"\\u041f\\u0440\\u0435\\u0434\\u043c\\u0435\\u0442 \\u043f\\u0435\\u0440\\u0441\\u043e\\u043d\\u0430\\u0436\\u0430\", \"object\": \"Character: \\u041e\\u0440\\u0435\\u0445 | Level: 5 | Attack : 22 | Defence: 21 | Item: \\u041f\\u043e\\u0442\\u0440\\u0435\\u043f\\u0430\\u043d\\u043d\\u0430\\u044f \\u041c\\u0430\\u043d\\u0442\\u0438\\u044f | Amount: 12\"}}]"
 }
},
{
 "model": "admin.logentry",
 "pk": 307,
 "fields": {
  "action_time": "2024-04-03T10:30:47.331Z",
  "user": 1,
  "content_type": 41,
  "object_id": "1",
  "object_repr": "Name: Каменный Голем | Required Power: 300 | Respawn: 2024-04-03 13:30:14+03:00",
  "action_flag": 1,
  "change_message": "[{\"added\": {}}]"
 }
},
{
 "model": "admin.logentry",
 "pk": 308,
 "fields": {
  "action_time": "2024-04-08T10:56:40.118Z",
  "user": 1,
  "content_type": 24,
  "object_id": "1",
  "object_repr": "waca | Level: 1 | Attack : 10 | Defence: 9",
  "action_flag": 2,
  "change_message": "[{\"added\": {\"name\": \"\\u041f\\u0440\\u0435\\u0434\\u043c\\u0435\\u0442 \\u043f\\u0435\\u0440\\u0441\\u043e\\u043d\\u0430\\u0436\\u0430\", \"object\": \"Character: waca | Level: 1 | Attack : 10 | Defence: 9 | Item: \\ud83d\\udfe1\\u0417\\u043e\\u043b\\u043e\\u0442\\u043e | Amount: 2221\"}}, {\"added\": {\"name\": \"\\u041f\\u0440\\u0435\\u0434\\u043c\\u0435\\u0442 \\u043f\\u0435\\u0440\\u0441\\u043e\\u043d\\u0430\\u0436\\u0430\", \"object\": \"Character: waca | Level: 1 | Attack : 10 | Defence: 9 | Item: \\u041c\\u0435\\u0448\\u043e\\u043a \\u0441 \\u0420\\u0435\\u0441\\u0443\\u0440\\u0441\\u0430\\u043c\\u0438 (\\u041e\\u0431\\u044b\\u0447\\u043d\\u044b\\u0439) | Amount: 2\"}}]"
 }
},
{
 "model": "admin.logentry",
 "pk": 309,
 "fields": {
  "action_time": "2024-04-08T11:39:03.214Z",
  "user": 1,
  "content_type": 24,
  "object_id": "1",
  "object_repr": "waca | Level: 1 | Attack : 10 | Defence: 9",
  "action_flag": 2,
  "change_message": "[{\"added\": {\"name\": \"\\u041f\\u0440\\u0435\\u0434\\u043c\\u0435\\u0442 \\u043f\\u0435\\u0440\\u0441\\u043e\\u043d\\u0430\\u0436\\u0430\", \"object\": \"Character: waca | Level: 1 | Attack : 10 | Defence: 9 | Item: \\u041c\\u0435\\u0448\\u043e\\u043a \\u0441 \\u0420\\u0435\\u0441\\u0443\\u0440\\u0441\\u0430\\u043c\\u0438 (\\u041e\\u0431\\u044b\\u0447\\u043d\\u044b\\u0439) | Amount: 1\"}}]"
 }
},
{
 "model": "admin.logentry",
 "pk": 310,
 "fields": {
  "action_time": "2024-04-08T11:58:37.486Z",
  "user": 1,
  "content_type": 24,
  "object_id": "1",
  "object_repr": "waca | Level: 1 | Attack : 10 | Defence: 9",
  "action_flag": 2,
  "change_message": "[{\"changed\": {\"fields\": [\"\\u041a\\u043b\\u0430\\u0441\\u0441 \\u043f\\u0435\\u0440\\u0441\\u043e\\u043d\\u0430\\u0436\\u0430\"]}}, {\"added\": {\"name\": \"\\u0423\\u043c\\u0435\\u043d\\u0438\\u0435 \\u043f\\u0435\\u0440\\u0441\\u043e\\u043d\\u0430\\u0436\\u0430\", \"object\": \"\\u041c\\u0430\\u0441\\u0442\\u0435\\u0440 \\u0421\\u043e\\u0437\\u0434\\u0430\\u043d\\u0438\\u044f \\u0423\\u0440. 2 waca | Level: 1 | Attack : 10 | Defence: 9\"}}, {\"added\": {\"name\": \"\\u0420\\u0435\\u0446\\u0435\\u043f\\u0442 \\u043f\\u0435\\u0440\\u0441\\u043e\\u043d\\u0430\\u0436\\u0430\", \"object\": \"Character: waca | Level: 1 | Attack : 10 | Defence: 9 | Item: \\u0420\\u0435\\u0446\\u0435\\u043f\\u0442: \\u041f\\u043e\\u0441\\u043e\\u0445 \\u0423\\u0447\\u0435\\u043d\\u0438\\u043a\\u0430 (100%) (\\u0423\\u0440. 1)\"}}, {\"added\": {\"name\": \"\\u0420\\u0435\\u0446\\u0435\\u043f\\u0442 \\u043f\\u0435\\u0440\\u0441\\u043e\\u043d\\u0430\\u0436\\u0430\", \"object\": \"Character: waca | Level: 1 | Attack : 10 | Defence: 9 | Item: \\u0420\\u0435\\u0446\\u0435\\u043f\\u0442: \\u0416\\u0435\\u043b\\u0435\\u0437\\u043d\\u044b\\u0439 \\u041c\\u0435\\u0447 (60%) (\\u0423\\u0440. 2)\"}}]"
 }
},
{
 "model": "admin.logentry",
 "pk": 311,
 "fields": {
  "action_time": "2024-04-08T12:31:19.922Z",
  "user": 1,
  "content_type": 44,
  "object_id": "1",
  "object_repr": "Seller: waca | Level: 1 | Attack : 10 | Defence: 9 | Recipe: Рецепт: Посох Ученика (100%) (Ур. 1) | Price: 1000",
  "action_flag": 1,
  "change_message": "[{\"added\": {}}]"
 }
},
{
 "model": "admin.logentry",
 "pk": 312,
 "fields": {
  "action_time": "2024-04-08T12:31:29.639Z",
  "user": 1,
  "content_type": 44,
  "object_id": "2",
  "object_repr": "Seller: waca | Level: 1 | Attack : 10 | Defence: 9 | Recipe: Рецепт: Железный Меч (60%) (Ур. 2) | Price: 5000",
  "action_flag": 1,
  "change_message": "[{\"added\": {}}]"
 }
},
{
 "model": "admin.logentry",
 "pk": 313,
 "fields": {
  "action_time": "2024-04-08T16:34:05.204Z",
  "user": 1,
  "content_type": 20,
  "object_id": "91",
  "object_repr": "Рецепт: Магический Жезл (60%) (Ур. 2)",
  "action_flag": 2,
  "change_message": "[{\"changed\": {\"name\": \"\\u041f\\u0440\\u0435\\u0434\\u043c\\u0435\\u0442 \\u0438\\u0437\\u0433\\u043e\\u0442\\u043e\\u0432\\u043b\\u0435\\u043d\\u0438\", \"object\": \"\\u0420\\u0435\\u0446\\u0435\\u043f\\u0442: \\u041c\\u0430\\u0433\\u0438\\u0447\\u0435\\u0441\\u043a\\u0438\\u0439 \\u0416\\u0435\\u0437\\u043b (60%) (\\u0423\\u0440. 2) | \\u041a\\u0430\\u0447\\u0435\\u0441\\u0442\\u0432\\u0435\\u043d\\u043d\\u043e\\u0435 \\u0416\\u0435\\u043b\\u0435\\u0437\\u043e\", \"fields\": [\"\\u041a\\u043e\\u043b\\u0438\\u0447\\u0435\\u0441\\u0442\\u0432\\u043e\"]}}, {\"changed\": {\"name\": \"\\u041f\\u0440\\u0435\\u0434\\u043c\\u0435\\u0442 \\u0438\\u0437\\u0433\\u043e\\u0442\\u043e\\u0432\\u043b\\u0435\\u043d\\u0438\", \"object\": \"\\u0420\\u0435\\u0446\\u0435\\u043f\\u0442: \\u041c\\u0430\\u0433\\u0438\\u0447\\u0435\\u0441\\u043a\\u0438\\u0439 \\u0416\\u0435\\u0437\\u043b (60%) (\\u0423\\u0440. 2) | \\u041a\\u0430\\u0447\\u0435\\u0441\\u0442\\u0432\\u0435\\u043d\\u043d\\u0430\\u044f \\u0414\\u0440\\u0435\\u0432\\u0435\\u0441\\u0438\\u043d\\u0430\", \"fields\": [\"\\u041a\\u043e\\u043b\\u0438\\u0447\\u0435\\u0441\\u0442\\u0432\\u043e\"]}}, {\"changed\": {\"name\": \"\\u041f\\u0440\\u0435\\u0434\\u043c\\u0435\\u0442 \\u0438\\u0437\\u0433\\u043e\\u0442\\u043e\\u0432\\u043b\\u0435\\u043d\\u0438\", \"object\": \"\\u0420\\u0435\\u0446\\u0435\\u043f\\u0442: \\u041c\\u0430\\u0433\\u0438\\u0447\\u0435\\u0441\\u043a\\u0438\\u0439 \\u0416\\u0435\\u0437\\u043b (60%) (\\u0423\\u0440. 2) | \\u041a\\u0430\\u0447\\u0435\\u0441\\u0442\\u0432\\u0435\\u043d\\u043d\\u0430\\u044f \\u041a\\u043e\\u0436\\u0430\", \"fields\": [\"\\u041a\\u043e\\u043b\\u0438\\u0447\\u0435\\u0441\\u0442\\u0432\\u043e\"]}}, {\"changed\": {\"name\": \"\\u041f\\u0440\\u0435\\u0434\\u043c\\u0435\\u0442 \\u0438\\u0437\\u0433\\u043e\\u0442\\u043e\\u0432\\u043b\\u0435\\u043d\\u0438\", \"object\": \"\\u0420\\u0435\\u0446\\u0435\\u043f\\u0442: \\u041c\\u0430\\u0433\\u0438\\u0447\\u0435\\u0441\\u043a\\u0438\\u0439 \\u0416\\u0435\\u0437\\u043b (60%) (\\u0423\\u0440. 2) | \\u041e\\u0441\\u043a\\u043e\\u043b\\u043e\\u043a \\u041c\\u0430\\u0433\\u0438\\u0447\\u0435\\u0441\\u043a\\u043e\\u0433\\u043e \\u0416\\u0435\\u0437\\u043b\\u0430\", \"fields\": [\"\\u041a\\u043e\\u043b\\u0438\\u0447\\u0435\\u0441\\u0442\\u0432\\u043e\"]}}]"
 }
},
{
 "model": "admin.logentry",
 "pk": 314,
 "fields": {
  "action_time": "2024-04-08T16:34:28.739Z",
  "user": 1,
  "content_type": 20,
  "object_id": "89",
  "object_repr": "Рецепт: Железная Дубина (60%) (Ур. 2)",
  "action_flag": 2,
  "change_message": "[{\"changed\": {\"name\": \"\\u041f\\u0440\\u0435\\u0434\\u043c\\u0435\\u0442 \\u0438\\u0437\\u0433\\u043e\\u0442\\u043e\\u0432\\u043b\\u0435\\u043d\\u0438\", \"object\": \"\\u0420\\u0435\\u0446\\u0435\\u043f\\u0442: \\u0416\\u0435\\u043b\\u0435\\u0437\\u043d\\u0430\\u044f \\u0414\\u0443\\u0431\\u0438\\u043d\\u0430 (60%) (\\u0423\\u0440. 2) | \\u0416\\u0435\\u043b\\u0435\\u0437\\u043e\", \"fields\": [\"\\u041a\\u043e\\u043b\\u0438\\u0447\\u0435\\u0441\\u0442\\u0432\\u043e\"]}}, {\"changed\": {\"name\": \"\\u041f\\u0440\\u0435\\u0434\\u043c\\u0435\\u0442 \\u0438\\u0437\\u0433\\u043e\\u0442\\u043e\\u0432\\u043b\\u0435\\u043d\\u0438\", \"object\": \"\\u0420\\u0435\\u0446\\u0435\\u043f\\u0442: \\u0416\\u0435\\u043b\\u0435\\u0437\\u043d\\u0430\\u044f \\u0414\\u0443\\u0431\\u0438\\u043d\\u0430 (60%) (\\u0423\\u0440. 2) | \\u041a\\u0430\\u0447\\u0435\\u0441\\u0442\\u0432\\u0435\\u043d\\u043d\\u0430\\u044f \\u041a\\u043e\\u0436\\u0430\", \"fields\": [\"\\u041a\\u043e\\u043b\\u0438\\u0447\\u0435\\u0441\\u0442\\u0432\\u043e\"]}}, {\"changed\": {\"name\": \"\\u041f\\u0440\\u0435\\u0434\\u043c\\u0435\\u0442 \\u0438\\u0437\\u0433\\u043e\\u0442\\u043e\\u0432\\u043b\\u0435\\u043d\\u0438\", \"object\": \"\\u0420\\u0435\\u0446\\u0435\\u043f\\u0442: \\u0416\\u0435\\u043b\\u0435\\u0437\\u043d\\u0430\\u044f \\u0414\\u0443\\u0431\\u0438\\u043d\\u0430 (60%) (\\u0423\\u0440. 2) | \\u041e\\u0441\\u043a\\u043e\\u043b\\u043e\\u043a \\u0416\\u0435\\u043b\\u0435\\u0437\\u043d\\u043e\\u0439 \\u0414\\u0443\\u0431\\u0438\\u043d\\u044b\", \"fields\": [\"\\u041a\\u043e\\u043b\\u0438\\u0447\\u0435\\u0441\\u0442\\u0432\\u043e\"]}}]"
 }
},
{
 "model": "admin.logentry",
 "pk": 315,
 "fields": {
  "action_time": "2024-04-08T16:34:39.385Z",
  "user": 1,
  "content_type": 20,
  "object_id": "87",
  "object_repr": "Рецепт: Железный Кинжал (60%) (Ур. 2)",
  "action_flag": 2,
  "change_message": "[{\"changed\": {\"name\": \"\\u041f\\u0440\\u0435\\u0434\\u043c\\u0435\\u0442 \\u0438\\u0437\\u0433\\u043e\\u0442\\u043e\\u0432\\u043b\\u0435\\u043d\\u0438\", \"object\": \"\\u0420\\u0435\\u0446\\u0435\\u043f\\u0442: \\u0416\\u0435\\u043b\\u0435\\u0437\\u043d\\u044b\\u0439 \\u041a\\u0438\\u043d\\u0436\\u0430\\u043b (60%) (\\u0423\\u0440. 2) | \\u041a\\u0430\\u0447\\u0435\\u0441\\u0442\\u0432\\u0435\\u043d\\u043d\\u043e\\u0435 \\u0416\\u0435\\u043b\\u0435\\u0437\\u043e\", \"fields\": [\"\\u041a\\u043e\\u043b\\u0438\\u0447\\u0435\\u0441\\u0442\\u0432\\u043e\"]}}, {\"changed\": {\"name\": \"\\u041f\\u0440\\u0435\\u0434\\u043c\\u0435\\u0442 \\u0438\\u0437\\u0433\\u043e\\u0442\\u043e\\u0432\\u043b\\u0435\\u043d\\u0438\", \"object\": \"\\u0420\\u0435\\u0446\\u0435\\u043f\\u0442: \\u0416\\u0435\\u043b\\u0435\\u0437\\u043d\\u044b\\u0439 \\u041a\\u0438\\u043d\\u0436\\u0430\\u043b (60%) (\\u0423\\u0440. 2) | \\u041a\\u0430\\u0447\\u0435\\u0441\\u0442\\u0432\\u0435\\u043d\\u043d\\u0430\\u044f \\u0414\\u0440\\u0435\\u0432\\u0435\\u0441\\u0438\\u043d\\u0430\", \"fields\": [\"\\u041a\\u043e\\u043b\\u0438\\u0447\\u0435\\u0441\\u0442\\u0432\\u043e\"]}}, {\"changed\": {\"name\": \"\\u041f\\u0440\\u0435\\u0434\\u043c\\u0435\\u0442 \\u0438\\u0437\\u0433\\u043e\\u0442\\u043e\\u0432\\u043b\\u0435\\u043d\\u0438\", \"object\": \"\\u0420\\u0435\\u0446\\u0435\\u043f\\u0442: \\u0416\\u0435\\u043b\\u0435\\u0437\\u043d\\u044b\\u0439 \\u041a\\u0438\\u043d\\u0436\\u0430\\u043b (60%) (\\u0423\\u0440. 2) | \\u041a\\u0430\\u0447\\u0435\\u0441\\u0442\\u0432\\u0435\\u043d\\u043d\\u0430\\u044f \\u041a\\u043e\\u0436\\u0430\", \"fields\": [\"\\u041a\\u043e\\u043b\\u0438\\u0447\\u0435\\u0441\\u0442\\u0432\\u043e\"]}}, {\"changed\": {\"name\": \"\\u041f\\u0440\\u0435\\u0434\\u043c\\u0435\\u0442 \\u0438\\u0437\\u0433\\u043e\\u0442\\u043e\\u0432\\u043b\\u0435\\u043d\\u0438\", \"object\": \"\\u0420\\u0435\\u0446\\u0435\\u043f\\u0442: \\u0416\\u0435\\u043b\\u0435\\u0437\\u043d\\u044b\\u0439 \\u041a\\u0438\\u043d\\u0436\\u0430\\u043b (60%) (\\u0423\\u0440. 2) | \\u041e\\u0441\\u043a\\u043e\\u043b\\u043e\\u043a \\u0416\\u0435\\u043b\\u0435\\u0437\\u043d\\u043e\\u0433\\u043e \\u041a\\u0438\\u043d\\u0436\\u0430\\u043b\\u0430\", \"fields\": [\"\\u041a\\u043e\\u043b\\u0438\\u0447\\u0435\\u0441\\u0442\\u0432\\u043e\"]}}]"
 }
},
{
 "model": "admin.logentry",
 "pk": 316,
 "fields": {
  "action_time": "2024-04-08T16:34:53.564Z",
  "user": 1,
  "content_type": 20,
  "object_id": "85",
  "object_repr": "Рецепт: Железный Меч (60%) (Ур. 2)",
  "action_flag": 2,
  "change_message": "[{\"changed\": {\"name\": \"\\u041f\\u0440\\u0435\\u0434\\u043c\\u0435\\u0442 \\u0438\\u0437\\u0433\\u043e\\u0442\\u043e\\u0432\\u043b\\u0435\\u043d\\u0438\", \"object\": \"\\u0420\\u0435\\u0446\\u0435\\u043f\\u0442: \\u0416\\u0435\\u043b\\u0435\\u0437\\u043d\\u044b\\u0439 \\u041c\\u0435\\u0447 (60%) (\\u0423\\u0440. 2) | \\u041a\\u0430\\u0447\\u0435\\u0441\\u0442\\u0432\\u0435\\u043d\\u043d\\u043e\\u0435 \\u0416\\u0435\\u043b\\u0435\\u0437\\u043e\", \"fields\": [\"\\u041a\\u043e\\u043b\\u0438\\u0447\\u0435\\u0441\\u0442\\u0432\\u043e\"]}}, {\"changed\": {\"name\": \"\\u041f\\u0440\\u0435\\u0434\\u043c\\u0435\\u0442 \\u0438\\u0437\\u0433\\u043e\\u0442\\u043e\\u0432\\u043b\\u0435\\u043d\\u0438\", \"object\": \"\\u0420\\u0435\\u0446\\u0435\\u043f\\u0442: \\u0416\\u0435\\u043b\\u0435\\u0437\\u043d\\u044b\\u0439 \\u041c\\u0435\\u0447 (60%) (\\u0423\\u0440. 2) | \\u041a\\u0430\\u0447\\u0435\\u0441\\u0442\\u0432\\u0435\\u043d\\u043d\\u0430\\u044f \\u0414\\u0440\\u0435\\u0432\\u0435\\u0441\\u0438\\u043d\\u0430\", \"fields\": [\"\\u041a\\u043e\\u043b\\u0438\\u0447\\u0435\\u0441\\u0442\\u0432\\u043e\"]}}, {\"changed\": {\"name\": \"\\u041f\\u0440\\u0435\\u0434\\u043c\\u0435\\u0442 \\u0438\\u0437\\u0433\\u043e\\u0442\\u043e\\u0432\\u043b\\u0435\\u043d\\u0438\", \"object\": \"\\u0420\\u0435\\u0446\\u0435\\u043f\\u0442: \\u0416\\u0435\\u043b\\u0435\\u0437\\u043d\\u044b\\u0439 \\u041c\\u0435\\u0447 (60%) (\\u0423\\u0440. 2) | \\u041e\\u0441\\u043a\\u043e\\u043b\\u043e\\u043a \\u0416\\u0435\\u043b\\u0435\\u0437\\u043d\\u043e\\u0433\\u043e \\u041c\\u0435\\u0447\\u0430\", \"fields\": [\"\\u041a\\u043e\\u043b\\u0438\\u0447\\u0435\\u0441\\u0442\\u0432\\u043e\"]}}]"
 }
},
{
 "model": "admin.logentry",
 "pk": 317,
 "fields": {
  "action_time": "2024-04-08T16:34:57.853Z",
  "user": 1,
  "content_type": 20,
  "object_id": "85",
  "object_repr": "Рецепт: Железный Меч (60%) (Ур. 2)",
  "action_flag": 2,
  "change_message": "[]"
 }
},
{
 "model": "admin.logentry",
 "pk": 318,
 "fields": {
  "action_time": "2024-04-08T16:35:03.119Z",
  "user": 1,
  "content_type": 20,
  "object_id": "79",
  "object_repr": "Рецепт: Железная Броня (60%) (Ур. 2)",
  "action_flag": 2,
  "change_message": "[{\"changed\": {\"name\": \"\\u041f\\u0440\\u0435\\u0434\\u043c\\u0435\\u0442 \\u0438\\u0437\\u0433\\u043e\\u0442\\u043e\\u0432\\u043b\\u0435\\u043d\\u0438\", \"object\": \"\\u0420\\u0435\\u0446\\u0435\\u043f\\u0442: \\u0416\\u0435\\u043b\\u0435\\u0437\\u043d\\u0430\\u044f \\u0411\\u0440\\u043e\\u043d\\u044f (60%) (\\u0423\\u0440. 2) | \\u041a\\u0430\\u0447\\u0435\\u0441\\u0442\\u0432\\u0435\\u043d\\u043d\\u043e\\u0435 \\u0416\\u0435\\u043b\\u0435\\u0437\\u043e\", \"fields\": [\"\\u041a\\u043e\\u043b\\u0438\\u0447\\u0435\\u0441\\u0442\\u0432\\u043e\"]}}, {\"changed\": {\"name\": \"\\u041f\\u0440\\u0435\\u0434\\u043c\\u0435\\u0442 \\u0438\\u0437\\u0433\\u043e\\u0442\\u043e\\u0432\\u043b\\u0435\\u043d\\u0438\", \"object\": \"\\u0420\\u0435\\u0446\\u0435\\u043f\\u0442: \\u0416\\u0435\\u043b\\u0435\\u0437\\u043d\\u0430\\u044f \\u0411\\u0440\\u043e\\u043d\\u044f (60%) (\\u0423\\u0440. 2) | \\u041a\\u0430\\u0447\\u0435\\u0441\\u0442\\u0432\\u0435\\u043d\\u043d\\u0430\\u044f \\u041a\\u043e\\u0436\\u0430\", \"fields\": [\"\\u041a\\u043e\\u043b\\u0438\\u0447\\u0435\\u0441\\u0442\\u0432\\u043e\"]}}, {\"changed\": {\"name\": \"\\u041f\\u0440\\u0435\\u0434\\u043c\\u0435\\u0442 \\u0438\\u0437\\u0433\\u043e\\u0442\\u043e\\u0432\\u043b\\u0435\\u043d\\u0438\", \"object\": \"\\u0420\\u0435\\u0446\\u0435\\u043f\\u0442: \\u0416\\u0435\\u043b\\u0435\\u0437\\u043d\\u0430\\u044f \\u0411\\u0440\\u043e\\u043d\\u044f (60%) (\\u0423\\u0440. 2) | \\u0427\\u0430\\u0441\\u0442\\u044c \\u0416\\u0435\\u043b\\u0435\\u0437\\u043d\\u043e\\u0433\\u043e \\u0414\\u043e\\u0441\\u043f\\u0435\\u0445\\u0430\", \"fields\": [\"\\u041a\\u043e\\u043b\\u0438\\u0447\\u0435\\u0441\\u0442\\u0432\\u043e\"]}}]"
 }
},
{
 "model": "admin.logentry",
 "pk": 319,
 "fields": {
  "action_time": "2024-04-08T16:35:10.783Z",
  "user": 1,
  "content_type": 20,
  "object_id": "77",
  "object_repr": "Рецепт: Кожаный Доспех (60%) (Ур. 2)",
  "action_flag": 2,
  "change_message": "[{\"changed\": {\"name\": \"\\u041f\\u0440\\u0435\\u0434\\u043c\\u0435\\u0442 \\u0438\\u0437\\u0433\\u043e\\u0442\\u043e\\u0432\\u043b\\u0435\\u043d\\u0438\", \"object\": \"\\u0420\\u0435\\u0446\\u0435\\u043f\\u0442: \\u041a\\u043e\\u0436\\u0430\\u043d\\u044b\\u0439 \\u0414\\u043e\\u0441\\u043f\\u0435\\u0445 (60%) (\\u0423\\u0440. 2) | \\u041a\\u0430\\u0447\\u0435\\u0441\\u0442\\u0432\\u0435\\u043d\\u043d\\u0430\\u044f \\u041a\\u043e\\u0436\\u0430\", \"fields\": [\"\\u041a\\u043e\\u043b\\u0438\\u0447\\u0435\\u0441\\u0442\\u0432\\u043e\"]}}, {\"changed\": {\"name\": \"\\u041f\\u0440\\u0435\\u0434\\u043c\\u0435\\u0442 \\u0438\\u0437\\u0433\\u043e\\u0442\\u043e\\u0432\\u043b\\u0435\\u043d\\u0438\", \"object\": \"\\u0420\\u0435\\u0446\\u0435\\u043f\\u0442: \\u041a\\u043e\\u0436\\u0430\\u043d\\u044b\\u0439 \\u0414\\u043e\\u0441\\u043f\\u0435\\u0445 (60%) (\\u0423\\u0440. 2) | \\u041a\\u0430\\u0447\\u0435\\u0441\\u0442\\u0432\\u0435\\u043d\\u043d\\u0430\\u044f \\u0422\\u043a\\u0430\\u043d\\u044c\", \"fields\": [\"\\u041a\\u043e\\u043b\\u0438\\u0447\\u0435\\u0441\\u0442\\u0432\\u043e\"]}}, {\"changed\": {\"name\": \"\\u041f\\u0440\\u0435\\u0434\\u043c\\u0435\\u0442 \\u0438\\u0437\\u0433\\u043e\\u0442\\u043e\\u0432\\u043b\\u0435\\u043d\\u0438\", \"object\": \"\\u0420\\u0435\\u0446\\u0435\\u043f\\u0442: \\u041a\\u043e\\u0436\\u0430\\u043d\\u044b\\u0439 \\u0414\\u043e\\u0441\\u043f\\u0435\\u0445 (60%) (\\u0423\\u0440. 2) | \\u0427\\u0430\\u0441\\u0442\\u044c \\u041a\\u043e\\u0436\\u0430\\u043d\\u043e\\u0433\\u043e \\u0414\\u043e\\u0441\\u043f\\u0435\\u0445\\u0430\", \"fields\": [\"\\u041a\\u043e\\u043b\\u0438\\u0447\\u0435\\u0441\\u0442\\u0432\\u043e\"]}}]"
 }
},
{
 "model": "admin.logentry",
 "pk": 320,
 "fields": {
  "action_time": "2024-04-08T16:35:18.235Z",
  "user": 1,
  "content_type": 20,
  "object_id": "74",
  "object_repr": "Рецепт: Укрепленная Мантия (60%) (Ур. 2)",
  "action_flag": 2,
  "change_message": "[{\"changed\": {\"name\": \"\\u041f\\u0440\\u0435\\u0434\\u043c\\u0435\\u0442 \\u0438\\u0437\\u0433\\u043e\\u0442\\u043e\\u0432\\u043b\\u0435\\u043d\\u0438\", \"object\": \"\\u0420\\u0435\\u0446\\u0435\\u043f\\u0442: \\u0423\\u043a\\u0440\\u0435\\u043f\\u043b\\u0435\\u043d\\u043d\\u0430\\u044f \\u041c\\u0430\\u043d\\u0442\\u0438\\u044f (60%) (\\u0423\\u0440. 2) | \\u041a\\u0430\\u0447\\u0435\\u0441\\u0442\\u0432\\u0435\\u043d\\u043d\\u0430\\u044f \\u0422\\u043a\\u0430\\u043d\\u044c\", \"fields\": [\"\\u041a\\u043e\\u043b\\u0438\\u0447\\u0435\\u0441\\u0442\\u0432\\u043e\"]}}, {\"changed\": {\"name\": \"\\u041f\\u0440\\u0435\\u0434\\u043c\\u0435\\u0442 \\u0438\\u0437\\u0433\\u043e\\u0442\\u043e\\u0432\\u043b\\u0435\\u043d\\u0438\", \"object\": \"\\u0420\\u0435\\u0446\\u0435\\u043f\\u0442: \\u0423\\u043a\\u0440\\u0435\\u043f\\u043b\\u0435\\u043d\\u043d\\u0430\\u044f \\u041c\\u0430\\u043d\\u0442\\u0438\\u044f (60%) (\\u0423\\u0440. 2) | \\u041a\\u0430\\u0447\\u0435\\u0441\\u0442\\u0432\\u0435\\u043d\\u043d\\u0430\\u044f \\u041a\\u043e\\u0436\\u0430\", \"fields\": [\"\\u041a\\u043e\\u043b\\u0438\\u0447\\u0435\\u0441\\u0442\\u0432\\u043e\"]}}, {\"changed\": {\"name\": \"\\u041f\\u0440\\u0435\\u0434\\u043c\\u0435\\u0442 \\u0438\\u0437\\u0433\\u043e\\u0442\\u043e\\u0432\\u043b\\u0435\\u043d\\u0438\", \"object\": \"\\u0420\\u0435\\u0446\\u0435\\u043f\\u0442: \\u0423\\u043a\\u0440\\u0435\\u043f\\u043b\\u0435\\u043d\\u043d\\u0430\\u044f \\u041c\\u0430\\u043d\\u0442\\u0438\\u044f (60%) (\\u0423\\u0440. 2) | \\u0427\\u0430\\u0441\\u0442\\u044c \\u0423\\u043a\\u0440\\u0435\\u043f\\u043b\\u0435\\u043d\\u043d\\u043e\\u0439 \\u041c\\u0430\\u043d\\u0442\\u0438\\u0438\", \"fields\": [\"\\u041a\\u043e\\u043b\\u0438\\u0447\\u0435\\u0441\\u0442\\u0432\\u043e\"]}}]"
 }
},
{
 "model": "admin.logentry",
 "pk": 321,
 "fields": {
  "action_time": "2024-04-08T16:35:32.620Z",
  "user": 1,
  "content_type": 18,
  "object_id": "73",
  "object_repr": "Укрепленная Мантия",
  "action_flag": 2,
  "change_message": "[{\"changed\": {\"fields\": [\"\\u0421\\u0442\\u043e\\u0438\\u043c\\u043e\\u0441\\u0442\\u044c \\u043f\\u0440\\u043e\\u0434\\u0430\\u0436\\u0438\"]}}]"
 }
},
{
 "model": "admin.logentry",
 "pk": 322,
 "fields": {
  "action_time": "2024-04-08T16:35:35.903Z",
  "user": 1,
  "content_type": 18,
  "object_id": "72",
  "object_repr": "Кожаный Доспех",
  "action_flag": 2,
  "change_message": "[{\"changed\": {\"fields\": [\"\\u0421\\u0442\\u043e\\u0438\\u043c\\u043e\\u0441\\u0442\\u044c \\u043f\\u0440\\u043e\\u0434\\u0430\\u0436\\u0438\"]}}]"
 }
},
{
 "model": "admin.logentry",
 "pk": 323,
 "fields": {
  "action_time": "2024-04-08T16:35:38.380Z",
  "user": 1,
  "content_type": 18,
  "object_id": "71",
  "object_repr": "Железная Броня",
  "action_flag": 2,
  "change_message": "[{\"changed\": {\"fields\": [\"\\u0421\\u0442\\u043e\\u0438\\u043c\\u043e\\u0441\\u0442\\u044c \\u043f\\u0440\\u043e\\u0434\\u0430\\u0436\\u0438\"]}}]"
 }
},
{
 "model": "admin.logentry",
 "pk": 324,
 "fields": {
  "action_time": "2024-04-08T16:35:41.506Z",
  "user": 1,
  "content_type": 18,
  "object_id": "27",
  "object_repr": "Браслет",
  "action_flag": 2,
  "change_message": "[{\"changed\": {\"fields\": [\"\\u0421\\u0442\\u043e\\u0438\\u043c\\u043e\\u0441\\u0442\\u044c \\u043f\\u0440\\u043e\\u0434\\u0430\\u0436\\u0438\"]}}]"
 }
},
{
 "model": "admin.logentry",
 "pk": 325,
 "fields": {
  "action_time": "2024-04-08T16:35:47.707Z",
  "user": 1,
  "content_type": 19,
  "object_id": "83",
  "object_repr": "Железный Меч",
  "action_flag": 2,
  "change_message": "[{\"changed\": {\"fields\": [\"\\u0421\\u0442\\u043e\\u0438\\u043c\\u043e\\u0441\\u0442\\u044c \\u043f\\u0440\\u043e\\u0434\\u0430\\u0436\\u0438\"]}}]"
 }
},
{
 "model": "admin.logentry",
 "pk": 326,
 "fields": {
  "action_time": "2024-04-08T16:35:50.099Z",
  "user": 1,
  "content_type": 19,
  "object_id": "82",
  "object_repr": "Железная Дубина",
  "action_flag": 2,
  "change_message": "[{\"changed\": {\"fields\": [\"\\u0421\\u0442\\u043e\\u0438\\u043c\\u043e\\u0441\\u0442\\u044c \\u043f\\u0440\\u043e\\u0434\\u0430\\u0436\\u0438\"]}}]"
 }
},
{
 "model": "admin.logentry",
 "pk": 327,
 "fields": {
  "action_time": "2024-04-08T16:35:52.658Z",
  "user": 1,
  "content_type": 19,
  "object_id": "81",
  "object_repr": "Железный Кинжал",
  "action_flag": 2,
  "change_message": "[{\"changed\": {\"fields\": [\"\\u0421\\u0442\\u043e\\u0438\\u043c\\u043e\\u0441\\u0442\\u044c \\u043f\\u0440\\u043e\\u0434\\u0430\\u0436\\u0438\"]}}]"
 }
},
{
 "model": "admin.logentry",
 "pk": 328,
 "fields": {
  "action_time": "2024-04-08T16:35:55.715Z",
  "user": 1,
  "content_type": 19,
  "object_id": "80",
  "object_repr": "Магический Жезл",
  "action_flag": 2,
  "change_message": "[{\"changed\": {\"fields\": [\"\\u0421\\u0442\\u043e\\u0438\\u043c\\u043e\\u0441\\u0442\\u044c \\u043f\\u0440\\u043e\\u0434\\u0430\\u0436\\u0438\"]}}]"
 }
},
{
 "model": "admin.logentry",
 "pk": 329,
 "fields": {
  "action_time": "2024-04-08T17:04:44.203Z",
  "user": 1,
  "content_type": 24,
  "object_id": "1",
  "object_repr": "waca | Level: 1 | Attack : 10 | Defence: 9",
  "action_flag": 2,
  "change_message": "[{\"added\": {\"name\": \"\\u041f\\u0440\\u0435\\u0434\\u043c\\u0435\\u0442 \\u043f\\u0435\\u0440\\u0441\\u043e\\u043d\\u0430\\u0436\\u0430\", \"object\": \"Character: waca | Level: 1 | Attack : 10 | Defence: 9 | Item: \\u0414\\u0440\\u0435\\u0432\\u0435\\u0441\\u0438\\u043d\\u0430 | Amount: 1111\"}}, {\"added\": {\"name\": \"\\u041f\\u0440\\u0435\\u0434\\u043c\\u0435\\u0442 \\u043f\\u0435\\u0440\\u0441\\u043e\\u043d\\u0430\\u0436\\u0430\", \"object\": \"Character: waca | Level: 1 | Attack : 10 | Defence: 9 | Item: \\u0416\\u0435\\u043b\\u0435\\u0437\\u043e | Amount: 1111\"}}, {\"changed\": {\"name\": \"\\u041f\\u0440\\u0435\\u0434\\u043c\\u0435\\u0442 \\u043f\\u0435\\u0440\\u0441\\u043e\\u043d\\u0430\\u0436\\u0430\", \"object\": \"Character: waca | Level: 1 | Attack : 10 | Defence: 9 | Item: \\ud83d\\udfe1\\u0417\\u043e\\u043b\\u043e\\u0442\\u043e | Amount: 2222\", \"fields\": [\"\\u041a\\u043e\\u043b\\u0438\\u0447\\u0435\\u0441\\u0442\\u0432\\u043e\"]}}]"
 }
},
{
 "model": "admin.logentry",
 "pk": 330,
 "fields": {
  "action_time": "2024-04-08T17:26:23.957Z",
  "user": 1,
  "content_type": 24,
  "object_id": "1",
  "object_repr": "waca | Level: 1 | Attack : 10 | Defence: 9",
  "action_flag": 2,
  "change_message": "[{\"added\": {\"name\": \"\\u0420\\u0435\\u0446\\u0435\\u043f\\u0442 \\u043f\\u0435\\u0440\\u0441\\u043e\\u043d\\u0430\\u0436\\u0430\", \"object\": \"Character: waca | Level: 1 | Attack : 10 | Defence: 9 | Item: \\u0420\\u0435\\u0446\\u0435\\u043f\\u0442: \\u0414\\u0443\\u0431\\u0438\\u043d\\u0430 \\u0423\\u0447\\u0435\\u043d\\u0438\\u043a\\u0430 (100%) (\\u0423\\u0440. 1)\"}}]"
 }
},
{
 "model": "admin.logentry",
 "pk": 331,
 "fields": {
  "action_time": "2024-04-08T17:26:35.312Z",
  "user": 1,
  "content_type": 44,
  "object_id": "3",
  "object_repr": "Seller: waca | Level: 1 | Attack : 10 | Defence: 9 | Recipe: Рецепт: Дубина Ученика (100%) (Ур. 1) | Price: 144",
  "action_flag": 1,
  "change_message": "[{\"added\": {}}]"
 }
},
{
 "model": "admin.logentry",
 "pk": 332,
 "fields": {
  "action_time": "2024-04-08T17:29:28.587Z",
  "user": 1,
  "content_type": 32,
  "object_id": "1",
  "object_repr": "Seller: waca | Level: 1 | Attack : 10 | Defence: 9 | Item: 📦Мешок со Свитком (Редкий) | Amount: 123 |Price: 1123",
  "action_flag": 1,
  "change_message": "[{\"added\": {}}]"
 }
},
{
 "model": "admin.logentry",
 "pk": 333,
 "fields": {
  "action_time": "2024-04-09T11:23:18.460Z",
  "user": 1,
  "content_type": 41,
  "object_id": "1",
  "object_repr": "Name: Каменный Голем | Required Power: 300 | Respawn: 2024-04-03 13:30:14+03:00",
  "action_flag": 2,
  "change_message": "[{\"added\": {\"name\": \"clan boss drop\", \"object\": \"ClanBossDrop object (1)\"}}, {\"added\": {\"name\": \"clan boss drop\", \"object\": \"ClanBossDrop object (2)\"}}, {\"added\": {\"name\": \"clan boss drop\", \"object\": \"ClanBossDrop object (3)\"}}, {\"added\": {\"name\": \"clan boss drop\", \"object\": \"ClanBossDrop object (4)\"}}]"
 }
},
{
 "model": "admin.logentry",
 "pk": 334,
 "fields": {
  "action_time": "2024-04-09T11:26:01.962Z",
  "user": 1,
  "content_type": 41,
  "object_id": "1",
  "object_repr": "Name: Каменный Голем | Required Power: 300 | Respawn: 2024-04-03 13:30:14+03:00",
  "action_flag": 2,
  "change_message": "[{\"added\": {\"name\": \"clan boss drop\", \"object\": \"ClanBossDrop object (5)\"}}, {\"added\": {\"name\": \"clan boss drop\", \"object\": \"ClanBossDrop object (6)\"}}, {\"added\": {\"name\": \"clan boss drop\", \"object\": \"ClanBossDrop object (7)\"}}, {\"added\": {\"name\": \"clan boss drop\", \"object\": \"ClanBossDrop object (8)\"}}, {\"added\": {\"name\": \"clan boss drop\", \"object\": \"ClanBossDrop object (9)\"}}, {\"added\": {\"name\": \"clan boss drop\", \"object\": \"ClanBossDrop object (10)\"}}, {\"added\": {\"name\": \"clan boss drop\", \"object\": \"ClanBossDrop object (11)\"}}, {\"added\": {\"name\": \"clan boss drop\", \"object\": \"ClanBossDrop object (12)\"}}, {\"changed\": {\"name\": \"clan boss drop\", \"object\": \"ClanBossDrop object (3)\", \"fields\": [\"\\u041c\\u0438\\u043d\\u0438\\u043c\\u0430\\u043b\\u044c\\u043d\\u043e\\u0435 \\u043a\\u043e\\u043b\\u0438\\u0447\\u0435\\u0441\\u0442\\u0432\\u043e\", \"\\u041c\\u0430\\u043a\\u0441\\u0438\\u043c\\u0430\\u043b\\u044c\\u043d\\u043e\\u0435 \\u043a\\u043e\\u043b\\u0438\\u0447\\u0435\\u0441\\u0442\\u0432\\u043e\"]}}, {\"changed\": {\"name\": \"clan boss drop\", \"object\": \"ClanBossDrop object (4)\", \"fields\": [\"\\u041c\\u0438\\u043d\\u0438\\u043c\\u0430\\u043b\\u044c\\u043d\\u043e\\u0435 \\u043a\\u043e\\u043b\\u0438\\u0447\\u0435\\u0441\\u0442\\u0432\\u043e\", \"\\u041c\\u0430\\u043a\\u0441\\u0438\\u043c\\u0430\\u043b\\u044c\\u043d\\u043e\\u0435 \\u043a\\u043e\\u043b\\u0438\\u0447\\u0435\\u0441\\u0442\\u0432\\u043e\"]}}]"
 }
},
{
 "model": "admin.logentry",
 "pk": 335,
 "fields": {
  "action_time": "2024-04-09T11:58:03.270Z",
  "user": 1,
  "content_type": 41,
  "object_id": "1",
  "object_repr": "Name: Каменный Голем | Required Power: 300 | Respawn: 2024-04-03 13:30:14+03:00",
  "action_flag": 2,
  "change_message": "[{\"deleted\": {\"name\": \"\\u041f\\u0435\\u0440\\u0441\\u043e\\u043d\\u0430\\u0436 \\u0432 \\u0440\\u0435\\u0439\\u0434\\u0435\", \"object\": \"Character: waca | Level: 1 | Attack : 10 | Defence: 9 | Boss: Name: \\u041a\\u0430\\u043c\\u0435\\u043d\\u043d\\u044b\\u0439 \\u0413\\u043e\\u043b\\u0435\\u043c | Required Power: 300 | Respawn: 2024-04-03 13:30:14+03:00\"}}]"
 }
},
{
 "model": "admin.logentry",
 "pk": 336,
 "fields": {
  "action_time": "2024-04-09T12:46:09.507Z",
  "user": 1,
  "content_type": 41,
  "object_id": "1",
  "object_repr": "Name: Каменный Голем | Required Power: 300 | Respawn: 2024-04-09 16:45:59+03:00",
  "action_flag": 2,
  "change_message": "[{\"changed\": {\"fields\": [\"\\u0412\\u0440\\u0435\\u043c\\u044f \\u0420\\u0435\\u0441\\u043f\\u0430\\u0443\\u043d\\u0430\"]}}]"
 }
},
{
 "model": "admin.logentry",
 "pk": 337,
 "fields": {
  "action_time": "2024-04-09T12:46:51.195Z",
  "user": 1,
  "content_type": 41,
  "object_id": "1",
  "object_repr": "Name: Каменный Голем | Required Power: 300 | Respawn: 2024-04-10 16:45:59+03:00",
  "action_flag": 2,
  "change_message": "[{\"changed\": {\"fields\": [\"\\u0412\\u0440\\u0435\\u043c\\u044f \\u0420\\u0435\\u0441\\u043f\\u0430\\u0443\\u043d\\u0430\"]}}]"
 }
},
{
 "model": "admin.logentry",
 "pk": 338,
 "fields": {
  "action_time": "2024-04-09T15:05:37.441Z",
  "user": 1,
  "content_type": 41,
  "object_id": "1",
  "object_repr": "Name: Каменный Голем | Required Power: 300 | Respawn: 2024-04-10 22:26:33+03:00",
  "action_flag": 2,
  "change_message": "[{\"deleted\": {\"name\": \"\\u041f\\u0435\\u0440\\u0441\\u043e\\u043d\\u0430\\u0436 \\u0432 \\u0440\\u0435\\u0439\\u0434\\u0435\", \"object\": \"Character: waca | Level: 1 | Attack : 10 | Defence: 9 | Boss: Name: \\u041a\\u0430\\u043c\\u0435\\u043d\\u043d\\u044b\\u0439 \\u0413\\u043e\\u043b\\u0435\\u043c | Required Power: 300 | Respawn: 2024-04-10 22:26:33+03:00\"}}]"
 }
},
{
 "model": "admin.logentry",
 "pk": 339,
 "fields": {
  "action_time": "2024-04-09T15:07:16.999Z",
  "user": 1,
  "content_type": 41,
  "object_id": "1",
  "object_repr": "Name: Каменный Голем | Required Power: 300 | Respawn: 2024-04-09 18:07:11+03:00",
  "action_flag": 2,
  "change_message": "[{\"changed\": {\"fields\": [\"\\u0412\\u0440\\u0435\\u043c\\u044f \\u0420\\u0435\\u0441\\u043f\\u0430\\u0443\\u043d\\u0430\"]}}]"
 }
},
{
 "model": "admin.logentry",
 "pk": 340,
 "fields": {
  "action_time": "2024-04-09T15:14:47.813Z",
  "user": 1,
  "content_type": 41,
  "object_id": "1",
  "object_repr": "Name: Каменный Голем | Required Power: 300 | Respawn: 2024-04-09 19:14:40+03:00",
  "action_flag": 2,
  "change_message": "[{\"changed\": {\"fields\": [\"\\u0412\\u0440\\u0435\\u043c\\u044f \\u0420\\u0435\\u0441\\u043f\\u0430\\u0443\\u043d\\u0430\"]}}]"
 }
},
{
 "model": "admin.logentry",
 "pk": 341,
 "fields": {
  "action_time": "2024-04-09T15:15:16.127Z",
  "user": 1,
  "content_type": 41,
  "object_id": "1",
  "object_repr": "Name: Каменный Голем | Required Power: 300 | Respawn: 2024-04-09 18:15:13+03:00",
  "action_flag": 2,
  "change_message": "[{\"changed\": {\"fields\": [\"\\u0412\\u0440\\u0435\\u043c\\u044f \\u0420\\u0435\\u0441\\u043f\\u0430\\u0443\\u043d\\u0430\"]}}]"
 }
},
{
 "model": "admin.logentry",
 "pk": 342,
 "fields": {
  "action_time": "2024-04-09T15:16:10.565Z",
  "user": 1,
  "content_type": 41,
  "object_id": "1",
  "object_repr": "Name: Каменный Голем | Required Power: 300 | Respawn: 2024-04-09 18:16:08+03:00",
  "action_flag": 2,
  "change_message": "[{\"changed\": {\"fields\": [\"\\u0412\\u0440\\u0435\\u043c\\u044f \\u0420\\u0435\\u0441\\u043f\\u0430\\u0443\\u043d\\u0430\"]}}]"
 }
},
{
 "model": "admin.logentry",
 "pk": 343,
 "fields": {
  "action_time": "2024-04-09T15:18:01.218Z",
  "user": 1,
  "content_type": 24,
  "object_id": "1",
  "object_repr": "waca | Level: 1 | Attack : 322 | Defence: 9",
  "action_flag": 2,
  "change_message": "[{\"changed\": {\"fields\": [\"\\u0410\\u0442\\u0430\\u043a\\u0430\"]}}]"
 }
},
{
 "model": "admin.logentry",
 "pk": 344,
 "fields": {
  "action_time": "2024-04-09T15:28:01.596Z",
  "user": 1,
  "content_type": 41,
  "object_id": "1",
  "object_repr": "Name: Каменный Голем | Required Power: 300 | Respawn: 2024-04-11 03:07:40+03:00",
  "action_flag": 2,
  "change_message": "[{\"added\": {\"name\": \"\\u041f\\u0435\\u0440\\u0441\\u043e\\u043d\\u0430\\u0436 \\u0432 \\u0440\\u0435\\u0439\\u0434\\u0435\", \"object\": \"Character: waca | Level: 1 | Attack : 322 | Defence: 9 | Boss: Name: \\u041a\\u0430\\u043c\\u0435\\u043d\\u043d\\u044b\\u0439 \\u0413\\u043e\\u043b\\u0435\\u043c | Required Power: 300 | Respawn: 2024-04-11 03:07:40+03:00\"}}]"
 }
},
{
 "model": "admin.logentry",
 "pk": 345,
 "fields": {
  "action_time": "2024-04-09T15:31:24.922Z",
  "user": 1,
  "content_type": 41,
  "object_id": "1",
  "object_repr": "Name: Каменный Голем | Required Power: 300 | Respawn: 2024-04-11 01:30:08+03:00",
  "action_flag": 2,
  "change_message": "[{\"added\": {\"name\": \"\\u041f\\u0435\\u0440\\u0441\\u043e\\u043d\\u0430\\u0436 \\u0432 \\u0440\\u0435\\u0439\\u0434\\u0435\", \"object\": \"Character: waca | Level: 1 | Attack : 322 | Defence: 9 | Boss: Name: \\u041a\\u0430\\u043c\\u0435\\u043d\\u043d\\u044b\\u0439 \\u0413\\u043e\\u043b\\u0435\\u043c | Required Power: 300 | Respawn: 2024-04-11 01:30:08+03:00\"}}]"
 }
},
{
 "model": "admin.logentry",
 "pk": 346,
 "fields": {
  "action_time": "2024-04-09T15:39:54.726Z",
  "user": 1,
  "content_type": 24,
  "object_id": "1",
  "object_repr": "waca | Level: 1 | Attack : 15 | Defence: 9",
  "action_flag": 2,
  "change_message": "[{\"changed\": {\"fields\": [\"\\u0410\\u0442\\u0430\\u043a\\u0430\"]}}]"
 }
},
{
 "model": "admin.logentry",
 "pk": 347,
 "fields": {
  "action_time": "2024-04-09T15:40:51.142Z",
  "user": 1,
  "content_type": 41,
  "object_id": "1",
  "object_repr": "Name: Каменный Голем | Required Power: 300 | Respawn: 2024-04-11 03:05:31+03:00",
  "action_flag": 2,
  "change_message": "[{\"deleted\": {\"name\": \"\\u041a\\u043b\\u0430\\u043d \\u0432 \\u0440\\u0435\\u0439\\u0434\\u0435\", \"object\": \"Clan: Debiki \\u0423\\u0440. 1 | Boss: Name: \\u041a\\u0430\\u043c\\u0435\\u043d\\u043d\\u044b\\u0439 \\u0413\\u043e\\u043b\\u0435\\u043c | Required Power: 300 | Respawn: 2024-04-11 03:05:31+03:00\"}}]"
 }
},
{
 "model": "admin.logentry",
 "pk": 348,
 "fields": {
  "action_time": "2024-04-10T10:00:14.820Z",
  "user": 1,
  "content_type": 33,
  "object_id": "1",
  "object_repr": "Мастер Создания Ур. 1",
  "action_flag": 2,
  "change_message": "[{\"changed\": {\"fields\": [\"\\u041e\\u043f\\u0438\\u0441\\u0430\\u043d\\u0438\\u0435\"]}}]"
 }
},
{
 "model": "admin.logentry",
 "pk": 349,
 "fields": {
  "action_time": "2024-04-10T10:00:19.528Z",
  "user": 1,
  "content_type": 33,
  "object_id": "2",
  "object_repr": "Мастер Создания Ур. 2",
  "action_flag": 2,
  "change_message": "[{\"changed\": {\"fields\": [\"\\u041e\\u043f\\u0438\\u0441\\u0430\\u043d\\u0438\\u0435\"]}}]"
 }
},
{
 "model": "admin.logentry",
 "pk": 350,
 "fields": {
  "action_time": "2024-04-10T15:59:48.526Z",
  "user": 1,
  "content_type": 47,
  "object_id": "1",
  "object_repr": "Name: Железный Голем | Required Power: 100 | Respawn: 2024-04-10 18:54:30+03:00",
  "action_flag": 1,
  "change_message": "[{\"added\": {}}, {\"added\": {\"name\": \"\\u0422\\u0440\\u043e\\u0444\\u0435\\u0439 \\u0441 \\u0431\\u043e\\u0441\\u0441\\u0430\", \"object\": \"\\ud83d\\udce6\\u041c\\u0435\\u0448\\u043e\\u043a \\u0441 \\u0422\\u0430\\u043b\\u0438\\u0441\\u043c\\u0430\\u043d\\u043e\\u043c (\\u041e\\u0431\\u044b\\u0447\\u043d\\u044b\\u0439) 100.0\"}}, {\"added\": {\"name\": \"\\u0422\\u0440\\u043e\\u0444\\u0435\\u0439 \\u0441 \\u0431\\u043e\\u0441\\u0441\\u0430\", \"object\": \"\\ud83d\\udce6\\u041c\\u0435\\u0448\\u043e\\u043a \\u0441\\u043e \\u0421\\u0432\\u0438\\u0442\\u043a\\u043e\\u043c (\\u041e\\u0431\\u044b\\u0447\\u043d\\u044b\\u0439) 100.0\"}}, {\"added\": {\"name\": \"\\u0422\\u0440\\u043e\\u0444\\u0435\\u0439 \\u0441 \\u0431\\u043e\\u0441\\u0441\\u0430\", \"object\": \"\\ud83d\\udce6\\u041c\\u0435\\u0448\\u043e\\u043a \\u0441 \\u0411\\u0440\\u043e\\u043d\\u0435\\u0439 (\\u0423\\u0440\\u043e\\u0432\\u0435\\u043d\\u044c 2) 50.0\"}}, {\"added\": {\"name\": \"\\u0422\\u0440\\u043e\\u0444\\u0435\\u0439 \\u0441 \\u0431\\u043e\\u0441\\u0441\\u0430\", \"object\": \"\\ud83d\\udce6\\u041c\\u0435\\u0448\\u043e\\u043a \\u0441 \\u041e\\u0440\\u0443\\u0436\\u0438\\u0435\\u043c (\\u0423\\u0440\\u043e\\u0432\\u0435\\u043d\\u044c 2) 50.0\"}}]"
 }
},
{
 "model": "admin.logentry",
 "pk": 351,
 "fields": {
  "action_time": "2024-04-10T16:00:09.747Z",
  "user": 1,
  "content_type": 47,
  "object_id": "1",
  "object_repr": "Name: Железный Голем | Required Power: 150 | Respawn: 2024-04-10 18:54:30+03:00",
  "action_flag": 2,
  "change_message": "[{\"changed\": {\"fields\": [\"\\u041d\\u0435\\u043e\\u0431\\u0445\\u043e\\u0434\\u0438\\u043c\\u0430\\u044f \\u0441\\u0438\\u043b\\u0430 \\u043f\\u0435\\u0440\\u0441\\u043e\\u043d\\u0430\\u0436\\u0430\"]}}]"
 }
},
{
 "model": "admin.logentry",
 "pk": 352,
 "fields": {
  "action_time": "2024-04-10T16:00:31.438Z",
  "user": 1,
  "content_type": 47,
  "object_id": "1",
  "object_repr": "Name: Железный Голем | Required Power: 150 | Respawn: 2024-04-10 18:54:30+03:00",
  "action_flag": 2,
  "change_message": "[]"
 }
},
{
 "model": "admin.logentry",
 "pk": 353,
 "fields": {
  "action_time": "2024-04-10T16:02:46.993Z",
  "user": 1,
  "content_type": 47,
  "object_id": "2",
  "object_repr": "Name: Древний Призрак | Required Power: 130 | Respawn: 2024-04-10 19:00:42+03:00",
  "action_flag": 1,
  "change_message": "[{\"added\": {}}, {\"added\": {\"name\": \"\\u0422\\u0440\\u043e\\u0444\\u0435\\u0439 \\u0441 \\u0431\\u043e\\u0441\\u0441\\u0430\", \"object\": \"\\ud83d\\udce6\\u041c\\u0435\\u0448\\u043e\\u043a \\u0441 \\u0422\\u0430\\u043b\\u0438\\u0441\\u043c\\u0430\\u043d\\u043e\\u043c (\\u041e\\u0431\\u044b\\u0447\\u043d\\u044b\\u0439) 100.0\"}}, {\"added\": {\"name\": \"\\u0422\\u0440\\u043e\\u0444\\u0435\\u0439 \\u0441 \\u0431\\u043e\\u0441\\u0441\\u0430\", \"object\": \"\\ud83d\\udce6\\u041c\\u0435\\u0448\\u043e\\u043a \\u0441\\u043e \\u0421\\u0432\\u0438\\u0442\\u043a\\u043e\\u043c (\\u041e\\u0431\\u044b\\u0447\\u043d\\u044b\\u0439) 100.0\"}}, {\"added\": {\"name\": \"\\u0422\\u0440\\u043e\\u0444\\u0435\\u0439 \\u0441 \\u0431\\u043e\\u0441\\u0441\\u0430\", \"object\": \"\\ud83d\\udce6\\u041c\\u0435\\u0448\\u043e\\u043a \\u0441 \\u0411\\u0440\\u043e\\u043d\\u0435\\u0439 (\\u0423\\u0440\\u043e\\u0432\\u0435\\u043d\\u044c 2) 50.0\"}}, {\"added\": {\"name\": \"\\u0422\\u0440\\u043e\\u0444\\u0435\\u0439 \\u0441 \\u0431\\u043e\\u0441\\u0441\\u0430\", \"object\": \"\\ud83d\\udce6\\u041c\\u0435\\u0448\\u043e\\u043a \\u0441 \\u041e\\u0440\\u0443\\u0436\\u0438\\u0435\\u043c (\\u0423\\u0440\\u043e\\u0432\\u0435\\u043d\\u044c 2) 50.0\"}}]"
 }
},
{
 "model": "admin.logentry",
 "pk": 354,
 "fields": {
  "action_time": "2024-04-10T16:04:55.440Z",
  "user": 1,
  "content_type": 47,
  "object_id": "3",
  "object_repr": "Name: Повелитель Зомби | Required Power: 110 | Respawn: 2024-04-10 19:02:53+03:00",
  "action_flag": 1,
  "change_message": "[{\"added\": {}}, {\"added\": {\"name\": \"\\u0422\\u0440\\u043e\\u0444\\u0435\\u0439 \\u0441 \\u0431\\u043e\\u0441\\u0441\\u0430\", \"object\": \"\\ud83d\\udce6\\u041c\\u0435\\u0448\\u043e\\u043a \\u0441 \\u0422\\u0430\\u043b\\u0438\\u0441\\u043c\\u0430\\u043d\\u043e\\u043c (\\u041e\\u0431\\u044b\\u0447\\u043d\\u044b\\u0439) 100.0\"}}, {\"added\": {\"name\": \"\\u0422\\u0440\\u043e\\u0444\\u0435\\u0439 \\u0441 \\u0431\\u043e\\u0441\\u0441\\u0430\", \"object\": \"\\ud83d\\udce6\\u041c\\u0435\\u0448\\u043e\\u043a \\u0441\\u043e \\u0421\\u0432\\u0438\\u0442\\u043a\\u043e\\u043c (\\u041e\\u0431\\u044b\\u0447\\u043d\\u044b\\u0439) 100.0\"}}, {\"added\": {\"name\": \"\\u0422\\u0440\\u043e\\u0444\\u0435\\u0439 \\u0441 \\u0431\\u043e\\u0441\\u0441\\u0430\", \"object\": \"\\ud83d\\udce6\\u041c\\u0435\\u0448\\u043e\\u043a \\u0441 \\u0411\\u0440\\u043e\\u043d\\u0435\\u0439 (\\u0423\\u0440\\u043e\\u0432\\u0435\\u043d\\u044c 2) 50.0\"}}, {\"added\": {\"name\": \"\\u0422\\u0440\\u043e\\u0444\\u0435\\u0439 \\u0441 \\u0431\\u043e\\u0441\\u0441\\u0430\", \"object\": \"\\ud83d\\udce6\\u041c\\u0435\\u0448\\u043e\\u043a \\u0441 \\u041e\\u0440\\u0443\\u0436\\u0438\\u0435\\u043c (\\u0423\\u0440\\u043e\\u0432\\u0435\\u043d\\u044c 2) 50.0\"}}]"
 }
},
{
 "model": "admin.logentry",
 "pk": 355,
 "fields": {
  "action_time": "2024-04-10T16:11:55.505Z",
  "user": 1,
  "content_type": 47,
  "object_id": "2",
  "object_repr": "Name: Древний Призрак | Required Power: 130 | Respawn: 2024-04-10 19:00:42+03:00",
  "action_flag": 2,
  "change_message": "[]"
 }
},
{
 "model": "admin.logentry",
 "pk": 356,
 "fields": {
  "action_time": "2024-04-10T16:13:18.354Z",
  "user": 1,
  "content_type": 47,
  "object_id": "4",
  "object_repr": "Name: Король Орков | Required Power: 90 | Respawn: 2024-04-10 19:12:03+03:00",
  "action_flag": 1,
  "change_message": "[{\"added\": {}}, {\"added\": {\"name\": \"\\u0422\\u0440\\u043e\\u0444\\u0435\\u0439 \\u0441 \\u0431\\u043e\\u0441\\u0441\\u0430\", \"object\": \"\\ud83d\\udce6\\u041c\\u0435\\u0448\\u043e\\u043a \\u0441 \\u041a\\u043d\\u0438\\u0433\\u043e\\u0439 (\\u041e\\u0431\\u044b\\u0447\\u043d\\u044b\\u0439) 70.0\"}}, {\"added\": {\"name\": \"\\u0422\\u0440\\u043e\\u0444\\u0435\\u0439 \\u0441 \\u0431\\u043e\\u0441\\u0441\\u0430\", \"object\": \"\\ud83d\\udce6\\u041c\\u0435\\u0448\\u043e\\u043a \\u0441 \\u041e\\u0440\\u0443\\u0436\\u0438\\u0435\\u043c (\\u041e\\u0431\\u044b\\u0447\\u043d\\u044b\\u0439) 20.0\"}}, {\"added\": {\"name\": \"\\u0422\\u0440\\u043e\\u0444\\u0435\\u0439 \\u0441 \\u0431\\u043e\\u0441\\u0441\\u0430\", \"object\": \"\\ud83d\\udce6\\u041c\\u0435\\u0448\\u043e\\u043a \\u0441 \\u0411\\u0440\\u043e\\u043d\\u0435\\u0439 (\\u041e\\u0431\\u044b\\u0447\\u043d\\u044b\\u0439) 20.0\"}}]"
 }
},
{
 "model": "admin.logentry",
 "pk": 357,
 "fields": {
  "action_time": "2024-04-10T17:47:24.653Z",
  "user": 1,
  "content_type": 24,
  "object_id": "1",
  "object_repr": "waca | Level: 1 | Attack : 150 | Defence: 100",
  "action_flag": 2,
  "change_message": "[{\"changed\": {\"fields\": [\"\\u0410\\u0442\\u0430\\u043a\\u0430\", \"\\u0417\\u0430\\u0449\\u0438\\u0442\\u0430\"]}}]"
 }
},
{
 "model": "admin.logentry",
 "pk": 358,
 "fields": {
  "action_time": "2024-04-10T17:47:36.815Z",
  "user": 1,
  "content_type": 47,
  "object_id": "1",
  "object_repr": "Name: Железный Голем | Required Power: 150 | Respawn: 2024-04-10 21:47:33+03:00",
  "action_flag": 2,
  "change_message": "[{\"changed\": {\"fields\": [\"\\u0412\\u0440\\u0435\\u043c\\u044f \\u0420\\u0435\\u0441\\u043f\\u0430\\u0443\\u043d\\u0430\"]}}]"
 }
},
{
 "model": "admin.logentry",
 "pk": 359,
 "fields": {
  "action_time": "2024-04-10T17:49:02.722Z",
  "user": 1,
  "content_type": 47,
  "object_id": "1",
  "object_repr": "Name: Железный Голем | Required Power: 150 | Respawn: 2024-04-10 20:49:01+03:00",
  "action_flag": 2,
  "change_message": "[{\"changed\": {\"fields\": [\"\\u0412\\u0440\\u0435\\u043c\\u044f \\u0420\\u0435\\u0441\\u043f\\u0430\\u0443\\u043d\\u0430\"]}}]"
 }
},
{
 "model": "admin.logentry",
 "pk": 360,
 "fields": {
  "action_time": "2024-04-10T17:52:38.836Z",
  "user": 1,
  "content_type": 47,
  "object_id": "1",
  "object_repr": "Name: Железный Голем | Required Power: 150 | Respawn: 2024-04-10 20:52:37+03:00",
  "action_flag": 2,
  "change_message": "[{\"changed\": {\"fields\": [\"\\u0412\\u0440\\u0435\\u043c\\u044f \\u0420\\u0435\\u0441\\u043f\\u0430\\u0443\\u043d\\u0430\"]}}]"
 }
},
{
 "model": "admin.logentry",
 "pk": 361,
 "fields": {
  "action_time": "2024-04-10T17:54:14.432Z",
  "user": 1,
  "content_type": 47,
  "object_id": "4",
  "object_repr": "Name: Король Орков | Required Power: 90 | Respawn: 2024-04-10 22:54:07+03:00",
  "action_flag": 2,
  "change_message": "[{\"changed\": {\"fields\": [\"\\u0412\\u0440\\u0435\\u043c\\u044f \\u0420\\u0435\\u0441\\u043f\\u0430\\u0443\\u043d\\u0430\"]}}]"
 }
},
{
 "model": "admin.logentry",
 "pk": 362,
 "fields": {
  "action_time": "2024-04-10T17:54:19.586Z",
  "user": 1,
  "content_type": 47,
  "object_id": "3",
  "object_repr": "Name: Повелитель Зомби | Required Power: 110 | Respawn: 2024-04-10 22:54:17+03:00",
  "action_flag": 2,
  "change_message": "[{\"changed\": {\"fields\": [\"\\u0412\\u0440\\u0435\\u043c\\u044f \\u0420\\u0435\\u0441\\u043f\\u0430\\u0443\\u043d\\u0430\"]}}]"
 }
},
{
 "model": "admin.logentry",
 "pk": 363,
 "fields": {
  "action_time": "2024-04-10T17:54:26.777Z",
  "user": 1,
  "content_type": 47,
  "object_id": "2",
  "object_repr": "Name: Древний Призрак | Required Power: 130 | Respawn: 2024-04-10 22:54:22+03:00",
  "action_flag": 2,
  "change_message": "[{\"changed\": {\"fields\": [\"\\u0412\\u0440\\u0435\\u043c\\u044f \\u0420\\u0435\\u0441\\u043f\\u0430\\u0443\\u043d\\u0430\"]}}]"
 }
},
{
 "model": "admin.logentry",
 "pk": 364,
 "fields": {
  "action_time": "2024-04-10T17:54:32.987Z",
  "user": 1,
  "content_type": 47,
  "object_id": "1",
  "object_repr": "Name: Железный Голем | Required Power: 150 | Respawn: 2024-04-10 22:54:29+03:00",
  "action_flag": 2,
  "change_message": "[{\"changed\": {\"fields\": [\"\\u0412\\u0440\\u0435\\u043c\\u044f \\u0420\\u0435\\u0441\\u043f\\u0430\\u0443\\u043d\\u0430\"]}}]"
 }
},
{
 "model": "admin.logentry",
 "pk": 365,
 "fields": {
  "action_time": "2024-04-10T17:54:38.952Z",
  "user": 1,
  "content_type": 47,
  "object_id": "4",
  "object_repr": "Name: Король Орков | Required Power: 90 | Respawn: 2024-04-10 22:23:07+03:00",
  "action_flag": 2,
  "change_message": "[{\"changed\": {\"fields\": [\"\\u0412\\u0440\\u0435\\u043c\\u044f \\u0420\\u0435\\u0441\\u043f\\u0430\\u0443\\u043d\\u0430\"]}}]"
 }
},
{
 "model": "admin.logentry",
 "pk": 366,
 "fields": {
  "action_time": "2024-04-10T17:54:44.802Z",
  "user": 1,
  "content_type": 47,
  "object_id": "3",
  "object_repr": "Name: Повелитель Зомби | Required Power: 110 | Respawn: 2024-04-10 22:37:17+03:00",
  "action_flag": 2,
  "change_message": "[{\"changed\": {\"fields\": [\"\\u0412\\u0440\\u0435\\u043c\\u044f \\u0420\\u0435\\u0441\\u043f\\u0430\\u0443\\u043d\\u0430\"]}}]"
 }
},
{
 "model": "admin.logentry",
 "pk": 367,
 "fields": {
  "action_time": "2024-04-11T05:22:17.834Z",
  "user": 1,
  "content_type": 20,
  "object_id": "61",
  "object_repr": "Рецепт: Браслет (60%) (Ур. 2)",
  "action_flag": 2,
  "change_message": "[{\"changed\": {\"name\": \"\\u041f\\u0440\\u0435\\u0434\\u043c\\u0435\\u0442 \\u0438\\u0437\\u0433\\u043e\\u0442\\u043e\\u0432\\u043b\\u0435\\u043d\\u0438\", \"object\": \"\\u0420\\u0435\\u0446\\u0435\\u043f\\u0442: \\u0411\\u0440\\u0430\\u0441\\u043b\\u0435\\u0442 (60%) (\\u0423\\u0440. 2) | \\u041e\\u0441\\u043a\\u043e\\u043b\\u043e\\u043a \\u0411\\u0440\\u0430\\u0441\\u043b\\u0435\\u0442\\u0430\", \"fields\": [\"\\u041a\\u043e\\u043b\\u0438\\u0447\\u0435\\u0441\\u0442\\u0432\\u043e\"]}}, {\"changed\": {\"name\": \"\\u041f\\u0440\\u0435\\u0434\\u043c\\u0435\\u0442 \\u0438\\u0437\\u0433\\u043e\\u0442\\u043e\\u0432\\u043b\\u0435\\u043d\\u0438\", \"object\": \"\\u0420\\u0435\\u0446\\u0435\\u043f\\u0442: \\u0411\\u0440\\u0430\\u0441\\u043b\\u0435\\u0442 (60%) (\\u0423\\u0440. 2) | \\u041a\\u0430\\u0447\\u0435\\u0441\\u0442\\u0432\\u0435\\u043d\\u043d\\u043e\\u0435 \\u0416\\u0435\\u043b\\u0435\\u0437\\u043e\", \"fields\": [\"\\u041a\\u043e\\u043b\\u0438\\u0447\\u0435\\u0441\\u0442\\u0432\\u043e\"]}}, {\"changed\": {\"name\": \"\\u041f\\u0440\\u0435\\u0434\\u043c\\u0435\\u0442 \\u0438\\u0437\\u0433\\u043e\\u0442\\u043e\\u0432\\u043b\\u0435\\u043d\\u0438\", \"object\": \"\\u0420\\u0435\\u0446\\u0435\\u043f\\u0442: \\u0411\\u0440\\u0430\\u0441\\u043b\\u0435\\u0442 (60%) (\\u0423\\u0440. 2) | \\u041a\\u0430\\u0447\\u0435\\u0441\\u0442\\u0432\\u0435\\u043d\\u043d\\u0430\\u044f \\u041a\\u043e\\u0436\\u0430\", \"fields\": [\"\\u041a\\u043e\\u043b\\u0438\\u0447\\u0435\\u0441\\u0442\\u0432\\u043e\"]}}]"
 }
},
{
 "model": "admin.logentry",
 "pk": 368,
 "fields": {
  "action_time": "2024-04-11T05:22:50.009Z",
  "user": 1,
  "content_type": 10,
  "object_id": "9",
  "object_repr": "Мешок с Талисманом (Обычный)",
  "action_flag": 2,
  "change_message": "[{\"changed\": {\"name\": \"\\u041f\\u0440\\u0435\\u0434\\u043c\\u0435\\u0442 \\u0432 \\u043c\\u0435\\u0448\\u043a\\u0435\", \"object\": \"Bag: \\u041c\\u0435\\u0448\\u043e\\u043a \\u0441 \\u0422\\u0430\\u043b\\u0438\\u0441\\u043c\\u0430\\u043d\\u043e\\u043c (\\u041e\\u0431\\u044b\\u0447\\u043d\\u044b\\u0439) | Item: \\u041e\\u0441\\u043a\\u043e\\u043b\\u043e\\u043a \\u0422\\u0430\\u043b\\u0438\\u0441\\u043c\\u0430\\u043d\\u0430 | Chance: 120%\", \"fields\": [\"\\u041a\\u043e\\u043b\\u0438\\u0447\\u0435\\u0441\\u0442\\u0432\\u043e \\u0432 \\u043c\\u0435\\u0448\\u043a\\u0435\"]}}]"
 }
},
{
 "model": "admin.logentry",
 "pk": 369,
 "fields": {
  "action_time": "2024-04-11T05:23:01.805Z",
  "user": 1,
  "content_type": 10,
  "object_id": "8",
  "object_repr": "Мешок со Свитком (Обычный)",
  "action_flag": 2,
  "change_message": "[{\"changed\": {\"name\": \"\\u041f\\u0440\\u0435\\u0434\\u043c\\u0435\\u0442 \\u0432 \\u043c\\u0435\\u0448\\u043a\\u0435\", \"object\": \"Bag: \\u041c\\u0435\\u0448\\u043e\\u043a \\u0441\\u043e \\u0421\\u0432\\u0438\\u0442\\u043a\\u043e\\u043c (\\u041e\\u0431\\u044b\\u0447\\u043d\\u044b\\u0439) | Item: \\u041e\\u0442\\u043e\\u0440\\u0432\\u0430\\u043d\\u043d\\u0430\\u044f \\u0447\\u0430\\u0441\\u0442\\u044c \\u0421\\u0432\\u0438\\u0442\\u043a\\u0430 | Chance: 120%\", \"fields\": [\"\\u041a\\u043e\\u043b\\u0438\\u0447\\u0435\\u0441\\u0442\\u0432\\u043e \\u0432 \\u043c\\u0435\\u0448\\u043a\\u0435\"]}}]"
 }
},
{
 "model": "admin.logentry",
 "pk": 370,
 "fields": {
  "action_time": "2024-04-11T05:23:26.133Z",
  "user": 1,
  "content_type": 20,
  "object_id": "43",
  "object_repr": "Рецепт: Талисман (60%) (Ур. 2)",
  "action_flag": 2,
  "change_message": "[{\"changed\": {\"fields\": [\"\\u0428\\u0430\\u043d\\u0441 \\u0438\\u0437\\u0433\\u043e\\u0442\\u043e\\u0432\\u043b\\u0435\\u043d\\u0438\\u044f\"]}}, {\"changed\": {\"name\": \"\\u041f\\u0440\\u0435\\u0434\\u043c\\u0435\\u0442 \\u0438\\u0437\\u0433\\u043e\\u0442\\u043e\\u0432\\u043b\\u0435\\u043d\\u0438\", \"object\": \"\\u0420\\u0435\\u0446\\u0435\\u043f\\u0442: \\u0422\\u0430\\u043b\\u0438\\u0441\\u043c\\u0430\\u043d (60%) (\\u0423\\u0440. 2) | \\u041e\\u0441\\u043a\\u043e\\u043b\\u043e\\u043a \\u0422\\u0430\\u043b\\u0438\\u0441\\u043c\\u0430\\u043d\\u0430\", \"fields\": [\"\\u041a\\u043e\\u043b\\u0438\\u0447\\u0435\\u0441\\u0442\\u0432\\u043e\"]}}]"
 }
},
{
 "model": "admin.logentry",
 "pk": 371,
 "fields": {
  "action_time": "2024-04-11T05:23:40.210Z",
  "user": 1,
  "content_type": 20,
  "object_id": "44",
  "object_repr": "Рецепт: Свиток (60%) (Ур. 2)",
  "action_flag": 2,
  "change_message": "[{\"changed\": {\"fields\": [\"\\u0428\\u0430\\u043d\\u0441 \\u0438\\u0437\\u0433\\u043e\\u0442\\u043e\\u0432\\u043b\\u0435\\u043d\\u0438\\u044f\"]}}, {\"changed\": {\"name\": \"\\u041f\\u0440\\u0435\\u0434\\u043c\\u0435\\u0442 \\u0438\\u0437\\u0433\\u043e\\u0442\\u043e\\u0432\\u043b\\u0435\\u043d\\u0438\", \"object\": \"\\u0420\\u0435\\u0446\\u0435\\u043f\\u0442: \\u0421\\u0432\\u0438\\u0442\\u043e\\u043a (60%) (\\u0423\\u0440. 2) | \\u041e\\u0442\\u043e\\u0440\\u0432\\u0430\\u043d\\u043d\\u0430\\u044f \\u0447\\u0430\\u0441\\u0442\\u044c \\u0421\\u0432\\u0438\\u0442\\u043a\\u0430\", \"fields\": [\"\\u041a\\u043e\\u043b\\u0438\\u0447\\u0435\\u0441\\u0442\\u0432\\u043e\"]}}]"
 }
},
{
 "model": "admin.logentry",
 "pk": 372,
 "fields": {
  "action_time": "2024-04-11T05:24:07.045Z",
  "user": 1,
  "content_type": 44,
  "object_id": "5",
  "object_repr": "Seller: waca | Level: 1 | Attack : 150 | Defence: 100 | Recipe: Рецепт: Посох Ученика (100%) (Ур. 1) | Price: 200",
  "action_flag": 3,
  "change_message": ""
 }
},
{
 "model": "admin.logentry",
 "pk": 373,
 "fields": {
  "action_time": "2024-04-11T05:24:07.116Z",
  "user": 1,
  "content_type": 44,
  "object_id": "4",
  "object_repr": "Seller: waca | Level: 1 | Attack : 150 | Defence: 100 | Recipe: Рецепт: Железный Меч (60%) (Ур. 2) | Price: 100",
  "action_flag": 3,
  "change_message": ""
 }
},
{
 "model": "admin.logentry",
 "pk": 374,
 "fields": {
  "action_time": "2024-04-12T16:41:10.168Z",
  "user": 1,
  "content_type": 20,
  "object_id": "91",
  "object_repr": "Рецепт: Магический Жезл (60%) (Ур. 2)",
  "action_flag": 2,
  "change_message": "[{\"changed\": {\"name\": \"\\u041f\\u0440\\u0435\\u0434\\u043c\\u0435\\u0442 \\u0438\\u0437\\u0433\\u043e\\u0442\\u043e\\u0432\\u043b\\u0435\\u043d\\u0438\", \"object\": \"\\u0420\\u0435\\u0446\\u0435\\u043f\\u0442: \\u041c\\u0430\\u0433\\u0438\\u0447\\u0435\\u0441\\u043a\\u0438\\u0439 \\u0416\\u0435\\u0437\\u043b (60%) (\\u0423\\u0440. 2) | \\u041a\\u0430\\u0447\\u0435\\u0441\\u0442\\u0432\\u0435\\u043d\\u043d\\u043e\\u0435 \\u0416\\u0435\\u043b\\u0435\\u0437\\u043e\", \"fields\": [\"\\u041a\\u043e\\u043b\\u0438\\u0447\\u0435\\u0441\\u0442\\u0432\\u043e\"]}}, {\"changed\": {\"name\": \"\\u041f\\u0440\\u0435\\u0434\\u043c\\u0435\\u0442 \\u0438\\u0437\\u0433\\u043e\\u0442\\u043e\\u0432\\u043b\\u0435\\u043d\\u0438\", \"object\": \"\\u0420\\u0435\\u0446\\u0435\\u043f\\u0442: \\u041c\\u0430\\u0433\\u0438\\u0447\\u0435\\u0441\\u043a\\u0438\\u0439 \\u0416\\u0435\\u0437\\u043b (60%) (\\u0423\\u0440. 2) | \\u041a\\u0430\\u0447\\u0435\\u0441\\u0442\\u0432\\u0435\\u043d\\u043d\\u0430\\u044f \\u0414\\u0440\\u0435\\u0432\\u0435\\u0441\\u0438\\u043d\\u0430\", \"fields\": [\"\\u041a\\u043e\\u043b\\u0438\\u0447\\u0435\\u0441\\u0442\\u0432\\u043e\"]}}, {\"changed\": {\"name\": \"\\u041f\\u0440\\u0435\\u0434\\u043c\\u0435\\u0442 \\u0438\\u0437\\u0433\\u043e\\u0442\\u043e\\u0432\\u043b\\u0435\\u043d\\u0438\", \"object\": \"\\u0420\\u0435\\u0446\\u0435\\u043f\\u0442: \\u041c\\u0430\\u0433\\u0438\\u0447\\u0435\\u0441\\u043a\\u0438\\u0439 \\u0416\\u0435\\u0437\\u043b (60%) (\\u0423\\u0440. 2) | \\u041a\\u0430\\u0447\\u0435\\u0441\\u0442\\u0432\\u0435\\u043d\\u043d\\u0430\\u044f \\u041a\\u043e\\u0436\\u0430\", \"fields\": [\"\\u041a\\u043e\\u043b\\u0438\\u0447\\u0435\\u0441\\u0442\\u0432\\u043e\"]}}, {\"changed\": {\"name\": \"\\u041f\\u0440\\u0435\\u0434\\u043c\\u0435\\u0442 \\u0438\\u0437\\u0433\\u043e\\u0442\\u043e\\u0432\\u043b\\u0435\\u043d\\u0438\", \"object\": \"\\u0420\\u0435\\u0446\\u0435\\u043f\\u0442: \\u041c\\u0430\\u0433\\u0438\\u0447\\u0435\\u0441\\u043a\\u0438\\u0439 \\u0416\\u0435\\u0437\\u043b (60%) (\\u0423\\u0440. 2) | \\u041e\\u0441\\u043a\\u043e\\u043b\\u043e\\u043a \\u041c\\u0430\\u0433\\u0438\\u0447\\u0435\\u0441\\u043a\\u043e\\u0433\\u043e \\u0416\\u0435\\u0437\\u043b\\u0430\", \"fields\": [\"\\u041a\\u043e\\u043b\\u0438\\u0447\\u0435\\u0441\\u0442\\u0432\\u043e\"]}}]"
 }
},
{
 "model": "admin.logentry",
 "pk": 375,
 "fields": {
  "action_time": "2024-04-12T16:41:34.840Z",
  "user": 1,
  "content_type": 20,
  "object_id": "89",
  "object_repr": "Рецепт: Железная Дубина (60%) (Ур. 2)",
  "action_flag": 2,
  "change_message": "[{\"changed\": {\"name\": \"\\u041f\\u0440\\u0435\\u0434\\u043c\\u0435\\u0442 \\u0438\\u0437\\u0433\\u043e\\u0442\\u043e\\u0432\\u043b\\u0435\\u043d\\u0438\", \"object\": \"\\u0420\\u0435\\u0446\\u0435\\u043f\\u0442: \\u0416\\u0435\\u043b\\u0435\\u0437\\u043d\\u0430\\u044f \\u0414\\u0443\\u0431\\u0438\\u043d\\u0430 (60%) (\\u0423\\u0440. 2) | \\u041a\\u0430\\u0447\\u0435\\u0441\\u0442\\u0432\\u0435\\u043d\\u043d\\u043e\\u0435 \\u0416\\u0435\\u043b\\u0435\\u0437\\u043e\", \"fields\": [\"\\u041f\\u0440\\u0435\\u0434\\u043c\\u0435\\u0442\", \"\\u041a\\u043e\\u043b\\u0438\\u0447\\u0435\\u0441\\u0442\\u0432\\u043e\"]}}, {\"changed\": {\"name\": \"\\u041f\\u0440\\u0435\\u0434\\u043c\\u0435\\u0442 \\u0438\\u0437\\u0433\\u043e\\u0442\\u043e\\u0432\\u043b\\u0435\\u043d\\u0438\", \"object\": \"\\u0420\\u0435\\u0446\\u0435\\u043f\\u0442: \\u0416\\u0435\\u043b\\u0435\\u0437\\u043d\\u0430\\u044f \\u0414\\u0443\\u0431\\u0438\\u043d\\u0430 (60%) (\\u0423\\u0440. 2) | \\u041a\\u0430\\u0447\\u0435\\u0441\\u0442\\u0432\\u0435\\u043d\\u043d\\u0430\\u044f \\u041a\\u043e\\u0436\\u0430\", \"fields\": [\"\\u041a\\u043e\\u043b\\u0438\\u0447\\u0435\\u0441\\u0442\\u0432\\u043e\"]}}, {\"changed\": {\"name\": \"\\u041f\\u0440\\u0435\\u0434\\u043c\\u0435\\u0442 \\u0438\\u0437\\u0433\\u043e\\u0442\\u043e\\u0432\\u043b\\u0435\\u043d\\u0438\", \"object\": \"\\u0420\\u0435\\u0446\\u0435\\u043f\\u0442: \\u0416\\u0435\\u043b\\u0435\\u0437\\u043d\\u0430\\u044f \\u0414\\u0443\\u0431\\u0438\\u043d\\u0430 (60%) (\\u0423\\u0440. 2) | \\u041e\\u0441\\u043a\\u043e\\u043b\\u043e\\u043a \\u0416\\u0435\\u043b\\u0435\\u0437\\u043d\\u043e\\u0439 \\u0414\\u0443\\u0431\\u0438\\u043d\\u044b\", \"fields\": [\"\\u041a\\u043e\\u043b\\u0438\\u0447\\u0435\\u0441\\u0442\\u0432\\u043e\"]}}]"
 }
},
{
 "model": "admin.logentry",
 "pk": 376,
 "fields": {
  "action_time": "2024-04-12T16:41:43.360Z",
  "user": 1,
  "content_type": 20,
  "object_id": "87",
  "object_repr": "Рецепт: Железный Кинжал (60%) (Ур. 2)",
  "action_flag": 2,
  "change_message": "[{\"changed\": {\"name\": \"\\u041f\\u0440\\u0435\\u0434\\u043c\\u0435\\u0442 \\u0438\\u0437\\u0433\\u043e\\u0442\\u043e\\u0432\\u043b\\u0435\\u043d\\u0438\", \"object\": \"\\u0420\\u0435\\u0446\\u0435\\u043f\\u0442: \\u0416\\u0435\\u043b\\u0435\\u0437\\u043d\\u044b\\u0439 \\u041a\\u0438\\u043d\\u0436\\u0430\\u043b (60%) (\\u0423\\u0440. 2) | \\u041a\\u0430\\u0447\\u0435\\u0441\\u0442\\u0432\\u0435\\u043d\\u043d\\u043e\\u0435 \\u0416\\u0435\\u043b\\u0435\\u0437\\u043e\", \"fields\": [\"\\u041a\\u043e\\u043b\\u0438\\u0447\\u0435\\u0441\\u0442\\u0432\\u043e\"]}}, {\"changed\": {\"name\": \"\\u041f\\u0440\\u0435\\u0434\\u043c\\u0435\\u0442 \\u0438\\u0437\\u0433\\u043e\\u0442\\u043e\\u0432\\u043b\\u0435\\u043d\\u0438\", \"object\": \"\\u0420\\u0435\\u0446\\u0435\\u043f\\u0442: \\u0416\\u0435\\u043b\\u0435\\u0437\\u043d\\u044b\\u0439 \\u041a\\u0438\\u043d\\u0436\\u0430\\u043b (60%) (\\u0423\\u0440. 2) | \\u041a\\u0430\\u0447\\u0435\\u0441\\u0442\\u0432\\u0435\\u043d\\u043d\\u0430\\u044f \\u0414\\u0440\\u0435\\u0432\\u0435\\u0441\\u0438\\u043d\\u0430\", \"fields\": [\"\\u041a\\u043e\\u043b\\u0438\\u0447\\u0435\\u0441\\u0442\\u0432\\u043e\"]}}, {\"changed\": {\"name\": \"\\u041f\\u0440\\u0435\\u0434\\u043c\\u0435\\u0442 \\u0438\\u0437\\u0433\\u043e\\u0442\\u043e\\u0432\\u043b\\u0435\\u043d\\u0438\", \"object\": \"\\u0420\\u0435\\u0446\\u0435\\u043f\\u0442: \\u0416\\u0435\\u043b\\u0435\\u0437\\u043d\\u044b\\u0439 \\u041a\\u0438\\u043d\\u0436\\u0430\\u043b (60%) (\\u0423\\u0440. 2) | \\u041a\\u0430\\u0447\\u0435\\u0441\\u0442\\u0432\\u0435\\u043d\\u043d\\u0430\\u044f \\u041a\\u043e\\u0436\\u0430\", \"fields\": [\"\\u041a\\u043e\\u043b\\u0438\\u0447\\u0435\\u0441\\u0442\\u0432\\u043e\"]}}, {\"changed\": {\"name\": \"\\u041f\\u0440\\u0435\\u0434\\u043c\\u0435\\u0442 \\u0438\\u0437\\u0433\\u043e\\u0442\\u043e\\u0432\\u043b\\u0435\\u043d\\u0438\", \"object\": \"\\u0420\\u0435\\u0446\\u0435\\u043f\\u0442: \\u0416\\u0435\\u043b\\u0435\\u0437\\u043d\\u044b\\u0439 \\u041a\\u0438\\u043d\\u0436\\u0430\\u043b (60%) (\\u0423\\u0440. 2) | \\u041e\\u0441\\u043a\\u043e\\u043b\\u043e\\u043a \\u0416\\u0435\\u043b\\u0435\\u0437\\u043d\\u043e\\u0433\\u043e \\u041a\\u0438\\u043d\\u0436\\u0430\\u043b\\u0430\", \"fields\": [\"\\u041a\\u043e\\u043b\\u0438\\u0447\\u0435\\u0441\\u0442\\u0432\\u043e\"]}}]"
 }
},
{
 "model": "admin.logentry",
 "pk": 377,
 "fields": {
  "action_time": "2024-04-12T16:41:53.145Z",
  "user": 1,
  "content_type": 20,
  "object_id": "85",
  "object_repr": "Рецепт: Железный Меч (60%) (Ур. 2)",
  "action_flag": 2,
  "change_message": "[{\"changed\": {\"name\": \"\\u041f\\u0440\\u0435\\u0434\\u043c\\u0435\\u0442 \\u0438\\u0437\\u0433\\u043e\\u0442\\u043e\\u0432\\u043b\\u0435\\u043d\\u0438\", \"object\": \"\\u0420\\u0435\\u0446\\u0435\\u043f\\u0442: \\u0416\\u0435\\u043b\\u0435\\u0437\\u043d\\u044b\\u0439 \\u041c\\u0435\\u0447 (60%) (\\u0423\\u0440. 2) | \\u041a\\u0430\\u0447\\u0435\\u0441\\u0442\\u0432\\u0435\\u043d\\u043d\\u043e\\u0435 \\u0416\\u0435\\u043b\\u0435\\u0437\\u043e\", \"fields\": [\"\\u041a\\u043e\\u043b\\u0438\\u0447\\u0435\\u0441\\u0442\\u0432\\u043e\"]}}, {\"changed\": {\"name\": \"\\u041f\\u0440\\u0435\\u0434\\u043c\\u0435\\u0442 \\u0438\\u0437\\u0433\\u043e\\u0442\\u043e\\u0432\\u043b\\u0435\\u043d\\u0438\", \"object\": \"\\u0420\\u0435\\u0446\\u0435\\u043f\\u0442: \\u0416\\u0435\\u043b\\u0435\\u0437\\u043d\\u044b\\u0439 \\u041c\\u0435\\u0447 (60%) (\\u0423\\u0440. 2) | \\u041a\\u0430\\u0447\\u0435\\u0441\\u0442\\u0432\\u0435\\u043d\\u043d\\u0430\\u044f \\u0414\\u0440\\u0435\\u0432\\u0435\\u0441\\u0438\\u043d\\u0430\", \"fields\": [\"\\u041a\\u043e\\u043b\\u0438\\u0447\\u0435\\u0441\\u0442\\u0432\\u043e\"]}}, {\"changed\": {\"name\": \"\\u041f\\u0440\\u0435\\u0434\\u043c\\u0435\\u0442 \\u0438\\u0437\\u0433\\u043e\\u0442\\u043e\\u0432\\u043b\\u0435\\u043d\\u0438\", \"object\": \"\\u0420\\u0435\\u0446\\u0435\\u043f\\u0442: \\u0416\\u0435\\u043b\\u0435\\u0437\\u043d\\u044b\\u0439 \\u041c\\u0435\\u0447 (60%) (\\u0423\\u0440. 2) | \\u041e\\u0441\\u043a\\u043e\\u043b\\u043e\\u043a \\u0416\\u0435\\u043b\\u0435\\u0437\\u043d\\u043e\\u0433\\u043e \\u041c\\u0435\\u0447\\u0430\", \"fields\": [\"\\u041a\\u043e\\u043b\\u0438\\u0447\\u0435\\u0441\\u0442\\u0432\\u043e\"]}}]"
 }
},
{
 "model": "admin.logentry",
 "pk": 378,
 "fields": {
  "action_time": "2024-04-12T16:41:59.972Z",
  "user": 1,
  "content_type": 20,
  "object_id": "79",
  "object_repr": "Рецепт: Железная Броня (60%) (Ур. 2)",
  "action_flag": 2,
  "change_message": "[{\"changed\": {\"name\": \"\\u041f\\u0440\\u0435\\u0434\\u043c\\u0435\\u0442 \\u0438\\u0437\\u0433\\u043e\\u0442\\u043e\\u0432\\u043b\\u0435\\u043d\\u0438\", \"object\": \"\\u0420\\u0435\\u0446\\u0435\\u043f\\u0442: \\u0416\\u0435\\u043b\\u0435\\u0437\\u043d\\u0430\\u044f \\u0411\\u0440\\u043e\\u043d\\u044f (60%) (\\u0423\\u0440. 2) | \\u041a\\u0430\\u0447\\u0435\\u0441\\u0442\\u0432\\u0435\\u043d\\u043d\\u043e\\u0435 \\u0416\\u0435\\u043b\\u0435\\u0437\\u043e\", \"fields\": [\"\\u041a\\u043e\\u043b\\u0438\\u0447\\u0435\\u0441\\u0442\\u0432\\u043e\"]}}, {\"changed\": {\"name\": \"\\u041f\\u0440\\u0435\\u0434\\u043c\\u0435\\u0442 \\u0438\\u0437\\u0433\\u043e\\u0442\\u043e\\u0432\\u043b\\u0435\\u043d\\u0438\", \"object\": \"\\u0420\\u0435\\u0446\\u0435\\u043f\\u0442: \\u0416\\u0435\\u043b\\u0435\\u0437\\u043d\\u0430\\u044f \\u0411\\u0440\\u043e\\u043d\\u044f (60%) (\\u0423\\u0440. 2) | \\u041a\\u0430\\u0447\\u0435\\u0441\\u0442\\u0432\\u0435\\u043d\\u043d\\u0430\\u044f \\u041a\\u043e\\u0436\\u0430\", \"fields\": [\"\\u041a\\u043e\\u043b\\u0438\\u0447\\u0435\\u0441\\u0442\\u0432\\u043e\"]}}, {\"changed\": {\"name\": \"\\u041f\\u0440\\u0435\\u0434\\u043c\\u0435\\u0442 \\u0438\\u0437\\u0433\\u043e\\u0442\\u043e\\u0432\\u043b\\u0435\\u043d\\u0438\", \"object\": \"\\u0420\\u0435\\u0446\\u0435\\u043f\\u0442: \\u0416\\u0435\\u043b\\u0435\\u0437\\u043d\\u0430\\u044f \\u0411\\u0440\\u043e\\u043d\\u044f (60%) (\\u0423\\u0440. 2) | \\u0427\\u0430\\u0441\\u0442\\u044c \\u0416\\u0435\\u043b\\u0435\\u0437\\u043d\\u043e\\u0433\\u043e \\u0414\\u043e\\u0441\\u043f\\u0435\\u0445\\u0430\", \"fields\": [\"\\u041a\\u043e\\u043b\\u0438\\u0447\\u0435\\u0441\\u0442\\u0432\\u043e\"]}}]"
 }
},
{
 "model": "admin.logentry",
 "pk": 379,
 "fields": {
  "action_time": "2024-04-12T16:42:08.214Z",
  "user": 1,
  "content_type": 20,
  "object_id": "77",
  "object_repr": "Рецепт: Кожаный Доспех (60%) (Ур. 2)",
  "action_flag": 2,
  "change_message": "[{\"changed\": {\"name\": \"\\u041f\\u0440\\u0435\\u0434\\u043c\\u0435\\u0442 \\u0438\\u0437\\u0433\\u043e\\u0442\\u043e\\u0432\\u043b\\u0435\\u043d\\u0438\", \"object\": \"\\u0420\\u0435\\u0446\\u0435\\u043f\\u0442: \\u041a\\u043e\\u0436\\u0430\\u043d\\u044b\\u0439 \\u0414\\u043e\\u0441\\u043f\\u0435\\u0445 (60%) (\\u0423\\u0440. 2) | \\u041a\\u0430\\u0447\\u0435\\u0441\\u0442\\u0432\\u0435\\u043d\\u043d\\u0430\\u044f \\u041a\\u043e\\u0436\\u0430\", \"fields\": [\"\\u041a\\u043e\\u043b\\u0438\\u0447\\u0435\\u0441\\u0442\\u0432\\u043e\"]}}, {\"changed\": {\"name\": \"\\u041f\\u0440\\u0435\\u0434\\u043c\\u0435\\u0442 \\u0438\\u0437\\u0433\\u043e\\u0442\\u043e\\u0432\\u043b\\u0435\\u043d\\u0438\", \"object\": \"\\u0420\\u0435\\u0446\\u0435\\u043f\\u0442: \\u041a\\u043e\\u0436\\u0430\\u043d\\u044b\\u0439 \\u0414\\u043e\\u0441\\u043f\\u0435\\u0445 (60%) (\\u0423\\u0440. 2) | \\u041a\\u0430\\u0447\\u0435\\u0441\\u0442\\u0432\\u0435\\u043d\\u043d\\u0430\\u044f \\u0422\\u043a\\u0430\\u043d\\u044c\", \"fields\": [\"\\u041a\\u043e\\u043b\\u0438\\u0447\\u0435\\u0441\\u0442\\u0432\\u043e\"]}}, {\"changed\": {\"name\": \"\\u041f\\u0440\\u0435\\u0434\\u043c\\u0435\\u0442 \\u0438\\u0437\\u0433\\u043e\\u0442\\u043e\\u0432\\u043b\\u0435\\u043d\\u0438\", \"object\": \"\\u0420\\u0435\\u0446\\u0435\\u043f\\u0442: \\u041a\\u043e\\u0436\\u0430\\u043d\\u044b\\u0439 \\u0414\\u043e\\u0441\\u043f\\u0435\\u0445 (60%) (\\u0423\\u0440. 2) | \\u0427\\u0430\\u0441\\u0442\\u044c \\u041a\\u043e\\u0436\\u0430\\u043d\\u043e\\u0433\\u043e \\u0414\\u043e\\u0441\\u043f\\u0435\\u0445\\u0430\", \"fields\": [\"\\u041a\\u043e\\u043b\\u0438\\u0447\\u0435\\u0441\\u0442\\u0432\\u043e\"]}}]"
 }
},
{
 "model": "admin.logentry",
 "pk": 380,
 "fields": {
  "action_time": "2024-04-12T16:42:16.706Z",
  "user": 1,
  "content_type": 20,
  "object_id": "74",
  "object_repr": "Рецепт: Укрепленная Мантия (60%) (Ур. 2)",
  "action_flag": 2,
  "change_message": "[{\"changed\": {\"name\": \"\\u041f\\u0440\\u0435\\u0434\\u043c\\u0435\\u0442 \\u0438\\u0437\\u0433\\u043e\\u0442\\u043e\\u0432\\u043b\\u0435\\u043d\\u0438\", \"object\": \"\\u0420\\u0435\\u0446\\u0435\\u043f\\u0442: \\u0423\\u043a\\u0440\\u0435\\u043f\\u043b\\u0435\\u043d\\u043d\\u0430\\u044f \\u041c\\u0430\\u043d\\u0442\\u0438\\u044f (60%) (\\u0423\\u0440. 2) | \\u041a\\u0430\\u0447\\u0435\\u0441\\u0442\\u0432\\u0435\\u043d\\u043d\\u0430\\u044f \\u0422\\u043a\\u0430\\u043d\\u044c\", \"fields\": [\"\\u041a\\u043e\\u043b\\u0438\\u0447\\u0435\\u0441\\u0442\\u0432\\u043e\"]}}, {\"changed\": {\"name\": \"\\u041f\\u0440\\u0435\\u0434\\u043c\\u0435\\u0442 \\u0438\\u0437\\u0433\\u043e\\u0442\\u043e\\u0432\\u043b\\u0435\\u043d\\u0438\", \"object\": \"\\u0420\\u0435\\u0446\\u0435\\u043f\\u0442: \\u0423\\u043a\\u0440\\u0435\\u043f\\u043b\\u0435\\u043d\\u043d\\u0430\\u044f \\u041c\\u0430\\u043d\\u0442\\u0438\\u044f (60%) (\\u0423\\u0440. 2) | \\u041a\\u0430\\u0447\\u0435\\u0441\\u0442\\u0432\\u0435\\u043d\\u043d\\u0430\\u044f \\u041a\\u043e\\u0436\\u0430\", \"fields\": [\"\\u041a\\u043e\\u043b\\u0438\\u0447\\u0435\\u0441\\u0442\\u0432\\u043e\"]}}, {\"changed\": {\"name\": \"\\u041f\\u0440\\u0435\\u0434\\u043c\\u0435\\u0442 \\u0438\\u0437\\u0433\\u043e\\u0442\\u043e\\u0432\\u043b\\u0435\\u043d\\u0438\", \"object\": \"\\u0420\\u0435\\u0446\\u0435\\u043f\\u0442: \\u0423\\u043a\\u0440\\u0435\\u043f\\u043b\\u0435\\u043d\\u043d\\u0430\\u044f \\u041c\\u0430\\u043d\\u0442\\u0438\\u044f (60%) (\\u0423\\u0440. 2) | \\u0427\\u0430\\u0441\\u0442\\u044c \\u0423\\u043a\\u0440\\u0435\\u043f\\u043b\\u0435\\u043d\\u043d\\u043e\\u0439 \\u041c\\u0430\\u043d\\u0442\\u0438\\u0438\", \"fields\": [\"\\u041a\\u043e\\u043b\\u0438\\u0447\\u0435\\u0441\\u0442\\u0432\\u043e\"]}}]"
 }
},
{
 "model": "admin.logentry",
 "pk": 381,
 "fields": {
  "action_time": "2024-04-12T16:42:19.268Z",
  "user": 1,
  "content_type": 20,
  "object_id": "70",
  "object_repr": "Рецепт: Качественное Железо (100%) (Ур. 2)",
  "action_flag": 2,
  "change_message": "[]"
 }
},
{
 "model": "admin.logentry",
 "pk": 382,
 "fields": {
  "action_time": "2024-04-12T16:42:28.442Z",
  "user": 1,
  "content_type": 20,
  "object_id": "61",
  "object_repr": "Рецепт: Браслет (60%) (Ур. 2)",
  "action_flag": 2,
  "change_message": "[{\"changed\": {\"name\": \"\\u041f\\u0440\\u0435\\u0434\\u043c\\u0435\\u0442 \\u0438\\u0437\\u0433\\u043e\\u0442\\u043e\\u0432\\u043b\\u0435\\u043d\\u0438\", \"object\": \"\\u0420\\u0435\\u0446\\u0435\\u043f\\u0442: \\u0411\\u0440\\u0430\\u0441\\u043b\\u0435\\u0442 (60%) (\\u0423\\u0440. 2) | \\u041e\\u0441\\u043a\\u043e\\u043b\\u043e\\u043a \\u0411\\u0440\\u0430\\u0441\\u043b\\u0435\\u0442\\u0430\", \"fields\": [\"\\u041a\\u043e\\u043b\\u0438\\u0447\\u0435\\u0441\\u0442\\u0432\\u043e\"]}}, {\"changed\": {\"name\": \"\\u041f\\u0440\\u0435\\u0434\\u043c\\u0435\\u0442 \\u0438\\u0437\\u0433\\u043e\\u0442\\u043e\\u0432\\u043b\\u0435\\u043d\\u0438\", \"object\": \"\\u0420\\u0435\\u0446\\u0435\\u043f\\u0442: \\u0411\\u0440\\u0430\\u0441\\u043b\\u0435\\u0442 (60%) (\\u0423\\u0440. 2) | \\u041a\\u0430\\u0447\\u0435\\u0441\\u0442\\u0432\\u0435\\u043d\\u043d\\u043e\\u0435 \\u0416\\u0435\\u043b\\u0435\\u0437\\u043e\", \"fields\": [\"\\u041a\\u043e\\u043b\\u0438\\u0447\\u0435\\u0441\\u0442\\u0432\\u043e\"]}}, {\"changed\": {\"name\": \"\\u041f\\u0440\\u0435\\u0434\\u043c\\u0435\\u0442 \\u0438\\u0437\\u0433\\u043e\\u0442\\u043e\\u0432\\u043b\\u0435\\u043d\\u0438\", \"object\": \"\\u0420\\u0435\\u0446\\u0435\\u043f\\u0442: \\u0411\\u0440\\u0430\\u0441\\u043b\\u0435\\u0442 (60%) (\\u0423\\u0440. 2) | \\u041a\\u0430\\u0447\\u0435\\u0441\\u0442\\u0432\\u0435\\u043d\\u043d\\u0430\\u044f \\u041a\\u043e\\u0436\\u0430\", \"fields\": [\"\\u041a\\u043e\\u043b\\u0438\\u0447\\u0435\\u0441\\u0442\\u0432\\u043e\"]}}]"
 }
},
{
 "model": "admin.logentry",
 "pk": 383,
 "fields": {
  "action_time": "2024-04-12T16:43:15.231Z",
  "user": 1,
  "content_type": 10,
  "object_id": "94",
  "object_repr": "Мешок с Оружием (Уровень 2)",
  "action_flag": 2,
  "change_message": "[{\"changed\": {\"name\": \"\\u041f\\u0440\\u0435\\u0434\\u043c\\u0435\\u0442 \\u0432 \\u043c\\u0435\\u0448\\u043a\\u0435\", \"object\": \"Bag: \\u041c\\u0435\\u0448\\u043e\\u043a \\u0441 \\u041e\\u0440\\u0443\\u0436\\u0438\\u0435\\u043c (\\u0423\\u0440\\u043e\\u0432\\u0435\\u043d\\u044c 2) | Item: \\u041e\\u0441\\u043a\\u043e\\u043b\\u043e\\u043a \\u0416\\u0435\\u043b\\u0435\\u0437\\u043d\\u043e\\u0433\\u043e \\u041c\\u0435\\u0447\\u0430 | Chance: 150%\", \"fields\": [\"\\u041a\\u043e\\u043b\\u0438\\u0447\\u0435\\u0441\\u0442\\u0432\\u043e \\u0432 \\u043c\\u0435\\u0448\\u043a\\u0435\"]}}, {\"changed\": {\"name\": \"\\u041f\\u0440\\u0435\\u0434\\u043c\\u0435\\u0442 \\u0432 \\u043c\\u0435\\u0448\\u043a\\u0435\", \"object\": \"Bag: \\u041c\\u0435\\u0448\\u043e\\u043a \\u0441 \\u041e\\u0440\\u0443\\u0436\\u0438\\u0435\\u043c (\\u0423\\u0440\\u043e\\u0432\\u0435\\u043d\\u044c 2) | Item: \\u041e\\u0441\\u043a\\u043e\\u043b\\u043e\\u043a \\u0416\\u0435\\u043b\\u0435\\u0437\\u043d\\u043e\\u0433\\u043e \\u041a\\u0438\\u043d\\u0436\\u0430\\u043b\\u0430 | Chance: 150%\", \"fields\": [\"\\u041a\\u043e\\u043b\\u0438\\u0447\\u0435\\u0441\\u0442\\u0432\\u043e \\u0432 \\u043c\\u0435\\u0448\\u043a\\u0435\"]}}, {\"changed\": {\"name\": \"\\u041f\\u0440\\u0435\\u0434\\u043c\\u0435\\u0442 \\u0432 \\u043c\\u0435\\u0448\\u043a\\u0435\", \"object\": \"Bag: \\u041c\\u0435\\u0448\\u043e\\u043a \\u0441 \\u041e\\u0440\\u0443\\u0436\\u0438\\u0435\\u043c (\\u0423\\u0440\\u043e\\u0432\\u0435\\u043d\\u044c 2) | Item: \\u041e\\u0441\\u043a\\u043e\\u043b\\u043e\\u043a \\u0416\\u0435\\u043b\\u0435\\u0437\\u043d\\u043e\\u0439 \\u0414\\u0443\\u0431\\u0438\\u043d\\u044b | Chance: 150%\", \"fields\": [\"\\u041a\\u043e\\u043b\\u0438\\u0447\\u0435\\u0441\\u0442\\u0432\\u043e \\u0432 \\u043c\\u0435\\u0448\\u043a\\u0435\"]}}, {\"changed\": {\"name\": \"\\u041f\\u0440\\u0435\\u0434\\u043c\\u0435\\u0442 \\u0432 \\u043c\\u0435\\u0448\\u043a\\u0435\", \"object\": \"Bag: \\u041c\\u0435\\u0448\\u043e\\u043a \\u0441 \\u041e\\u0440\\u0443\\u0436\\u0438\\u0435\\u043c (\\u0423\\u0440\\u043e\\u0432\\u0435\\u043d\\u044c 2) | Item: \\u041e\\u0441\\u043a\\u043e\\u043b\\u043e\\u043a \\u041c\\u0430\\u0433\\u0438\\u0447\\u0435\\u0441\\u043a\\u043e\\u0433\\u043e \\u0416\\u0435\\u0437\\u043b\\u0430 | Chance: 150%\", \"fields\": [\"\\u041a\\u043e\\u043b\\u0438\\u0447\\u0435\\u0441\\u0442\\u0432\\u043e \\u0432 \\u043c\\u0435\\u0448\\u043a\\u0435\"]}}]"
 }
},
{
 "model": "admin.logentry",
 "pk": 384,
 "fields": {
  "action_time": "2024-04-12T16:43:27.078Z",
  "user": 1,
  "content_type": 10,
  "object_id": "93",
  "object_repr": "Мешок с Броней (Уровень 2)",
  "action_flag": 2,
  "change_message": "[{\"changed\": {\"name\": \"\\u041f\\u0440\\u0435\\u0434\\u043c\\u0435\\u0442 \\u0432 \\u043c\\u0435\\u0448\\u043a\\u0435\", \"object\": \"Bag: \\u041c\\u0435\\u0448\\u043e\\u043a \\u0441 \\u0411\\u0440\\u043e\\u043d\\u0435\\u0439 (\\u0423\\u0440\\u043e\\u0432\\u0435\\u043d\\u044c 2) | Item: \\u0427\\u0430\\u0441\\u0442\\u044c \\u0416\\u0435\\u043b\\u0435\\u0437\\u043d\\u043e\\u0433\\u043e \\u0414\\u043e\\u0441\\u043f\\u0435\\u0445\\u0430 | Chance: 150%\", \"fields\": [\"\\u041a\\u043e\\u043b\\u0438\\u0447\\u0435\\u0441\\u0442\\u0432\\u043e \\u0432 \\u043c\\u0435\\u0448\\u043a\\u0435\"]}}, {\"changed\": {\"name\": \"\\u041f\\u0440\\u0435\\u0434\\u043c\\u0435\\u0442 \\u0432 \\u043c\\u0435\\u0448\\u043a\\u0435\", \"object\": \"Bag: \\u041c\\u0435\\u0448\\u043e\\u043a \\u0441 \\u0411\\u0440\\u043e\\u043d\\u0435\\u0439 (\\u0423\\u0440\\u043e\\u0432\\u0435\\u043d\\u044c 2) | Item: \\u041e\\u0441\\u043a\\u043e\\u043b\\u043e\\u043a \\u0411\\u0440\\u0430\\u0441\\u043b\\u0435\\u0442\\u0430 | Chance: 150%\", \"fields\": [\"\\u041a\\u043e\\u043b\\u0438\\u0447\\u0435\\u0441\\u0442\\u0432\\u043e \\u0432 \\u043c\\u0435\\u0448\\u043a\\u0435\"]}}, {\"changed\": {\"name\": \"\\u041f\\u0440\\u0435\\u0434\\u043c\\u0435\\u0442 \\u0432 \\u043c\\u0435\\u0448\\u043a\\u0435\", \"object\": \"Bag: \\u041c\\u0435\\u0448\\u043e\\u043a \\u0441 \\u0411\\u0440\\u043e\\u043d\\u0435\\u0439 (\\u0423\\u0440\\u043e\\u0432\\u0435\\u043d\\u044c 2) | Item: \\u0427\\u0430\\u0441\\u0442\\u044c \\u0423\\u043a\\u0440\\u0435\\u043f\\u043b\\u0435\\u043d\\u043d\\u043e\\u0439 \\u041c\\u0430\\u043d\\u0442\\u0438\\u0438 | Chance: 150%\", \"fields\": [\"\\u041a\\u043e\\u043b\\u0438\\u0447\\u0435\\u0441\\u0442\\u0432\\u043e \\u0432 \\u043c\\u0435\\u0448\\u043a\\u0435\"]}}, {\"changed\": {\"name\": \"\\u041f\\u0440\\u0435\\u0434\\u043c\\u0435\\u0442 \\u0432 \\u043c\\u0435\\u0448\\u043a\\u0435\", \"object\": \"Bag: \\u041c\\u0435\\u0448\\u043e\\u043a \\u0441 \\u0411\\u0440\\u043e\\u043d\\u0435\\u0439 (\\u0423\\u0440\\u043e\\u0432\\u0435\\u043d\\u044c 2) | Item: \\u0427\\u0430\\u0441\\u0442\\u044c \\u041a\\u043e\\u0436\\u0430\\u043d\\u043e\\u0433\\u043e \\u0414\\u043e\\u0441\\u043f\\u0435\\u0445\\u0430 | Chance: 150%\", \"fields\": [\"\\u041a\\u043e\\u043b\\u0438\\u0447\\u0435\\u0441\\u0442\\u0432\\u043e \\u0432 \\u043c\\u0435\\u0448\\u043a\\u0435\"]}}]"
 }
},
{
 "model": "admin.logentry",
 "pk": 385,
 "fields": {
  "action_time": "2024-04-12T16:44:04.304Z",
  "user": 1,
  "content_type": 36,
  "object_id": "7",
  "object_repr": "Угольная Шахта | Attack: 65 | Defence: 65",
  "action_flag": 2,
  "change_message": "[{\"changed\": {\"name\": \"\\u0414\\u0440\\u043e\\u043f \\u0432 \\u043b\\u043e\\u043a\\u0430\\u0446\\u0438\\u0438\", \"object\": \"Item: \\u041c\\u0435\\u0448\\u043e\\u043a \\u0441 \\u0420\\u0435\\u0441\\u0443\\u0440\\u0441\\u0430\\u043c\\u0438 (\\u0423\\u0440\\u043e\\u0432\\u0435\\u043d\\u044c 2) | Location: \\u0423\\u0433\\u043e\\u043b\\u044c\\u043d\\u0430\\u044f \\u0428\\u0430\\u0445\\u0442\\u0430 | Attack: 65 | Defence: 65 | Amount: 1 - 1 | Chance: 5.0\", \"fields\": [\"\\u0428\\u0430\\u043d\\u0441 \\u0432 \\u043f\\u0440\\u043e\\u0446\\u0435\\u043d\\u0442\\u0430\\u0445 \\u0432 \\u043c\\u0438\\u043d\\u0443\\u0442\\u0443\"]}}]"
 }
},
{
 "model": "admin.logentry",
 "pk": 386,
 "fields": {
  "action_time": "2024-04-12T16:44:08.767Z",
  "user": 1,
  "content_type": 36,
  "object_id": "6",
  "object_repr": "Призрачный Лес | Attack: 59 | Defence: 59",
  "action_flag": 2,
  "change_message": "[{\"changed\": {\"name\": \"\\u0414\\u0440\\u043e\\u043f \\u0432 \\u043b\\u043e\\u043a\\u0430\\u0446\\u0438\\u0438\", \"object\": \"Item: \\u041c\\u0435\\u0448\\u043e\\u043a \\u0441 \\u0420\\u0435\\u0441\\u0443\\u0440\\u0441\\u0430\\u043c\\u0438 (\\u0423\\u0440\\u043e\\u0432\\u0435\\u043d\\u044c 2) | Location: \\u041f\\u0440\\u0438\\u0437\\u0440\\u0430\\u0447\\u043d\\u044b\\u0439 \\u041b\\u0435\\u0441 | Attack: 59 | Defence: 59 | Amount: 1 - 1 | Chance: 3.0\", \"fields\": [\"\\u0428\\u0430\\u043d\\u0441 \\u0432 \\u043f\\u0440\\u043e\\u0446\\u0435\\u043d\\u0442\\u0430\\u0445 \\u0432 \\u043c\\u0438\\u043d\\u0443\\u0442\\u0443\"]}}]"
 }
},
{
 "model": "admin.logentry",
 "pk": 387,
 "fields": {
  "action_time": "2024-04-12T16:44:13.778Z",
  "user": 1,
  "content_type": 36,
  "object_id": "5",
  "object_repr": "Мертвая Деревня | Attack: 50 | Defence: 50",
  "action_flag": 2,
  "change_message": "[{\"changed\": {\"name\": \"\\u0414\\u0440\\u043e\\u043f \\u0432 \\u043b\\u043e\\u043a\\u0430\\u0446\\u0438\\u0438\", \"object\": \"Item: \\u041c\\u0435\\u0448\\u043e\\u043a \\u0441 \\u0420\\u0435\\u0441\\u0443\\u0440\\u0441\\u0430\\u043c\\u0438 (\\u0423\\u0440\\u043e\\u0432\\u0435\\u043d\\u044c 2) | Location: \\u041c\\u0435\\u0440\\u0442\\u0432\\u0430\\u044f \\u0414\\u0435\\u0440\\u0435\\u0432\\u043d\\u044f | Attack: 50 | Defence: 50 | Amount: 1 - 1 | Chance: 1.0\", \"fields\": [\"\\u0428\\u0430\\u043d\\u0441 \\u0432 \\u043f\\u0440\\u043e\\u0446\\u0435\\u043d\\u0442\\u0430\\u0445 \\u0432 \\u043c\\u0438\\u043d\\u0443\\u0442\\u0443\"]}}]"
 }
},
{
 "model": "admin.logentry",
 "pk": 388,
 "fields": {
  "action_time": "2024-04-12T16:44:19.780Z",
  "user": 1,
  "content_type": 36,
  "object_id": "2",
  "object_repr": "Лагерь Орков | Attack: 38 | Defence: 38",
  "action_flag": 2,
  "change_message": "[{\"changed\": {\"name\": \"\\u0414\\u0440\\u043e\\u043f \\u0432 \\u043b\\u043e\\u043a\\u0430\\u0446\\u0438\\u0438\", \"object\": \"Item: \\u041c\\u0435\\u0448\\u043e\\u043a \\u0441 \\u0420\\u0435\\u0441\\u0443\\u0440\\u0441\\u0430\\u043c\\u0438 (\\u041e\\u0431\\u044b\\u0447\\u043d\\u044b\\u0439) | Location: \\u041b\\u0430\\u0433\\u0435\\u0440\\u044c \\u041e\\u0440\\u043a\\u043e\\u0432 | Attack: 38 | Defence: 38 | Amount: 1 - 1 | Chance: 9.0\", \"fields\": [\"\\u0428\\u0430\\u043d\\u0441 \\u0432 \\u043f\\u0440\\u043e\\u0446\\u0435\\u043d\\u0442\\u0430\\u0445 \\u0432 \\u043c\\u0438\\u043d\\u0443\\u0442\\u0443\"]}}]"
 }
},
{
 "model": "admin.logentry",
 "pk": 389,
 "fields": {
  "action_time": "2024-04-12T16:44:24.069Z",
  "user": 1,
  "content_type": 36,
  "object_id": "3",
  "object_repr": "Эльфийский лес | Attack: 17 | Defence: 17",
  "action_flag": 2,
  "change_message": "[{\"changed\": {\"name\": \"\\u0414\\u0440\\u043e\\u043f \\u0432 \\u043b\\u043e\\u043a\\u0430\\u0446\\u0438\\u0438\", \"object\": \"Item: \\u041c\\u0435\\u0448\\u043e\\u043a \\u0441 \\u0420\\u0435\\u0441\\u0443\\u0440\\u0441\\u0430\\u043c\\u0438 (\\u041e\\u0431\\u044b\\u0447\\u043d\\u044b\\u0439) | Location: \\u042d\\u043b\\u044c\\u0444\\u0438\\u0439\\u0441\\u043a\\u0438\\u0439 \\u043b\\u0435\\u0441 | Attack: 17 | Defence: 17 | Amount: 1 - 1 | Chance: 7.0\", \"fields\": [\"\\u0428\\u0430\\u043d\\u0441 \\u0432 \\u043f\\u0440\\u043e\\u0446\\u0435\\u043d\\u0442\\u0430\\u0445 \\u0432 \\u043c\\u0438\\u043d\\u0443\\u0442\\u0443\"]}}]"
 }
},
{
 "model": "admin.logentry",
 "pk": 390,
 "fields": {
  "action_time": "2024-04-12T16:44:27.935Z",
  "user": 1,
  "content_type": 36,
  "object_id": "3",
  "object_repr": "Эльфийский лес | Attack: 17 | Defence: 17",
  "action_flag": 2,
  "change_message": "[{\"changed\": {\"name\": \"\\u0414\\u0440\\u043e\\u043f \\u0432 \\u043b\\u043e\\u043a\\u0430\\u0446\\u0438\\u0438\", \"object\": \"Item: \\u041c\\u0435\\u0448\\u043e\\u043a \\u0441 \\u0420\\u0435\\u0441\\u0443\\u0440\\u0441\\u0430\\u043c\\u0438 (\\u041e\\u0431\\u044b\\u0447\\u043d\\u044b\\u0439) | Location: \\u042d\\u043b\\u044c\\u0444\\u0438\\u0439\\u0441\\u043a\\u0438\\u0439 \\u043b\\u0435\\u0441 | Attack: 17 | Defence: 17 | Amount: 1 - 1 | Chance: 5.0\", \"fields\": [\"\\u0428\\u0430\\u043d\\u0441 \\u0432 \\u043f\\u0440\\u043e\\u0446\\u0435\\u043d\\u0442\\u0430\\u0445 \\u0432 \\u043c\\u0438\\u043d\\u0443\\u0442\\u0443\"]}}]"
 }
},
{
 "model": "admin.logentry",
 "pk": 391,
 "fields": {
  "action_time": "2024-04-12T16:44:31.857Z",
  "user": 1,
  "content_type": 36,
  "object_id": "4",
  "object_repr": "Лагерь гоблинов | Attack: 10 | Defence: 10",
  "action_flag": 2,
  "change_message": "[{\"changed\": {\"name\": \"\\u0414\\u0440\\u043e\\u043f \\u0432 \\u043b\\u043e\\u043a\\u0430\\u0446\\u0438\\u0438\", \"object\": \"Item: \\u041c\\u0435\\u0448\\u043e\\u043a \\u0441 \\u0420\\u0435\\u0441\\u0443\\u0440\\u0441\\u0430\\u043c\\u0438 (\\u041e\\u0431\\u044b\\u0447\\u043d\\u044b\\u0439) | Location: \\u041b\\u0430\\u0433\\u0435\\u0440\\u044c \\u0433\\u043e\\u0431\\u043b\\u0438\\u043d\\u043e\\u0432 | Attack: 10 | Defence: 10 | Amount: 1 - 1 | Chance: 5.0\", \"fields\": [\"\\u0428\\u0430\\u043d\\u0441 \\u0432 \\u043f\\u0440\\u043e\\u0446\\u0435\\u043d\\u0442\\u0430\\u0445 \\u0432 \\u043c\\u0438\\u043d\\u0443\\u0442\\u0443\"]}}]"
 }
},
{
 "model": "admin.logentry",
 "pk": 392,
 "fields": {
  "action_time": "2024-04-12T16:44:36.909Z",
  "user": 1,
  "content_type": 36,
  "object_id": "1",
  "object_repr": "Заброшенная Шахта | Attack: 9 | Defence: 9",
  "action_flag": 2,
  "change_message": "[{\"changed\": {\"name\": \"\\u0414\\u0440\\u043e\\u043f \\u0432 \\u043b\\u043e\\u043a\\u0430\\u0446\\u0438\\u0438\", \"object\": \"Item: \\u041c\\u0435\\u0448\\u043e\\u043a \\u0441 \\u0420\\u0435\\u0441\\u0443\\u0440\\u0441\\u0430\\u043c\\u0438 (\\u041e\\u0431\\u044b\\u0447\\u043d\\u044b\\u0439) | Location: \\u0417\\u0430\\u0431\\u0440\\u043e\\u0448\\u0435\\u043d\\u043d\\u0430\\u044f \\u0428\\u0430\\u0445\\u0442\\u0430 | Attack: 9 | Defence: 9 | Amount: 1 - 1 | Chance: 3.0\", \"fields\": [\"\\u0428\\u0430\\u043d\\u0441 \\u0432 \\u043f\\u0440\\u043e\\u0446\\u0435\\u043d\\u0442\\u0430\\u0445 \\u0432 \\u043c\\u0438\\u043d\\u0443\\u0442\\u0443\"]}}]"
 }
},
{
 "model": "admin.logentry",
 "pk": 393,
 "fields": {
  "action_time": "2024-04-12T16:44:47.422Z",
  "user": 1,
  "content_type": 36,
  "object_id": "7",
  "object_repr": "Угольная Шахта | Attack: 65 | Defence: 65",
  "action_flag": 2,
  "change_message": "[]"
 }
},
{
 "model": "admin.logentry",
 "pk": 394,
 "fields": {
  "action_time": "2024-04-12T16:44:51.618Z",
  "user": 1,
  "content_type": 36,
  "object_id": "5",
  "object_repr": "Мертвая Деревня | Attack: 50 | Defence: 50",
  "action_flag": 2,
  "change_message": "[]"
 }
},
{
 "model": "admin.logentry",
 "pk": 395,
 "fields": {
  "action_time": "2024-04-12T16:45:18.593Z",
  "user": 1,
  "content_type": 36,
  "object_id": "6",
  "object_repr": "Призрачный Лес | Attack: 59 | Defence: 59",
  "action_flag": 2,
  "change_message": "[{\"changed\": {\"name\": \"\\u0414\\u0440\\u043e\\u043f \\u0432 \\u043b\\u043e\\u043a\\u0430\\u0446\\u0438\\u0438\", \"object\": \"Item: \\u041c\\u0435\\u0448\\u043e\\u043a \\u0441 \\u041a\\u043d\\u0438\\u0433\\u043e\\u0439 (\\u0423\\u0440\\u043e\\u0432\\u0435\\u043d\\u044c 2) | Location: \\u041f\\u0440\\u0438\\u0437\\u0440\\u0430\\u0447\\u043d\\u044b\\u0439 \\u041b\\u0435\\u0441 | Attack: 59 | Defence: 59 | Amount: 1 - 1 | Chance: 0.02\", \"fields\": [\"\\u0428\\u0430\\u043d\\u0441 \\u0432 \\u043f\\u0440\\u043e\\u0446\\u0435\\u043d\\u0442\\u0430\\u0445 \\u0432 \\u043c\\u0438\\u043d\\u0443\\u0442\\u0443\"]}}]"
 }
},
{
 "model": "contenttypes.contenttype",
 "pk": 1,
 "fields": {
  "app_label": "admin",
  "model": "logentry"
 }
},
{
 "model": "contenttypes.contenttype",
 "pk": 2,
 "fields": {
  "app_label": "auth",
  "model": "permission"
 }
},
{
 "model": "contenttypes.contenttype",
 "pk": 3,
 "fields": {
  "app_label": "auth",
  "model": "group"
 }
},
{
 "model": "contenttypes.contenttype",
 "pk": 4,
 "fields": {
  "app_label": "contenttypes",
  "model": "contenttype"
 }
},
{
 "model": "contenttypes.contenttype",
 "pk": 5,
 "fields": {
  "app_label": "sessions",
  "model": "session"
 }
},
{
 "model": "contenttypes.contenttype",
 "pk": 6,
 "fields": {
  "app_label": "bot",
  "model": "user"
 }
},
{
 "model": "contenttypes.contenttype",
 "pk": 7,
 "fields": {
  "app_label": "admin_user",
  "model": "adminuser"
 }
},
{
 "model": "contenttypes.contenttype",
 "pk": 8,
 "fields": {
  "app_label": "item",
  "model": "effect"
 }
},
{
 "model": "contenttypes.contenttype",
 "pk": 9,
 "fields": {
  "app_label": "item",
  "model": "item"
 }
},
{
 "model": "contenttypes.contenttype",
 "pk": 10,
 "fields": {
  "app_label": "item",
  "model": "bag"
 }
},
{
 "model": "contenttypes.contenttype",
 "pk": 11,
 "fields": {
  "app_label": "item",
  "model": "equipment"
 }
},
{
 "model": "contenttypes.contenttype",
 "pk": 12,
 "fields": {
  "app_label": "item",
  "model": "etc"
 }
},
{
 "model": "contenttypes.contenttype",
 "pk": 13,
 "fields": {
  "app_label": "item",
  "model": "material"
 }
},
{
 "model": "contenttypes.contenttype",
 "pk": 14,
 "fields": {
  "app_label": "item",
  "model": "potion"
 }
},
{
 "model": "contenttypes.contenttype",
 "pk": 15,
 "fields": {
  "app_label": "item",
  "model": "scroll"
 }
},
{
 "model": "contenttypes.contenttype",
 "pk": 16,
 "fields": {
  "app_label": "item",
  "model": "talisman"
 }
},
{
 "model": "contenttypes.contenttype",
 "pk": 17,
 "fields": {
  "app_label": "item",
  "model": "itemeffect"
 }
},
{
 "model": "contenttypes.contenttype",
 "pk": 18,
 "fields": {
  "app_label": "item",
  "model": "armor"
 }
},
{
 "model": "contenttypes.contenttype",
 "pk": 19,
 "fields": {
  "app_label": "item",
  "model": "weapon"
 }
},
{
 "model": "contenttypes.contenttype",
 "pk": 20,
 "fields": {
  "app_label": "item",
  "model": "recipe"
 }
},
{
 "model": "contenttypes.contenttype",
 "pk": 21,
 "fields": {
  "app_label": "item",
  "model": "craftingitem"
 }
},
{
 "model": "contenttypes.contenttype",
 "pk": 22,
 "fields": {
  "app_label": "item",
  "model": "book"
 }
},
{
 "model": "contenttypes.contenttype",
 "pk": 23,
 "fields": {
  "app_label": "item",
  "model": "bagitem"
 }
},
{
 "model": "contenttypes.contenttype",
 "pk": 24,
 "fields": {
  "app_label": "character",
  "model": "character"
 }
},
{
 "model": "contenttypes.contenttype",
 "pk": 25,
 "fields": {
  "app_label": "character",
  "model": "characterclass"
 }
},
{
 "model": "contenttypes.contenttype",
 "pk": 26,
 "fields": {
  "app_label": "character",
  "model": "characterclassskill"
 }
},
{
 "model": "contenttypes.contenttype",
 "pk": 27,
 "fields": {
  "app_label": "character",
  "model": "charactereffect"
 }
},
{
 "model": "contenttypes.contenttype",
 "pk": 28,
 "fields": {
  "app_label": "character",
  "model": "characteritem"
 }
},
{
 "model": "contenttypes.contenttype",
 "pk": 29,
 "fields": {
  "app_label": "character",
  "model": "characterrecipe"
 }
},
{
 "model": "contenttypes.contenttype",
 "pk": 30,
 "fields": {
  "app_label": "character",
  "model": "characterskill"
 }
},
{
 "model": "contenttypes.contenttype",
 "pk": 31,
 "fields": {
  "app_label": "character",
  "model": "classequipment"
 }
},
{
 "model": "contenttypes.contenttype",
 "pk": 32,
 "fields": {
  "app_label": "character",
  "model": "marketplaceitem"
 }
},
{
 "model": "contenttypes.contenttype",
 "pk": 33,
 "fields": {
  "app_label": "character",
  "model": "skill"
 }
},
{
 "model": "contenttypes.contenttype",
 "pk": 34,
 "fields": {
  "app_label": "character",
  "model": "skilleffect"
 }
},
{
 "model": "contenttypes.contenttype",
 "pk": 35,
 "fields": {
  "app_label": "location",
  "model": "baselocationmodel"
 }
},
{
 "model": "contenttypes.contenttype",
 "pk": 36,
 "fields": {
  "app_label": "location",
  "model": "location"
 }
},
{
 "model": "contenttypes.contenttype",
 "pk": 37,
 "fields": {
  "app_label": "location",
  "model": "locationdrop"
 }
},
{
 "model": "contenttypes.contenttype",
 "pk": 38,
 "fields": {
  "app_label": "clan",
  "model": "clan"
 }
},
{
 "model": "contenttypes.contenttype",
 "pk": 39,
 "fields": {
  "app_label": "clan",
  "model": "clanwar"
 }
},
{
 "model": "contenttypes.contenttype",
 "pk": 40,
 "fields": {
  "app_label": "clan",
  "model": "clanrequest"
 }
},
{
 "model": "contenttypes.contenttype",
 "pk": 41,
 "fields": {
  "app_label": "clan",
  "model": "clanboss"
 }
},
{
 "model": "contenttypes.contenttype",
 "pk": 42,
 "fields": {
  "app_label": "clan",
  "model": "clanbossdrop"
 }
},
{
 "model": "contenttypes.contenttype",
 "pk": 43,
 "fields": {
  "app_label": "clan",
  "model": "clanwarehouse"
 }
},
{
 "model": "contenttypes.contenttype",
 "pk": 44,
 "fields": {
  "app_label": "character",
  "model": "recipeshare"
 }
},
{
 "model": "contenttypes.contenttype",
 "pk": 45,
 "fields": {
  "app_label": "clan",
  "model": "clanbosscharacter"
 }
},
{
 "model": "contenttypes.contenttype",
 "pk": 46,
 "fields": {
  "app_label": "clan",
  "model": "clanbossclan"
 }
},
{
 "model": "contenttypes.contenttype",
 "pk": 47,
 "fields": {
  "app_label": "location",
  "model": "locationboss"
 }
},
{
 "model": "contenttypes.contenttype",
 "pk": 48,
 "fields": {
  "app_label": "location",
  "model": "locationbossdrop"
 }
},
{
 "model": "contenttypes.contenttype",
 "pk": 49,
 "fields": {
  "app_label": "location",
  "model": "locationbosscharacter"
 }
},
{
 "model": "sessions.session",
 "pk": "6f4pa8496pzydy34n0l03668gffylx5y",
 "fields": {
  "session_data": ".eJxVjLEOwjAMRP8lM4qw0gTDyM43RI7tkAJKpaadEP9OKnWAm0737u5tIq1LiWvTOY5iLgbM4TdLxE-tG5AH1ftkearLPCa7VexOm71Noq_r3v07KNRKX_MAEqgLcQAEheyOkl3yPhAIk4YTcPYEdGZETeTZCSZFl4W7MZ8vCD85dQ:1rtmfl:KHu8pqA07tew-NEM8viX63paAzisA364iyIEISzAa4A",
  "expire_date": "2024-04-22T10:56:21.964Z"
 }
},
{
 "model": "sessions.session",
 "pk": "nal3z840tqo6wfnp9hd5t0xijx6jbv84",
 "fields": {
  "session_data": ".eJxVjLEOwjAMRP8lM4qw0gTDyM43RI7tkAJKpaadEP9OKnWAm0737u5tIq1LiWvTOY5iLgbM4TdLxE-tG5AH1ftkearLPCa7VexOm71Noq_r3v07KNRKX_MAEqgLcQAEheyOkl3yPhAIk4YTcPYEdGZETeTZCSZFl4W7MZ8vCD85dQ:1roj52:uLjgGPAzAlP__IY1axN3tjd_TuARASLsYLPHagK336s",
  "expire_date": "2024-04-08T12:05:32.720Z"
 }
},
{
 "model": "admin_user.adminuser",
 "pk": 1,
 "fields": {
  "password": "pbkdf2_sha256$600000$wv3le6hempJOplF8950IIx$+WejB2CVh6x1bCO7AJxJiA0Vq762rxYiMMk5UVFtzYw=",
  "last_login": "2024-04-08T10:56:21.961Z",
  "is_superuser": true,
  "username": "oupsfed",
  "first_name": "",
  "last_name": "",
  "email": "n.fdrv@list.ru",
  "is_staff": true,
  "is_active": true,
  "date_joined": "2024-03-25T11:59:28.039Z",
  "groups": [],
  "user_permissions": []
 }
},
{
 "model": "item.item",
 "pk": 1,
 "fields": {
  "name": "🟡Золото",
  "description": "Золото можно тратить в магазине и торговой площадке на различные полезные предметы",
  "buy_price": 0,
  "sell_price": 0,
  "created": "2024-03-25T11:59:21.593Z",
  "type": "etc"
 }
},
{
 "model": "item.item",
 "pk": 2,
 "fields": {
  "name": "💎Алмаз",
  "description": "Алмазы можно тратить в премиум магазине и на торговой площадке",
  "buy_price": 0,
  "sell_price": 0,
  "created": "2024-03-25T11:59:21.610Z",
  "type": "etc"
 }
},
{
 "model": "item.item",
 "pk": 3,
 "fields": {
  "name": "Мешок с Ресурсами (Обычный)",
  "description": "В данном мешке лежит неизвестный ресурс",
  "buy_price": 0,
  "sell_price": 0,
  "created": "2024-03-25T12:01:21.964Z",
  "type": "bag"
 }
},
{
 "model": "item.item",
 "pk": 4,
 "fields": {
  "name": "Мешок с Оружием (Обычный)",
  "description": "Внутри находится случайное Оружие",
  "buy_price": 0,
  "sell_price": 0,
  "created": "2024-03-25T12:01:22.076Z",
  "type": "bag"
 }
},
{
 "model": "item.item",
 "pk": 5,
 "fields": {
  "name": "Мешок с Эликсирами (Обычный)",
  "description": "Внутри находится случайный Эликсир",
  "buy_price": 0,
  "sell_price": 0,
  "created": "2024-03-25T12:01:22.081Z",
  "type": "bag"
 }
},
{
 "model": "item.item",
 "pk": 6,
 "fields": {
  "name": "Мешок с Рецептами (Уровень 1)",
  "description": "Внутри находится случайный Рецепт",
  "buy_price": 0,
  "sell_price": 0,
  "created": "2024-03-25T12:01:22.084Z",
  "type": "bag"
 }
},
{
 "model": "item.item",
 "pk": 7,
 "fields": {
  "name": "Мешок с Броней (Обычный)",
  "description": "Внутри находится случайная Броня",
  "buy_price": 0,
  "sell_price": 0,
  "created": "2024-03-25T12:01:22.088Z",
  "type": "bag"
 }
},
{
 "model": "item.item",
 "pk": 8,
 "fields": {
  "name": "Мешок со Свитком (Обычный)",
  "description": "В данном мешке лежит неизвестный Свиток",
  "buy_price": 0,
  "sell_price": 0,
  "created": "2024-03-25T12:01:22.092Z",
  "type": "bag"
 }
},
{
 "model": "item.item",
 "pk": 9,
 "fields": {
  "name": "Мешок с Талисманом (Обычный)",
  "description": "В данном мешке лежит случайный Талисман",
  "buy_price": 0,
  "sell_price": 0,
  "created": "2024-03-25T12:01:22.096Z",
  "type": "bag"
 }
},
{
 "model": "item.item",
 "pk": 10,
 "fields": {
  "name": "Мешок с Талисманом (Редкий)",
  "description": "В данном мешке лежит случайный Талисман",
  "buy_price": 0,
  "sell_price": 0,
  "created": "2024-03-25T12:01:22.100Z",
  "type": "bag"
 }
},
{
 "model": "item.item",
 "pk": 11,
 "fields": {
  "name": "Мешок со Свитком (Редкий)",
  "description": "В данном мешке лежит случайный Свиток",
  "buy_price": 0,
  "sell_price": 0,
  "created": "2024-03-25T12:01:22.104Z",
  "type": "bag"
 }
},
{
 "model": "item.item",
 "pk": 12,
 "fields": {
  "name": "Мешок с Книгой (Обычный)",
  "description": "В данном мешке лежит случайная Книга",
  "buy_price": 0,
  "sell_price": 0,
  "created": "2024-03-25T12:01:22.108Z",
  "type": "bag"
 }
},
{
 "model": "item.item",
 "pk": 13,
 "fields": {
  "name": "🎟Премиум на 7 Дней",
  "description": "Оформляет Премиум Подписку на 7 дней",
  "buy_price": 0,
  "sell_price": 0,
  "created": "2024-03-25T12:01:22.115Z",
  "type": "etc"
 }
},
{
 "model": "item.item",
 "pk": 14,
 "fields": {
  "name": "🎟Премиум на 30 Дней",
  "description": "Оформляет Премиум Подписку на 30 дней",
  "buy_price": 0,
  "sell_price": 0,
  "created": "2024-03-25T12:01:22.118Z",
  "type": "etc"
 }
},
{
 "model": "item.item",
 "pk": 15,
 "fields": {
  "name": "Железо",
  "description": "Ресурс используемый для изготовление различных предметов. Можно продать в магазин.",
  "buy_price": 0,
  "sell_price": 5,
  "created": "2024-03-25T12:01:22.122Z",
  "type": "material"
 }
},
{
 "model": "item.item",
 "pk": 16,
 "fields": {
  "name": "Кожа",
  "description": "Ресурс используемый для изготовление различных предметов. Можно продать в магазин.",
  "buy_price": 0,
  "sell_price": 5,
  "created": "2024-03-25T12:01:22.126Z",
  "type": "material"
 }
},
{
 "model": "item.item",
 "pk": 17,
 "fields": {
  "name": "Древесина",
  "description": "Ресурс используемый для изготовление различных предметов. Можно продать в магазин.",
  "buy_price": 0,
  "sell_price": 5,
  "created": "2024-03-25T12:01:22.130Z",
  "type": "material"
 }
},
{
 "model": "item.item",
 "pk": 18,
 "fields": {
  "name": "Ткань",
  "description": "Ресурс используемый для изготовление различных предметов. Можно продать в магазин.",
  "buy_price": 0,
  "sell_price": 5,
  "created": "2024-03-25T12:01:22.134Z",
  "type": "material"
 }
},
{
 "model": "item.item",
 "pk": 19,
 "fields": {
  "name": "Осколок Талисмана",
  "description": "С помощью данного Ресурса можно изготовить Талисман",
  "buy_price": 0,
  "sell_price": 100,
  "created": "2024-03-25T12:01:22.137Z",
  "type": "material"
 }
},
{
 "model": "item.item",
 "pk": 20,
 "fields": {
  "name": "Оторванная часть Свитка",
  "description": "С помощью данного Ресурса можно изготовить Свиток",
  "buy_price": 0,
  "sell_price": 100,
  "created": "2024-03-25T12:01:22.141Z",
  "type": "material"
 }
},
{
 "model": "item.item",
 "pk": 21,
 "fields": {
  "name": "Потрепанная Мантия",
  "description": "Данная броня подходит Магу",
  "buy_price": 500,
  "sell_price": 250,
  "created": "2024-03-25T12:01:25.276Z",
  "type": "armor"
 }
},
{
 "model": "item.item",
 "pk": 22,
 "fields": {
  "name": "Потрепанный Кожанный Доспех",
  "description": "Данная броня подходит Охотнику",
  "buy_price": 500,
  "sell_price": 250,
  "created": "2024-03-25T12:01:25.410Z",
  "type": "armor"
 }
},
{
 "model": "item.item",
 "pk": 23,
 "fields": {
  "name": "Потрепанный Тяжелый Доспех",
  "description": "Данная броня подходит Рыцарю и Мастеру",
  "buy_price": 500,
  "sell_price": 250,
  "created": "2024-03-25T12:01:25.416Z",
  "type": "armor"
 }
},
{
 "model": "item.item",
 "pk": 24,
 "fields": {
  "name": "Мантия Ученика",
  "description": "Данная броня подходит Магу",
  "buy_price": 3000,
  "sell_price": 1500,
  "created": "2024-03-25T12:01:25.421Z",
  "type": "armor"
 }
},
{
 "model": "item.item",
 "pk": 25,
 "fields": {
  "name": "Легкая Броня Ученика",
  "description": "Данная броня подходит Охотнику",
  "buy_price": 3000,
  "sell_price": 1500,
  "created": "2024-03-25T12:01:25.425Z",
  "type": "armor"
 }
},
{
 "model": "item.item",
 "pk": 26,
 "fields": {
  "name": "Тяжелая Броня Ученика",
  "description": "Данная броня подходит Рыцарю и Мастеру",
  "buy_price": 3000,
  "sell_price": 1500,
  "created": "2024-03-25T12:01:25.430Z",
  "type": "armor"
 }
},
{
 "model": "item.item",
 "pk": 27,
 "fields": {
  "name": "Браслет",
  "description": "Позволяет надевать Талисманы. Чем выше уровень улучшения тем больше Талисманов можно надеть",
  "buy_price": 0,
  "sell_price": 15000,
  "created": "2024-03-25T12:01:25.434Z",
  "type": "armor"
 }
},
{
 "model": "item.item",
 "pk": 28,
 "fields": {
  "name": "Потрепанный Посох",
  "description": "Данное оружие подходит Магу",
  "buy_price": 500,
  "sell_price": 250,
  "created": "2024-03-25T12:01:25.439Z",
  "type": "weapon"
 }
},
{
 "model": "item.item",
 "pk": 29,
 "fields": {
  "name": "Деревянный Меч",
  "description": "Данное оружие подходит Рыцарю",
  "buy_price": 500,
  "sell_price": 250,
  "created": "2024-03-25T12:01:25.444Z",
  "type": "weapon"
 }
},
{
 "model": "item.item",
 "pk": 30,
 "fields": {
  "name": "Деревянный Кинжал",
  "description": "Данное оружие подходит Охотнику",
  "buy_price": 500,
  "sell_price": 250,
  "created": "2024-03-25T12:01:25.449Z",
  "type": "weapon"
 }
},
{
 "model": "item.item",
 "pk": 31,
 "fields": {
  "name": "Надломанная Дубина",
  "description": "Данное оружие подходит Мастеру",
  "buy_price": 500,
  "sell_price": 250,
  "created": "2024-03-25T12:01:25.452Z",
  "type": "weapon"
 }
},
{
 "model": "item.item",
 "pk": 32,
 "fields": {
  "name": "Посох Ученика",
  "description": "Данное оружие подходит Магу",
  "buy_price": 3000,
  "sell_price": 1500,
  "created": "2024-03-25T12:01:25.457Z",
  "type": "weapon"
 }
},
{
 "model": "item.item",
 "pk": 33,
 "fields": {
  "name": "Меч Ученика",
  "description": "Данное оружие подходит Рыцарю",
  "buy_price": 3000,
  "sell_price": 1500,
  "created": "2024-03-25T12:01:25.461Z",
  "type": "weapon"
 }
},
{
 "model": "item.item",
 "pk": 34,
 "fields": {
  "name": "Кинжал Ученика",
  "description": "Данное оружие подходит Охотнику",
  "buy_price": 3000,
  "sell_price": 1500,
  "created": "2024-03-25T12:01:25.465Z",
  "type": "weapon"
 }
},
{
 "model": "item.item",
 "pk": 35,
 "fields": {
  "name": "Дубина Ученика",
  "description": "Данное оружие подходит Мастеру",
  "buy_price": 3000,
  "sell_price": 1500,
  "created": "2024-03-25T12:01:25.470Z",
  "type": "weapon"
 }
},
{
 "model": "item.item",
 "pk": 36,
 "fields": {
  "name": "Рецепт: Посох Ученика",
  "description": "Изготавливает предмет",
  "buy_price": 0,
  "sell_price": 300,
  "created": "2024-03-25T12:01:31.838Z",
  "type": "recipe"
 }
},
{
 "model": "item.item",
 "pk": 37,
 "fields": {
  "name": "Рецепт: Дубина Ученика",
  "description": "С помощью данного рецепта Мастер может изготовить предмет",
  "buy_price": 0,
  "sell_price": 300,
  "created": "2024-03-25T12:01:31.958Z",
  "type": "recipe"
 }
},
{
 "model": "item.item",
 "pk": 38,
 "fields": {
  "name": "Рецепт: Меч Ученика",
  "description": "С помощью данного рецепта Мастер может изготовить предмет",
  "buy_price": 0,
  "sell_price": 300,
  "created": "2024-03-25T12:01:32.194Z",
  "type": "recipe"
 }
},
{
 "model": "item.item",
 "pk": 39,
 "fields": {
  "name": "Рецепт: Легкая Броня Ученика",
  "description": "С помощью данного рецепта Мастер может изготовить предмет",
  "buy_price": 0,
  "sell_price": 300,
  "created": "2024-03-25T12:01:32.445Z",
  "type": "recipe"
 }
},
{
 "model": "item.item",
 "pk": 40,
 "fields": {
  "name": "Рецепт: Кинжал Ученика",
  "description": "С помощью данного рецепта Мастер может изготовить предмет",
  "buy_price": 0,
  "sell_price": 300,
  "created": "2024-03-25T12:01:32.697Z",
  "type": "recipe"
 }
},
{
 "model": "item.item",
 "pk": 41,
 "fields": {
  "name": "Рецепт: Тяжелая Броня Ученика",
  "description": "С помощью данного рецепта Мастер может изготовить предмет",
  "buy_price": 0,
  "sell_price": 300,
  "created": "2024-03-25T12:01:32.729Z",
  "type": "recipe"
 }
},
{
 "model": "item.item",
 "pk": 42,
 "fields": {
  "name": "Рецепт: Мантия Ученика",
  "description": "С помощью данного рецепта Мастер может изготовить предмет",
  "buy_price": 0,
  "sell_price": 300,
  "created": "2024-03-25T12:01:32.735Z",
  "type": "recipe"
 }
},
{
 "model": "item.item",
 "pk": 43,
 "fields": {
  "name": "Рецепт: Талисман",
  "description": "С помощью данного рецепта Мастер может изготовить предмет",
  "buy_price": 0,
  "sell_price": 100,
  "created": "2024-03-25T12:01:32.740Z",
  "type": "recipe"
 }
},
{
 "model": "item.item",
 "pk": 44,
 "fields": {
  "name": "Рецепт: Свиток",
  "description": "С помощью данного рецепта Мастер может изготовить предмет",
  "buy_price": 0,
  "sell_price": 100,
  "created": "2024-03-25T12:01:32.745Z",
  "type": "recipe"
 }
},
{
 "model": "item.item",
 "pk": 45,
 "fields": {
  "name": "Свиток Улучшения Оружия",
  "description": "С помощью данного свитка можно улучшить свое Оружие",
  "buy_price": 0,
  "sell_price": 300,
  "created": "2024-03-25T12:01:36.026Z",
  "type": "scroll"
 }
},
{
 "model": "item.item",
 "pk": 46,
 "fields": {
  "name": "Свиток Улучшения Талисмана",
  "description": "С помощью данного свитка можно улучшить свой Талисман",
  "buy_price": 0,
  "sell_price": 300,
  "created": "2024-03-25T12:01:36.032Z",
  "type": "scroll"
 }
},
{
 "model": "item.item",
 "pk": 47,
 "fields": {
  "name": "Свиток Улучшения Брони",
  "description": "С помощью данного свитка можно улучшить свою Броню",
  "buy_price": 0,
  "sell_price": 300,
  "created": "2024-03-25T12:01:36.036Z",
  "type": "scroll"
 }
},
{
 "model": "item.item",
 "pk": 48,
 "fields": {
  "name": "Эликсир Выносливости",
  "description": "Увеличивает характеристики персонажа на 12 часов.",
  "buy_price": 100,
  "sell_price": 50,
  "created": "2024-03-25T12:01:39.215Z",
  "type": "potion"
 }
},
{
 "model": "item.item",
 "pk": 49,
 "fields": {
  "name": "Эликсир Силы",
  "description": "Увеличивает характеристики персонажа на 12 часов.",
  "buy_price": 100,
  "sell_price": 50,
  "created": "2024-03-25T12:01:39.333Z",
  "type": "potion"
 }
},
{
 "model": "item.item",
 "pk": 50,
 "fields": {
  "name": "Эликсир Защиты",
  "description": "Увеличивает характеристики персонажа на 12 часов.",
  "buy_price": 100,
  "sell_price": 50,
  "created": "2024-03-25T12:01:39.568Z",
  "type": "potion"
 }
},
{
 "model": "item.item",
 "pk": 51,
 "fields": {
  "name": "Эликсир Мудрости",
  "description": "Увеличивает характеристики персонажа",
  "buy_price": 100,
  "sell_price": 50,
  "created": "2024-03-25T12:01:39.813Z",
  "type": "potion"
 }
},
{
 "model": "item.item",
 "pk": 52,
 "fields": {
  "name": "Талисман Защиты",
  "description": "Увеличивает Защиту персонажа. Для экипировки требуется Браслет",
  "buy_price": 0,
  "sell_price": 0,
  "created": "2024-03-25T12:01:43.010Z",
  "type": "talisman"
 }
},
{
 "model": "item.item",
 "pk": 53,
 "fields": {
  "name": "Талисман Мудрости",
  "description": "Увеличивает получаемы Опыт. Для экипировки требуется Браслет",
  "buy_price": 0,
  "sell_price": 0,
  "created": "2024-03-25T12:01:43.131Z",
  "type": "talisman"
 }
},
{
 "model": "item.item",
 "pk": 54,
 "fields": {
  "name": "Талисман Удачи",
  "description": "Увеличивает Шанс выпадения предметов. Для экипировки требуется Браслет",
  "buy_price": 0,
  "sell_price": 0,
  "created": "2024-03-25T12:01:43.136Z",
  "type": "talisman"
 }
},
{
 "model": "item.item",
 "pk": 55,
 "fields": {
  "name": "Талисман Выносливости",
  "description": "Увеличивает Время Охоты персонажа. Для экипировки требуется Браслет",
  "buy_price": 0,
  "sell_price": 0,
  "created": "2024-03-25T12:01:43.140Z",
  "type": "talisman"
 }
},
{
 "model": "item.item",
 "pk": 56,
 "fields": {
  "name": "Талисман Атаки",
  "description": "Увеличивает Атаку персонажа. Для экипировки требуется Браслет",
  "buy_price": 0,
  "sell_price": 0,
  "created": "2024-03-25T12:01:43.145Z",
  "type": "talisman"
 }
},
{
 "model": "item.item",
 "pk": 57,
 "fields": {
  "name": "Книга: Улучшенная Защита Ур. 2",
  "description": "С помощью книги можно выучить или улучшить способность",
  "buy_price": 0,
  "sell_price": 100,
  "created": "2024-03-25T12:02:19.214Z",
  "type": "book"
 }
},
{
 "model": "item.item",
 "pk": 58,
 "fields": {
  "name": "Книга: Улучшенная Атака Ур. 2",
  "description": "С помощью книги можно выучить или улучшить способность",
  "buy_price": 0,
  "sell_price": 100,
  "created": "2024-03-25T12:02:19.221Z",
  "type": "book"
 }
},
{
 "model": "item.item",
 "pk": 59,
 "fields": {
  "name": "Книга: Улучшенное Чутье Ур. 2",
  "description": "С помощью книги можно выучить или улучшить способность",
  "buy_price": 0,
  "sell_price": 100,
  "created": "2024-03-25T12:02:19.228Z",
  "type": "book"
 }
},
{
 "model": "item.item",
 "pk": 60,
 "fields": {
  "name": "Книга: Мастер Создания Ур. 2",
  "description": "С помощью книги можно выучить или улучшить способность",
  "buy_price": 0,
  "sell_price": 100,
  "created": "2024-03-25T12:02:19.235Z",
  "type": "book"
 }
},
{
 "model": "item.item",
 "pk": 61,
 "fields": {
  "name": "Рецепт: Браслет",
  "description": "Нет описания предмета",
  "buy_price": 0,
  "sell_price": 500,
  "created": "2024-03-29T08:13:39.078Z",
  "type": "recipe"
 }
},
{
 "model": "item.item",
 "pk": 62,
 "fields": {
  "name": "Осколок Браслета",
  "description": "Нет описания предмета",
  "buy_price": 0,
  "sell_price": 500,
  "created": "2024-03-29T08:14:28.829Z",
  "type": "material"
 }
},
{
 "model": "item.item",
 "pk": 63,
 "fields": {
  "name": "Качественное Железо",
  "description": "Нет описания предмета",
  "buy_price": 0,
  "sell_price": 100,
  "created": "2024-03-29T08:14:56.573Z",
  "type": "material"
 }
},
{
 "model": "item.item",
 "pk": 64,
 "fields": {
  "name": "Качественная Кожа",
  "description": "Нет описания предмета",
  "buy_price": 0,
  "sell_price": 100,
  "created": "2024-03-29T08:16:42.306Z",
  "type": "material"
 }
},
{
 "model": "item.item",
 "pk": 65,
 "fields": {
  "name": "Качественная Древесина",
  "description": "Нет описания предмета",
  "buy_price": 0,
  "sell_price": 100,
  "created": "2024-03-29T08:17:24.014Z",
  "type": "material"
 }
},
{
 "model": "item.item",
 "pk": 66,
 "fields": {
  "name": "Качественная Ткань",
  "description": "Нет описания предмета",
  "buy_price": 0,
  "sell_price": 100,
  "created": "2024-03-29T08:17:53.327Z",
  "type": "material"
 }
},
{
 "model": "item.item",
 "pk": 67,
 "fields": {
  "name": "Рецепт: Качественная Кожа",
  "description": "Нет описания предмета",
  "buy_price": 0,
  "sell_price": 300,
  "created": "2024-03-29T08:19:14.041Z",
  "type": "recipe"
 }
},
{
 "model": "item.item",
 "pk": 68,
 "fields": {
  "name": "Рецепт: Качественная Ткань",
  "description": "Нет описания предмета",
  "buy_price": 0,
  "sell_price": 300,
  "created": "2024-03-29T08:19:54.091Z",
  "type": "recipe"
 }
},
{
 "model": "item.item",
 "pk": 69,
 "fields": {
  "name": "Рецепт: Качественная Древесина",
  "description": "Нет описания предмета",
  "buy_price": 0,
  "sell_price": 300,
  "created": "2024-03-29T08:20:31.407Z",
  "type": "recipe"
 }
},
{
 "model": "item.item",
 "pk": 70,
 "fields": {
  "name": "Рецепт: Качественное Железо",
  "description": "Нет описания предмета",
  "buy_price": 0,
  "sell_price": 300,
  "created": "2024-03-29T08:21:06.494Z",
  "type": "recipe"
 }
},
{
 "model": "item.item",
 "pk": 71,
 "fields": {
  "name": "Железная Броня",
  "description": "Нет описания предмета",
  "buy_price": 0,
  "sell_price": 15000,
  "created": "2024-03-29T08:22:14.174Z",
  "type": "armor"
 }
},
{
 "model": "item.item",
 "pk": 72,
 "fields": {
  "name": "Кожаный Доспех",
  "description": "Нет описания предмета",
  "buy_price": 0,
  "sell_price": 15000,
  "created": "2024-03-29T08:23:26.394Z",
  "type": "armor"
 }
},
{
 "model": "item.item",
 "pk": 73,
 "fields": {
  "name": "Укрепленная Мантия",
  "description": "Нет описания предмета",
  "buy_price": 0,
  "sell_price": 15000,
  "created": "2024-03-29T08:24:45.110Z",
  "type": "armor"
 }
},
{
 "model": "item.item",
 "pk": 74,
 "fields": {
  "name": "Рецепт: Укрепленная Мантия",
  "description": "Нет описания предмета",
  "buy_price": 0,
  "sell_price": 500,
  "created": "2024-03-29T08:26:30.348Z",
  "type": "recipe"
 }
},
{
 "model": "item.item",
 "pk": 75,
 "fields": {
  "name": "Часть Укрепленной Мантии",
  "description": "Нет описания предмета",
  "buy_price": 0,
  "sell_price": 500,
  "created": "2024-03-29T08:27:20.902Z",
  "type": "material"
 }
},
{
 "model": "item.item",
 "pk": 76,
 "fields": {
  "name": "Часть Кожаного Доспеха",
  "description": "Нет описания предмета",
  "buy_price": 0,
  "sell_price": 500,
  "created": "2024-03-29T08:34:19.671Z",
  "type": "material"
 }
},
{
 "model": "item.item",
 "pk": 77,
 "fields": {
  "name": "Рецепт: Кожаный Доспех",
  "description": "Нет описания предмета",
  "buy_price": 0,
  "sell_price": 500,
  "created": "2024-03-29T08:34:22.680Z",
  "type": "recipe"
 }
},
{
 "model": "item.item",
 "pk": 78,
 "fields": {
  "name": "Часть Железного Доспеха",
  "description": "Нет описания предмета",
  "buy_price": 0,
  "sell_price": 500,
  "created": "2024-03-29T08:35:29.970Z",
  "type": "material"
 }
},
{
 "model": "item.item",
 "pk": 79,
 "fields": {
  "name": "Рецепт: Железная Броня",
  "description": "Нет описания предмета",
  "buy_price": 0,
  "sell_price": 500,
  "created": "2024-03-29T08:35:33.557Z",
  "type": "recipe"
 }
},
{
 "model": "item.item",
 "pk": 80,
 "fields": {
  "name": "Магический Жезл",
  "description": "Нет описания предмета",
  "buy_price": 0,
  "sell_price": 15000,
  "created": "2024-03-29T08:42:04.963Z",
  "type": "weapon"
 }
},
{
 "model": "item.item",
 "pk": 81,
 "fields": {
  "name": "Железный Кинжал",
  "description": "Нет описания предмета",
  "buy_price": 0,
  "sell_price": 15000,
  "created": "2024-03-29T08:42:49.482Z",
  "type": "weapon"
 }
},
{
 "model": "item.item",
 "pk": 82,
 "fields": {
  "name": "Железная Дубина",
  "description": "Нет описания предмета",
  "buy_price": 0,
  "sell_price": 15000,
  "created": "2024-03-29T08:43:23.756Z",
  "type": "weapon"
 }
},
{
 "model": "item.item",
 "pk": 83,
 "fields": {
  "name": "Железный Меч",
  "description": "Нет описания предмета",
  "buy_price": 0,
  "sell_price": 15000,
  "created": "2024-03-29T08:43:47.378Z",
  "type": "weapon"
 }
},
{
 "model": "item.item",
 "pk": 84,
 "fields": {
  "name": "Осколок Железного Меча",
  "description": "Нет описания предмета",
  "buy_price": 0,
  "sell_price": 500,
  "created": "2024-03-29T08:45:16.171Z",
  "type": "material"
 }
},
{
 "model": "item.item",
 "pk": 85,
 "fields": {
  "name": "Рецепт: Железный Меч",
  "description": "Нет описания предмета",
  "buy_price": 0,
  "sell_price": 500,
  "created": "2024-03-29T08:45:21.627Z",
  "type": "recipe"
 }
},
{
 "model": "item.item",
 "pk": 86,
 "fields": {
  "name": "Осколок Железного Кинжала",
  "description": "Нет описания предмета",
  "buy_price": 0,
  "sell_price": 500,
  "created": "2024-03-29T08:47:03.927Z",
  "type": "material"
 }
},
{
 "model": "item.item",
 "pk": 87,
 "fields": {
  "name": "Рецепт: Железный Кинжал",
  "description": "Нет описания предмета",
  "buy_price": 0,
  "sell_price": 500,
  "created": "2024-03-29T08:47:07.643Z",
  "type": "recipe"
 }
},
{
 "model": "item.item",
 "pk": 88,
 "fields": {
  "name": "Осколок Железной Дубины",
  "description": "Нет описания предмета",
  "buy_price": 0,
  "sell_price": 500,
  "created": "2024-03-29T08:48:35.757Z",
  "type": "material"
 }
},
{
 "model": "item.item",
 "pk": 89,
 "fields": {
  "name": "Рецепт: Железная Дубина",
  "description": "Нет описания предмета",
  "buy_price": 0,
  "sell_price": 500,
  "created": "2024-03-29T08:48:39.622Z",
  "type": "recipe"
 }
},
{
 "model": "item.item",
 "pk": 90,
 "fields": {
  "name": "Осколок Магического Жезла",
  "description": "Нет описания предмета",
  "buy_price": 0,
  "sell_price": 500,
  "created": "2024-03-29T08:49:58.688Z",
  "type": "material"
 }
},
{
 "model": "item.item",
 "pk": 91,
 "fields": {
  "name": "Рецепт: Магический Жезл",
  "description": "Нет описания предмета",
  "buy_price": 0,
  "sell_price": 500,
  "created": "2024-03-29T08:50:02.310Z",
  "type": "recipe"
 }
},
{
 "model": "item.item",
 "pk": 92,
 "fields": {
  "name": "Мешок с Рецептами (Уровень 2)",
  "description": "Нет описания предмета",
  "buy_price": 0,
  "sell_price": 0,
  "created": "2024-03-29T09:01:05.402Z",
  "type": "bag"
 }
},
{
 "model": "item.item",
 "pk": 93,
 "fields": {
  "name": "Мешок с Броней (Уровень 2)",
  "description": "Нет описания предмета",
  "buy_price": 0,
  "sell_price": 0,
  "created": "2024-03-29T09:06:50.200Z",
  "type": "bag"
 }
},
{
 "model": "item.item",
 "pk": 94,
 "fields": {
  "name": "Мешок с Оружием (Уровень 2)",
  "description": "Нет описания предмета",
  "buy_price": 0,
  "sell_price": 0,
  "created": "2024-03-29T09:11:27.031Z",
  "type": "bag"
 }
},
{
 "model": "item.item",
 "pk": 95,
 "fields": {
  "name": "Мешок с Ресурсами (Уровень 2)",
  "description": "Нет описания предмета",
  "buy_price": 0,
  "sell_price": 0,
  "created": "2024-03-29T09:12:55.859Z",
  "type": "bag"
 }
},
{
 "model": "item.item",
 "pk": 96,
 "fields": {
  "name": "Книга: Уклонение Ур. 1",
  "description": "Нет описания предмета",
  "buy_price": 0,
  "sell_price": 1000,
  "created": "2024-03-29T10:09:40.381Z",
  "type": "book"
 }
},
{
 "model": "item.item",
 "pk": 97,
 "fields": {
  "name": "Книга: Создание Эликсира Ур. 1",
  "description": "Нет описания предмета",
  "buy_price": 0,
  "sell_price": 1000,
  "created": "2024-03-29T10:10:19.085Z",
  "type": "book"
 }
},
{
 "model": "item.item",
 "pk": 98,
 "fields": {
  "name": "Книга: Выживаемость Ур. 1",
  "description": "Нет описания предмета",
  "buy_price": 0,
  "sell_price": 0,
  "created": "2024-03-29T10:11:55.312Z",
  "type": "book"
 }
},
{
 "model": "item.item",
 "pk": 99,
 "fields": {
  "name": "Книга: Массовые Заклинания Ур. 1",
  "description": "Нет описания предмета",
  "buy_price": 0,
  "sell_price": 1000,
  "created": "2024-03-29T10:13:36.018Z",
  "type": "book"
 }
},
{
 "model": "item.item",
 "pk": 100,
 "fields": {
  "name": "Книга: Крепкая Броня Ур. 1",
  "description": "Нет описания предмета",
  "buy_price": 0,
  "sell_price": 1000,
  "created": "2024-03-29T10:15:24.564Z",
  "type": "book"
 }
},
{
 "model": "item.item",
 "pk": 101,
 "fields": {
  "name": "Книга: Невидимость Ур. 1",
  "description": "Нет описания предмета",
  "buy_price": 0,
  "sell_price": 1000,
  "created": "2024-03-29T10:15:58.702Z",
  "type": "book"
 }
},
{
 "model": "item.item",
 "pk": 102,
 "fields": {
  "name": "Книга: Огненный Шар Ур. 2",
  "description": "Нет описания предмета",
  "buy_price": 0,
  "sell_price": 1000,
  "created": "2024-03-29T10:16:31.426Z",
  "type": "book"
 }
},
{
 "model": "item.item",
 "pk": 103,
 "fields": {
  "name": "Мешок с Книгой (Уровень 2)",
  "description": "Нет описания предмета",
  "buy_price": 0,
  "sell_price": 0,
  "created": "2024-03-29T10:37:51.594Z",
  "type": "bag"
 }
},
{
 "model": "item.item",
 "pk": 104,
 "fields": {
  "name": "Эликсир Здоровья",
  "description": "Восполняет 10% Здоровья. Можно поставить на автоматическое использование",
  "buy_price": 100,
  "sell_price": 0,
  "created": "2024-03-31T18:18:55.287Z",
  "type": "potion"
 }
},
{
 "model": "item.item",
 "pk": 105,
 "fields": {
  "name": "Эликсир Маны",
  "description": "Восполняет 10% Маны. Можно поставить на автоматическое использование",
  "buy_price": 100,
  "sell_price": 0,
  "created": "2024-03-31T18:19:42.066Z",
  "type": "potion"
 }
},
{
 "model": "item.item",
 "pk": 106,
 "fields": {
  "name": "Книга: Удар со Спины Ур. 2",
  "description": "Нет описания предмета",
  "buy_price": 0,
  "sell_price": 1000,
  "created": "2024-04-01T12:37:54.654Z",
  "type": "book"
 }
},
{
 "model": "item.item",
 "pk": 107,
 "fields": {
  "name": "Книга: Удар Щитом Ур. 2",
  "description": "Нет описания предмета",
  "buy_price": 0,
  "sell_price": 1000,
  "created": "2024-04-01T12:38:37.277Z",
  "type": "book"
 }
},
{
 "model": "item.item",
 "pk": 108,
 "fields": {
  "name": "Книга: Усиленный Удар Ур. 2",
  "description": "Нет описания предмета",
  "buy_price": 0,
  "sell_price": 1000,
  "created": "2024-04-01T12:39:40.788Z",
  "type": "book"
 }
},
{
 "model": "item.equipment",
 "pk": 21,
 "fields": {
  "equipment_type": "robe"
 }
},
{
 "model": "item.equipment",
 "pk": 22,
 "fields": {
  "equipment_type": "light_armor"
 }
},
{
 "model": "item.equipment",
 "pk": 23,
 "fields": {
  "equipment_type": "heavy_armor"
 }
},
{
 "model": "item.equipment",
 "pk": 24,
 "fields": {
  "equipment_type": "robe"
 }
},
{
 "model": "item.equipment",
 "pk": 25,
 "fields": {
  "equipment_type": "light_armor"
 }
},
{
 "model": "item.equipment",
 "pk": 26,
 "fields": {
  "equipment_type": "heavy_armor"
 }
},
{
 "model": "item.equipment",
 "pk": 27,
 "fields": {
  "equipment_type": "bracelet"
 }
},
{
 "model": "item.equipment",
 "pk": 28,
 "fields": {
  "equipment_type": "staff"
 }
},
{
 "model": "item.equipment",
 "pk": 29,
 "fields": {
  "equipment_type": "sword"
 }
},
{
 "model": "item.equipment",
 "pk": 30,
 "fields": {
  "equipment_type": "dagger"
 }
},
{
 "model": "item.equipment",
 "pk": 31,
 "fields": {
  "equipment_type": "blunt"
 }
},
{
 "model": "item.equipment",
 "pk": 32,
 "fields": {
  "equipment_type": "staff"
 }
},
{
 "model": "item.equipment",
 "pk": 33,
 "fields": {
  "equipment_type": "sword"
 }
},
{
 "model": "item.equipment",
 "pk": 34,
 "fields": {
  "equipment_type": "dagger"
 }
},
{
 "model": "item.equipment",
 "pk": 35,
 "fields": {
  "equipment_type": "blunt"
 }
},
{
 "model": "item.equipment",
 "pk": 71,
 "fields": {
  "equipment_type": "heavy_armor"
 }
},
{
 "model": "item.equipment",
 "pk": 72,
 "fields": {
  "equipment_type": "light_armor"
 }
},
{
 "model": "item.equipment",
 "pk": 73,
 "fields": {
  "equipment_type": "robe"
 }
},
{
 "model": "item.equipment",
 "pk": 80,
 "fields": {
  "equipment_type": "staff"
 }
},
{
 "model": "item.equipment",
 "pk": 81,
 "fields": {
  "equipment_type": "dagger"
 }
},
{
 "model": "item.equipment",
 "pk": 82,
 "fields": {
  "equipment_type": "blunt"
 }
},
{
 "model": "item.equipment",
 "pk": 83,
 "fields": {
  "equipment_type": "sword"
 }
},
{
 "model": "item.armor",
 "pk": 21,
 "fields": {}
},
{
 "model": "item.armor",
 "pk": 22,
 "fields": {}
},
{
 "model": "item.armor",
 "pk": 23,
 "fields": {}
},
{
 "model": "item.armor",
 "pk": 24,
 "fields": {}
},
{
 "model": "item.armor",
 "pk": 25,
 "fields": {}
},
{
 "model": "item.armor",
 "pk": 26,
 "fields": {}
},
{
 "model": "item.armor",
 "pk": 27,
 "fields": {}
},
{
 "model": "item.armor",
 "pk": 71,
 "fields": {}
},
{
 "model": "item.armor",
 "pk": 72,
 "fields": {}
},
{
 "model": "item.armor",
 "pk": 73,
 "fields": {}
},
{
 "model": "item.weapon",
 "pk": 28,
 "fields": {}
},
{
 "model": "item.weapon",
 "pk": 29,
 "fields": {}
},
{
 "model": "item.weapon",
 "pk": 30,
 "fields": {}
},
{
 "model": "item.weapon",
 "pk": 31,
 "fields": {}
},
{
 "model": "item.weapon",
 "pk": 32,
 "fields": {}
},
{
 "model": "item.weapon",
 "pk": 33,
 "fields": {}
},
{
 "model": "item.weapon",
 "pk": 34,
 "fields": {}
},
{
 "model": "item.weapon",
 "pk": 35,
 "fields": {}
},
{
 "model": "item.weapon",
 "pk": 80,
 "fields": {}
},
{
 "model": "item.weapon",
 "pk": 81,
 "fields": {}
},
{
 "model": "item.weapon",
 "pk": 82,
 "fields": {}
},
{
 "model": "item.weapon",
 "pk": 83,
 "fields": {}
},
{
 "model": "item.talisman",
 "pk": 52,
 "fields": {
  "talisman_type": "defence"
 }
},
{
 "model": "item.talisman",
 "pk": 53,
 "fields": {
  "talisman_type": "exp"
 }
},
{
 "model": "item.talisman",
 "pk": 54,
 "fields": {
  "talisman_type": "drop"
 }
},
{
 "model": "item.talisman",
 "pk": 55,
 "fields": {
  "talisman_type": "hunting_time"
 }
},
{
 "model": "item.talisman",
 "pk": 56,
 "fields": {
  "talisman_type": "attack"
 }
},
{
 "model": "item.potion",
 "pk": 48,
 "fields": {
  "effect_time": "12:00:00"
 }
},
{
 "model": "item.potion",
 "pk": 49,
 "fields": {
  "effect_time": "12:00:00"
 }
},
{
 "model": "item.potion",
 "pk": 50,
 "fields": {
  "effect_time": "12:00:00"
 }
},
{
 "model": "item.potion",
 "pk": 51,
 "fields": {
  "effect_time": "12:00:00"
 }
},
{
 "model": "item.potion",
 "pk": 104,
 "fields": {
  "effect_time": "00:00:00"
 }
},
{
 "model": "item.potion",
 "pk": 105,
 "fields": {
  "effect_time": "00:00:00"
 }
},
{
 "model": "item.scroll",
 "pk": 45,
 "fields": {
  "enhance_type": "weapon"
 }
},
{
 "model": "item.scroll",
 "pk": 46,
 "fields": {
  "enhance_type": "talisman"
 }
},
{
 "model": "item.scroll",
 "pk": 47,
 "fields": {
  "enhance_type": "armor"
 }
},
{
 "model": "item.material",
 "pk": 15,
 "fields": {}
},
{
 "model": "item.material",
 "pk": 16,
 "fields": {}
},
{
 "model": "item.material",
 "pk": 17,
 "fields": {}
},
{
 "model": "item.material",
 "pk": 18,
 "fields": {}
},
{
 "model": "item.material",
 "pk": 19,
 "fields": {}
},
{
 "model": "item.material",
 "pk": 20,
 "fields": {}
},
{
 "model": "item.material",
 "pk": 62,
 "fields": {}
},
{
 "model": "item.material",
 "pk": 63,
 "fields": {}
},
{
 "model": "item.material",
 "pk": 64,
 "fields": {}
},
{
 "model": "item.material",
 "pk": 65,
 "fields": {}
},
{
 "model": "item.material",
 "pk": 66,
 "fields": {}
},
{
 "model": "item.material",
 "pk": 75,
 "fields": {}
},
{
 "model": "item.material",
 "pk": 76,
 "fields": {}
},
{
 "model": "item.material",
 "pk": 78,
 "fields": {}
},
{
 "model": "item.material",
 "pk": 84,
 "fields": {}
},
{
 "model": "item.material",
 "pk": 86,
 "fields": {}
},
{
 "model": "item.material",
 "pk": 88,
 "fields": {}
},
{
 "model": "item.material",
 "pk": 90,
 "fields": {}
},
{
 "model": "item.book",
 "pk": 57,
 "fields": {
  "character_class": 1,
  "required_level": 5,
  "required_skill": 7,
  "skill": 8
 }
},
{
 "model": "item.book",
 "pk": 58,
 "fields": {
  "character_class": 4,
  "required_level": 5,
  "required_skill": 3,
  "skill": 4
 }
},
{
 "model": "item.book",
 "pk": 59,
 "fields": {
  "character_class": 3,
  "required_level": 5,
  "required_skill": 6,
  "skill": 5
 }
},
{
 "model": "item.book",
 "pk": 60,
 "fields": {
  "character_class": 2,
  "required_level": 5,
  "required_skill": 1,
  "skill": 2
 }
},
{
 "model": "item.book",
 "pk": 96,
 "fields": {
  "character_class": 3,
  "required_level": 10,
  "required_skill": null,
  "skill": 15
 }
},
{
 "model": "item.book",
 "pk": 97,
 "fields": {
  "character_class": 2,
  "required_level": 10,
  "required_skill": null,
  "skill": 14
 }
},
{
 "model": "item.book",
 "pk": 98,
 "fields": {
  "character_class": 1,
  "required_level": 10,
  "required_skill": null,
  "skill": 13
 }
},
{
 "model": "item.book",
 "pk": 99,
 "fields": {
  "character_class": 4,
  "required_level": 10,
  "required_skill": null,
  "skill": 12
 }
},
{
 "model": "item.book",
 "pk": 100,
 "fields": {
  "character_class": 1,
  "required_level": 10,
  "required_skill": null,
  "skill": 11
 }
},
{
 "model": "item.book",
 "pk": 101,
 "fields": {
  "character_class": 3,
  "required_level": 10,
  "required_skill": null,
  "skill": 10
 }
},
{
 "model": "item.book",
 "pk": 102,
 "fields": {
  "character_class": 4,
  "required_level": 10,
  "required_skill": 9,
  "skill": 16
 }
},
{
 "model": "item.book",
 "pk": 106,
 "fields": {
  "character_class": 3,
  "required_level": 10,
  "required_skill": 21,
  "skill": 22
 }
},
{
 "model": "item.book",
 "pk": 107,
 "fields": {
  "character_class": 1,
  "required_level": 10,
  "required_skill": 19,
  "skill": 20
 }
},
{
 "model": "item.book",
 "pk": 108,
 "fields": {
  "character_class": 2,
  "required_level": 10,
  "required_skill": 17,
  "skill": 18
 }
},
{
 "model": "item.recipe",
 "pk": 36,
 "fields": {
  "level": 1,
  "chance": 100,
  "create": 32
 }
},
{
 "model": "item.recipe",
 "pk": 37,
 "fields": {
  "level": 1,
  "chance": 100,
  "create": 35
 }
},
{
 "model": "item.recipe",
 "pk": 38,
 "fields": {
  "level": 1,
  "chance": 100,
  "create": 33
 }
},
{
 "model": "item.recipe",
 "pk": 39,
 "fields": {
  "level": 1,
  "chance": 100,
  "create": 25
 }
},
{
 "model": "item.recipe",
 "pk": 40,
 "fields": {
  "level": 1,
  "chance": 100,
  "create": 34
 }
},
{
 "model": "item.recipe",
 "pk": 41,
 "fields": {
  "level": 1,
  "chance": 100,
  "create": 26
 }
},
{
 "model": "item.recipe",
 "pk": 42,
 "fields": {
  "level": 1,
  "chance": 100,
  "create": 24
 }
},
{
 "model": "item.recipe",
 "pk": 43,
 "fields": {
  "level": 2,
  "chance": 60,
  "create": 10
 }
},
{
 "model": "item.recipe",
 "pk": 44,
 "fields": {
  "level": 2,
  "chance": 60,
  "create": 11
 }
},
{
 "model": "item.recipe",
 "pk": 61,
 "fields": {
  "level": 2,
  "chance": 60,
  "create": 27
 }
},
{
 "model": "item.recipe",
 "pk": 67,
 "fields": {
  "level": 2,
  "chance": 100,
  "create": 64
 }
},
{
 "model": "item.recipe",
 "pk": 68,
 "fields": {
  "level": 2,
  "chance": 100,
  "create": 66
 }
},
{
 "model": "item.recipe",
 "pk": 69,
 "fields": {
  "level": 2,
  "chance": 100,
  "create": 65
 }
},
{
 "model": "item.recipe",
 "pk": 70,
 "fields": {
  "level": 2,
  "chance": 100,
  "create": 63
 }
},
{
 "model": "item.recipe",
 "pk": 74,
 "fields": {
  "level": 2,
  "chance": 60,
  "create": 73
 }
},
{
 "model": "item.recipe",
 "pk": 77,
 "fields": {
  "level": 2,
  "chance": 60,
  "create": 72
 }
},
{
 "model": "item.recipe",
 "pk": 79,
 "fields": {
  "level": 2,
  "chance": 60,
  "create": 71
 }
},
{
 "model": "item.recipe",
 "pk": 85,
 "fields": {
  "level": 2,
  "chance": 60,
  "create": 83
 }
},
{
 "model": "item.recipe",
 "pk": 87,
 "fields": {
  "level": 2,
  "chance": 60,
  "create": 81
 }
},
{
 "model": "item.recipe",
 "pk": 89,
 "fields": {
  "level": 2,
  "chance": 60,
  "create": 82
 }
},
{
 "model": "item.recipe",
 "pk": 91,
 "fields": {
  "level": 2,
  "chance": 60,
  "create": 80
 }
},
{
 "model": "item.etc",
 "pk": 1,
 "fields": {}
},
{
 "model": "item.etc",
 "pk": 2,
 "fields": {}
},
{
 "model": "item.etc",
 "pk": 13,
 "fields": {}
},
{
 "model": "item.etc",
 "pk": 14,
 "fields": {}
},
{
 "model": "item.bag",
 "pk": 3,
 "fields": {}
},
{
 "model": "item.bag",
 "pk": 4,
 "fields": {}
},
{
 "model": "item.bag",
 "pk": 5,
 "fields": {}
},
{
 "model": "item.bag",
 "pk": 6,
 "fields": {}
},
{
 "model": "item.bag",
 "pk": 7,
 "fields": {}
},
{
 "model": "item.bag",
 "pk": 8,
 "fields": {}
},
{
 "model": "item.bag",
 "pk": 9,
 "fields": {}
},
{
 "model": "item.bag",
 "pk": 10,
 "fields": {}
},
{
 "model": "item.bag",
 "pk": 11,
 "fields": {}
},
{
 "model": "item.bag",
 "pk": 12,
 "fields": {}
},
{
 "model": "item.bag",
 "pk": 92,
 "fields": {}
},
{
 "model": "item.bag",
 "pk": 93,
 "fields": {}
},
{
 "model": "item.bag",
 "pk": 94,
 "fields": {}
},
{
 "model": "item.bag",
 "pk": 95,
 "fields": {}
},
{
 "model": "item.bag",
 "pk": 103,
 "fields": {}
},
{
 "model": "item.bagitem",
 "pk": 1,
 "fields": {
  "item": 15,
  "bag": 3,
  "chance": 20
 }
},
{
 "model": "item.bagitem",
 "pk": 2,
 "fields": {
  "item": 16,
  "bag": 3,
  "chance": 20
 }
},
{
 "model": "item.bagitem",
 "pk": 3,
 "fields": {
  "item": 17,
  "bag": 3,
  "chance": 20
 }
},
{
 "model": "item.bagitem",
 "pk": 4,
 "fields": {
  "item": 18,
  "bag": 3,
  "chance": 20
 }
},
{
 "model": "item.bagitem",
 "pk": 5,
 "fields": {
  "item": 48,
  "bag": 5,
  "chance": 25
 }
},
{
 "model": "item.bagitem",
 "pk": 6,
 "fields": {
  "item": 49,
  "bag": 5,
  "chance": 25
 }
},
{
 "model": "item.bagitem",
 "pk": 7,
 "fields": {
  "item": 50,
  "bag": 5,
  "chance": 25
 }
},
{
 "model": "item.bagitem",
 "pk": 8,
 "fields": {
  "item": 51,
  "bag": 5,
  "chance": 25
 }
},
{
 "model": "item.bagitem",
 "pk": 9,
 "fields": {
  "item": 36,
  "bag": 6,
  "chance": 15
 }
},
{
 "model": "item.bagitem",
 "pk": 10,
 "fields": {
  "item": 37,
  "bag": 6,
  "chance": 15
 }
},
{
 "model": "item.bagitem",
 "pk": 11,
 "fields": {
  "item": 40,
  "bag": 6,
  "chance": 15
 }
},
{
 "model": "item.bagitem",
 "pk": 12,
 "fields": {
  "item": 38,
  "bag": 6,
  "chance": 15
 }
},
{
 "model": "item.bagitem",
 "pk": 13,
 "fields": {
  "item": 41,
  "bag": 6,
  "chance": 15
 }
},
{
 "model": "item.bagitem",
 "pk": 14,
 "fields": {
  "item": 42,
  "bag": 6,
  "chance": 15
 }
},
{
 "model": "item.bagitem",
 "pk": 15,
 "fields": {
  "item": 39,
  "bag": 6,
  "chance": 15
 }
},
{
 "model": "item.bagitem",
 "pk": 16,
 "fields": {
  "item": 21,
  "bag": 7,
  "chance": 25
 }
},
{
 "model": "item.bagitem",
 "pk": 17,
 "fields": {
  "item": 22,
  "bag": 7,
  "chance": 25
 }
},
{
 "model": "item.bagitem",
 "pk": 18,
 "fields": {
  "item": 23,
  "bag": 7,
  "chance": 25
 }
},
{
 "model": "item.bagitem",
 "pk": 19,
 "fields": {
  "item": 24,
  "bag": 7,
  "chance": 5
 }
},
{
 "model": "item.bagitem",
 "pk": 20,
 "fields": {
  "item": 25,
  "bag": 7,
  "chance": 5
 }
},
{
 "model": "item.bagitem",
 "pk": 21,
 "fields": {
  "item": 26,
  "bag": 7,
  "chance": 5
 }
},
{
 "model": "item.bagitem",
 "pk": 22,
 "fields": {
  "item": 28,
  "bag": 4,
  "chance": 23
 }
},
{
 "model": "item.bagitem",
 "pk": 23,
 "fields": {
  "item": 30,
  "bag": 4,
  "chance": 23
 }
},
{
 "model": "item.bagitem",
 "pk": 24,
 "fields": {
  "item": 29,
  "bag": 4,
  "chance": 23
 }
},
{
 "model": "item.bagitem",
 "pk": 25,
 "fields": {
  "item": 31,
  "bag": 4,
  "chance": 23
 }
},
{
 "model": "item.bagitem",
 "pk": 26,
 "fields": {
  "item": 32,
  "bag": 4,
  "chance": 2
 }
},
{
 "model": "item.bagitem",
 "pk": 27,
 "fields": {
  "item": 33,
  "bag": 4,
  "chance": 2
 }
},
{
 "model": "item.bagitem",
 "pk": 28,
 "fields": {
  "item": 34,
  "bag": 4,
  "chance": 2
 }
},
{
 "model": "item.bagitem",
 "pk": 29,
 "fields": {
  "item": 35,
  "bag": 4,
  "chance": 2
 }
},
{
 "model": "item.bagitem",
 "pk": 30,
 "fields": {
  "item": 45,
  "bag": 8,
  "chance": 1
 }
},
{
 "model": "item.bagitem",
 "pk": 31,
 "fields": {
  "item": 47,
  "bag": 8,
  "chance": 1
 }
},
{
 "model": "item.bagitem",
 "pk": 32,
 "fields": {
  "item": 46,
  "bag": 8,
  "chance": 1
 }
},
{
 "model": "item.bagitem",
 "pk": 33,
 "fields": {
  "item": 52,
  "bag": 9,
  "chance": 1
 }
},
{
 "model": "item.bagitem",
 "pk": 34,
 "fields": {
  "item": 53,
  "bag": 9,
  "chance": 1
 }
},
{
 "model": "item.bagitem",
 "pk": 35,
 "fields": {
  "item": 54,
  "bag": 9,
  "chance": 1
 }
},
{
 "model": "item.bagitem",
 "pk": 36,
 "fields": {
  "item": 56,
  "bag": 9,
  "chance": 1
 }
},
{
 "model": "item.bagitem",
 "pk": 37,
 "fields": {
  "item": 55,
  "bag": 9,
  "chance": 1
 }
},
{
 "model": "item.bagitem",
 "pk": 38,
 "fields": {
  "item": 19,
  "bag": 9,
  "chance": 120
 }
},
{
 "model": "item.bagitem",
 "pk": 39,
 "fields": {
  "item": 20,
  "bag": 8,
  "chance": 120
 }
},
{
 "model": "item.bagitem",
 "pk": 40,
 "fields": {
  "item": 52,
  "bag": 10,
  "chance": 1
 }
},
{
 "model": "item.bagitem",
 "pk": 41,
 "fields": {
  "item": 53,
  "bag": 10,
  "chance": 1
 }
},
{
 "model": "item.bagitem",
 "pk": 42,
 "fields": {
  "item": 54,
  "bag": 10,
  "chance": 1
 }
},
{
 "model": "item.bagitem",
 "pk": 43,
 "fields": {
  "item": 55,
  "bag": 10,
  "chance": 1
 }
},
{
 "model": "item.bagitem",
 "pk": 44,
 "fields": {
  "item": 56,
  "bag": 10,
  "chance": 1
 }
},
{
 "model": "item.bagitem",
 "pk": 45,
 "fields": {
  "item": 45,
  "bag": 11,
  "chance": 1
 }
},
{
 "model": "item.bagitem",
 "pk": 46,
 "fields": {
  "item": 46,
  "bag": 11,
  "chance": 1
 }
},
{
 "model": "item.bagitem",
 "pk": 47,
 "fields": {
  "item": 47,
  "bag": 11,
  "chance": 1
 }
},
{
 "model": "item.bagitem",
 "pk": 48,
 "fields": {
  "item": 57,
  "bag": 12,
  "chance": 1
 }
},
{
 "model": "item.bagitem",
 "pk": 49,
 "fields": {
  "item": 58,
  "bag": 12,
  "chance": 1
 }
},
{
 "model": "item.bagitem",
 "pk": 50,
 "fields": {
  "item": 59,
  "bag": 12,
  "chance": 1
 }
},
{
 "model": "item.bagitem",
 "pk": 51,
 "fields": {
  "item": 60,
  "bag": 12,
  "chance": 1
 }
},
{
 "model": "item.bagitem",
 "pk": 52,
 "fields": {
  "item": 79,
  "bag": 92,
  "chance": 3
 }
},
{
 "model": "item.bagitem",
 "pk": 53,
 "fields": {
  "item": 43,
  "bag": 92,
  "chance": 1
 }
},
{
 "model": "item.bagitem",
 "pk": 54,
 "fields": {
  "item": 44,
  "bag": 92,
  "chance": 1
 }
},
{
 "model": "item.bagitem",
 "pk": 55,
 "fields": {
  "item": 74,
  "bag": 92,
  "chance": 3
 }
},
{
 "model": "item.bagitem",
 "pk": 56,
 "fields": {
  "item": 61,
  "bag": 92,
  "chance": 2
 }
},
{
 "model": "item.bagitem",
 "pk": 57,
 "fields": {
  "item": 68,
  "bag": 92,
  "chance": 5
 }
},
{
 "model": "item.bagitem",
 "pk": 58,
 "fields": {
  "item": 67,
  "bag": 92,
  "chance": 5
 }
},
{
 "model": "item.bagitem",
 "pk": 59,
 "fields": {
  "item": 70,
  "bag": 92,
  "chance": 5
 }
},
{
 "model": "item.bagitem",
 "pk": 60,
 "fields": {
  "item": 69,
  "bag": 92,
  "chance": 5
 }
},
{
 "model": "item.bagitem",
 "pk": 61,
 "fields": {
  "item": 77,
  "bag": 92,
  "chance": 3
 }
},
{
 "model": "item.bagitem",
 "pk": 62,
 "fields": {
  "item": 91,
  "bag": 92,
  "chance": 3
 }
},
{
 "model": "item.bagitem",
 "pk": 63,
 "fields": {
  "item": 89,
  "bag": 92,
  "chance": 3
 }
},
{
 "model": "item.bagitem",
 "pk": 64,
 "fields": {
  "item": 87,
  "bag": 92,
  "chance": 3
 }
},
{
 "model": "item.bagitem",
 "pk": 65,
 "fields": {
  "item": 85,
  "bag": 92,
  "chance": 3
 }
},
{
 "model": "item.bagitem",
 "pk": 66,
 "fields": {
  "item": 71,
  "bag": 93,
  "chance": 1
 }
},
{
 "model": "item.bagitem",
 "pk": 67,
 "fields": {
  "item": 72,
  "bag": 93,
  "chance": 1
 }
},
{
 "model": "item.bagitem",
 "pk": 68,
 "fields": {
  "item": 73,
  "bag": 93,
  "chance": 1
 }
},
{
 "model": "item.bagitem",
 "pk": 69,
 "fields": {
  "item": 76,
  "bag": 93,
  "chance": 150
 }
},
{
 "model": "item.bagitem",
 "pk": 70,
 "fields": {
  "item": 78,
  "bag": 93,
  "chance": 150
 }
},
{
 "model": "item.bagitem",
 "pk": 71,
 "fields": {
  "item": 75,
  "bag": 93,
  "chance": 150
 }
},
{
 "model": "item.bagitem",
 "pk": 72,
 "fields": {
  "item": 82,
  "bag": 94,
  "chance": 1
 }
},
{
 "model": "item.bagitem",
 "pk": 73,
 "fields": {
  "item": 80,
  "bag": 94,
  "chance": 1
 }
},
{
 "model": "item.bagitem",
 "pk": 74,
 "fields": {
  "item": 81,
  "bag": 94,
  "chance": 1
 }
},
{
 "model": "item.bagitem",
 "pk": 75,
 "fields": {
  "item": 83,
  "bag": 94,
  "chance": 1
 }
},
{
 "model": "item.bagitem",
 "pk": 76,
 "fields": {
  "item": 84,
  "bag": 94,
  "chance": 150
 }
},
{
 "model": "item.bagitem",
 "pk": 77,
 "fields": {
  "item": 88,
  "bag": 94,
  "chance": 150
 }
},
{
 "model": "item.bagitem",
 "pk": 78,
 "fields": {
  "item": 90,
  "bag": 94,
  "chance": 150
 }
},
{
 "model": "item.bagitem",
 "pk": 79,
 "fields": {
  "item": 86,
  "bag": 94,
  "chance": 150
 }
},
{
 "model": "item.bagitem",
 "pk": 80,
 "fields": {
  "item": 64,
  "bag": 95,
  "chance": 1
 }
},
{
 "model": "item.bagitem",
 "pk": 81,
 "fields": {
  "item": 65,
  "bag": 95,
  "chance": 1
 }
},
{
 "model": "item.bagitem",
 "pk": 82,
 "fields": {
  "item": 63,
  "bag": 95,
  "chance": 1
 }
},
{
 "model": "item.bagitem",
 "pk": 83,
 "fields": {
  "item": 66,
  "bag": 95,
  "chance": 1
 }
},
{
 "model": "item.bagitem",
 "pk": 84,
 "fields": {
  "item": 16,
  "bag": 95,
  "chance": 7
 }
},
{
 "model": "item.bagitem",
 "pk": 85,
 "fields": {
  "item": 15,
  "bag": 95,
  "chance": 7
 }
},
{
 "model": "item.bagitem",
 "pk": 86,
 "fields": {
  "item": 17,
  "bag": 95,
  "chance": 7
 }
},
{
 "model": "item.bagitem",
 "pk": 87,
 "fields": {
  "item": 18,
  "bag": 95,
  "chance": 7
 }
},
{
 "model": "item.bagitem",
 "pk": 88,
 "fields": {
  "item": 27,
  "bag": 93,
  "chance": 1
 }
},
{
 "model": "item.bagitem",
 "pk": 89,
 "fields": {
  "item": 62,
  "bag": 93,
  "chance": 150
 }
},
{
 "model": "item.bagitem",
 "pk": 90,
 "fields": {
  "item": 101,
  "bag": 103,
  "chance": 1
 }
},
{
 "model": "item.bagitem",
 "pk": 91,
 "fields": {
  "item": 102,
  "bag": 103,
  "chance": 1
 }
},
{
 "model": "item.bagitem",
 "pk": 92,
 "fields": {
  "item": 96,
  "bag": 103,
  "chance": 1
 }
},
{
 "model": "item.bagitem",
 "pk": 93,
 "fields": {
  "item": 97,
  "bag": 103,
  "chance": 1
 }
},
{
 "model": "item.bagitem",
 "pk": 94,
 "fields": {
  "item": 98,
  "bag": 103,
  "chance": 1
 }
},
{
 "model": "item.bagitem",
 "pk": 95,
 "fields": {
  "item": 99,
  "bag": 103,
  "chance": 1
 }
},
{
 "model": "item.bagitem",
 "pk": 96,
 "fields": {
  "item": 100,
  "bag": 103,
  "chance": 1
 }
},
{
 "model": "item.bagitem",
 "pk": 97,
 "fields": {
  "item": 107,
  "bag": 103,
  "chance": 1
 }
},
{
 "model": "item.bagitem",
 "pk": 98,
 "fields": {
  "item": 106,
  "bag": 103,
  "chance": 1
 }
},
{
 "model": "item.bagitem",
 "pk": 99,
 "fields": {
  "item": 108,
  "bag": 103,
  "chance": 1
 }
},
{
 "model": "item.effect",
 "pk": 1,
 "fields": {
  "property": "defence",
  "amount": 12,
  "in_percent": false,
  "slug": "potion"
 }
},
{
 "model": "item.effect",
 "pk": 2,
 "fields": {
  "property": "defence",
  "amount": 4,
  "in_percent": false,
  "slug": "potion"
 }
},
{
 "model": "item.effect",
 "pk": 3,
 "fields": {
  "property": "defence",
  "amount": 5,
  "in_percent": false,
  "slug": "potion"
 }
},
{
 "model": "item.effect",
 "pk": 4,
 "fields": {
  "property": "defence",
  "amount": 6,
  "in_percent": false,
  "slug": "potion"
 }
},
{
 "model": "item.effect",
 "pk": 5,
 "fields": {
  "property": "defence",
  "amount": 11,
  "in_percent": false,
  "slug": "potion"
 }
},
{
 "model": "item.effect",
 "pk": 6,
 "fields": {
  "property": "defence",
  "amount": 9,
  "in_percent": false,
  "slug": "potion"
 }
},
{
 "model": "item.effect",
 "pk": 7,
 "fields": {
  "property": "attack",
  "amount": 10,
  "in_percent": false,
  "slug": "potion"
 }
},
{
 "model": "item.effect",
 "pk": 8,
 "fields": {
  "property": "attack",
  "amount": 11,
  "in_percent": false,
  "slug": "potion"
 }
},
{
 "model": "item.effect",
 "pk": 9,
 "fields": {
  "property": "attack",
  "amount": 12,
  "in_percent": false,
  "slug": "potion"
 }
},
{
 "model": "item.effect",
 "pk": 10,
 "fields": {
  "property": "attack",
  "amount": 5,
  "in_percent": false,
  "slug": "potion"
 }
},
{
 "model": "item.effect",
 "pk": 11,
 "fields": {
  "property": "attack",
  "amount": 6,
  "in_percent": false,
  "slug": "potion"
 }
},
{
 "model": "item.effect",
 "pk": 12,
 "fields": {
  "property": "attack",
  "amount": 4,
  "in_percent": false,
  "slug": "potion"
 }
},
{
 "model": "item.effect",
 "pk": 13,
 "fields": {
  "property": "defence",
  "amount": 10,
  "in_percent": true,
  "slug": "potion"
 }
},
{
 "model": "item.effect",
 "pk": 14,
 "fields": {
  "property": "attack",
  "amount": 10,
  "in_percent": true,
  "slug": "potion"
 }
},
{
 "model": "item.effect",
 "pk": 15,
 "fields": {
  "property": "drop",
  "amount": 10,
  "in_percent": true,
  "slug": "potion"
 }
},
{
 "model": "item.effect",
 "pk": 16,
 "fields": {
  "property": "exp",
  "amount": 10,
  "in_percent": true,
  "slug": "potion"
 }
},
{
 "model": "item.effect",
 "pk": 17,
 "fields": {
  "property": "hunting_time",
  "amount": 10,
  "in_percent": true,
  "slug": "potion"
 }
},
{
 "model": "item.effect",
 "pk": 18,
 "fields": {
  "property": "defence",
  "amount": -10,
  "in_percent": true,
  "slug": "fatigue"
 }
},
{
 "model": "item.effect",
 "pk": 19,
 "fields": {
  "property": "attack",
  "amount": -10,
  "in_percent": true,
  "slug": "fatigue"
 }
},
{
 "model": "item.effect",
 "pk": 20,
 "fields": {
  "property": "attack",
  "amount": 20,
  "in_percent": true,
  "slug": "skill"
 }
},
{
 "model": "item.effect",
 "pk": 21,
 "fields": {
  "property": "defence",
  "amount": 20,
  "in_percent": true,
  "slug": "skill"
 }
},
{
 "model": "item.effect",
 "pk": 22,
 "fields": {
  "property": "drop",
  "amount": 20,
  "in_percent": true,
  "slug": "skill"
 }
},
{
 "model": "item.effect",
 "pk": 23,
 "fields": {
  "property": "attack",
  "amount": 5,
  "in_percent": false,
  "slug": "skill"
 }
},
{
 "model": "item.effect",
 "pk": 24,
 "fields": {
  "property": "defence",
  "amount": 20,
  "in_percent": false,
  "slug": "item"
 }
},
{
 "model": "item.effect",
 "pk": 25,
 "fields": {
  "property": "defence",
  "amount": 16,
  "in_percent": false,
  "slug": "item"
 }
},
{
 "model": "item.effect",
 "pk": 26,
 "fields": {
  "property": "defence",
  "amount": 14,
  "in_percent": false,
  "slug": "potion"
 }
},
{
 "model": "item.effect",
 "pk": 27,
 "fields": {
  "property": "attack",
  "amount": 20,
  "in_percent": false,
  "slug": "item"
 }
},
{
 "model": "item.effect",
 "pk": 28,
 "fields": {
  "property": "attack",
  "amount": 18,
  "in_percent": false,
  "slug": "potion"
 }
},
{
 "model": "item.effect",
 "pk": 29,
 "fields": {
  "property": "attack",
  "amount": 17,
  "in_percent": false,
  "slug": "item"
 }
},
{
 "model": "item.effect",
 "pk": 30,
 "fields": {
  "property": "pvp",
  "amount": 5,
  "in_percent": true,
  "slug": "skill"
 }
},
{
 "model": "item.effect",
 "pk": 31,
 "fields": {
  "property": "mass_attack",
  "amount": 5,
  "in_percent": true,
  "slug": "skill"
 }
},
{
 "model": "item.effect",
 "pk": 32,
 "fields": {
  "property": "no_death_exp",
  "amount": 5,
  "in_percent": true,
  "slug": "skill"
 }
},
{
 "model": "item.effect",
 "pk": 33,
 "fields": {
  "property": "evasion",
  "amount": 5,
  "in_percent": true,
  "slug": "skill"
 }
},
{
 "model": "item.effect",
 "pk": 34,
 "fields": {
  "property": "attack",
  "amount": 10,
  "in_percent": false,
  "slug": "skill"
 }
},
{
 "model": "item.effect",
 "pk": 35,
 "fields": {
  "property": "invisible",
  "amount": 0,
  "in_percent": true,
  "slug": "skill"
 }
},
{
 "model": "item.effect",
 "pk": 36,
 "fields": {
  "property": "mana",
  "amount": 10,
  "in_percent": true,
  "slug": "potion"
 }
},
{
 "model": "item.effect",
 "pk": 37,
 "fields": {
  "property": "health",
  "amount": 10,
  "in_percent": true,
  "slug": "potion"
 }
},
{
 "model": "item.effect",
 "pk": 38,
 "fields": {
  "property": "max_mana",
  "amount": 20,
  "in_percent": false,
  "slug": "item"
 }
},
{
 "model": "item.effect",
 "pk": 40,
 "fields": {
  "property": "max_mana",
  "amount": 32,
  "in_percent": false,
  "slug": "item"
 }
},
{
 "model": "item.effect",
 "pk": 41,
 "fields": {
  "property": "max_mana",
  "amount": 48,
  "in_percent": false,
  "slug": "item"
 }
},
{
 "model": "item.effect",
 "pk": 42,
 "fields": {
  "property": "attack",
  "amount": 4,
  "in_percent": false,
  "slug": "skill"
 }
},
{
 "model": "item.effect",
 "pk": 43,
 "fields": {
  "property": "attack",
  "amount": 8,
  "in_percent": false,
  "slug": "skill"
 }
},
{
 "model": "item.itemeffect",
 "pk": 1,
 "fields": {
  "item": 27,
  "effect": 1
 }
},
{
 "model": "item.itemeffect",
 "pk": 2,
 "fields": {
  "item": 21,
  "effect": 2
 }
},
{
 "model": "item.itemeffect",
 "pk": 3,
 "fields": {
  "item": 22,
  "effect": 3
 }
},
{
 "model": "item.itemeffect",
 "pk": 4,
 "fields": {
  "item": 23,
  "effect": 4
 }
},
{
 "model": "item.itemeffect",
 "pk": 5,
 "fields": {
  "item": 26,
  "effect": 1
 }
},
{
 "model": "item.itemeffect",
 "pk": 6,
 "fields": {
  "item": 25,
  "effect": 5
 }
},
{
 "model": "item.itemeffect",
 "pk": 7,
 "fields": {
  "item": 24,
  "effect": 6
 }
},
{
 "model": "item.itemeffect",
 "pk": 8,
 "fields": {
  "item": 33,
  "effect": 7
 }
},
{
 "model": "item.itemeffect",
 "pk": 9,
 "fields": {
  "item": 35,
  "effect": 8
 }
},
{
 "model": "item.itemeffect",
 "pk": 10,
 "fields": {
  "item": 34,
  "effect": 9
 }
},
{
 "model": "item.itemeffect",
 "pk": 11,
 "fields": {
  "item": 32,
  "effect": 9
 }
},
{
 "model": "item.itemeffect",
 "pk": 12,
 "fields": {
  "item": 31,
  "effect": 10
 }
},
{
 "model": "item.itemeffect",
 "pk": 13,
 "fields": {
  "item": 30,
  "effect": 11
 }
},
{
 "model": "item.itemeffect",
 "pk": 14,
 "fields": {
  "item": 29,
  "effect": 12
 }
},
{
 "model": "item.itemeffect",
 "pk": 15,
 "fields": {
  "item": 28,
  "effect": 11
 }
},
{
 "model": "item.itemeffect",
 "pk": 16,
 "fields": {
  "item": 49,
  "effect": 14
 }
},
{
 "model": "item.itemeffect",
 "pk": 17,
 "fields": {
  "item": 50,
  "effect": 13
 }
},
{
 "model": "item.itemeffect",
 "pk": 18,
 "fields": {
  "item": 51,
  "effect": 16
 }
},
{
 "model": "item.itemeffect",
 "pk": 19,
 "fields": {
  "item": 48,
  "effect": 17
 }
},
{
 "model": "item.itemeffect",
 "pk": 20,
 "fields": {
  "item": 56,
  "effect": 14
 }
},
{
 "model": "item.itemeffect",
 "pk": 21,
 "fields": {
  "item": 71,
  "effect": 24
 }
},
{
 "model": "item.itemeffect",
 "pk": 22,
 "fields": {
  "item": 72,
  "effect": 25
 }
},
{
 "model": "item.itemeffect",
 "pk": 23,
 "fields": {
  "item": 73,
  "effect": 26
 }
},
{
 "model": "item.itemeffect",
 "pk": 24,
 "fields": {
  "item": 80,
  "effect": 27
 }
},
{
 "model": "item.itemeffect",
 "pk": 25,
 "fields": {
  "item": 81,
  "effect": 28
 }
},
{
 "model": "item.itemeffect",
 "pk": 26,
 "fields": {
  "item": 82,
  "effect": 28
 }
},
{
 "model": "item.itemeffect",
 "pk": 27,
 "fields": {
  "item": 83,
  "effect": 29
 }
},
{
 "model": "item.itemeffect",
 "pk": 28,
 "fields": {
  "item": 105,
  "effect": 36
 }
},
{
 "model": "item.itemeffect",
 "pk": 29,
 "fields": {
  "item": 104,
  "effect": 37
 }
},
{
 "model": "item.itemeffect",
 "pk": 30,
 "fields": {
  "item": 21,
  "effect": 38
 }
},
{
 "model": "item.itemeffect",
 "pk": 31,
 "fields": {
  "item": 24,
  "effect": 40
 }
},
{
 "model": "item.itemeffect",
 "pk": 32,
 "fields": {
  "item": 73,
  "effect": 41
 }
},
{
 "model": "item.craftingitem",
 "pk": 1,
 "fields": {
  "material": 15,
  "recipe": 36,
  "amount": 20
 }
},
{
 "model": "item.craftingitem",
 "pk": 2,
 "fields": {
  "material": 17,
  "recipe": 36,
  "amount": 80
 }
},
{
 "model": "item.craftingitem",
 "pk": 3,
 "fields": {
  "material": 17,
  "recipe": 37,
  "amount": 60
 }
},
{
 "model": "item.craftingitem",
 "pk": 4,
 "fields": {
  "material": 15,
  "recipe": 37,
  "amount": 20
 }
},
{
 "model": "item.craftingitem",
 "pk": 5,
 "fields": {
  "material": 17,
  "recipe": 40,
  "amount": 20
 }
},
{
 "model": "item.craftingitem",
 "pk": 6,
 "fields": {
  "material": 15,
  "recipe": 40,
  "amount": 60
 }
},
{
 "model": "item.craftingitem",
 "pk": 7,
 "fields": {
  "material": 17,
  "recipe": 38,
  "amount": 60
 }
},
{
 "model": "item.craftingitem",
 "pk": 8,
 "fields": {
  "material": 15,
  "recipe": 38,
  "amount": 20
 }
},
{
 "model": "item.craftingitem",
 "pk": 9,
 "fields": {
  "material": 15,
  "recipe": 41,
  "amount": 60
 }
},
{
 "model": "item.craftingitem",
 "pk": 10,
 "fields": {
  "material": 16,
  "recipe": 41,
  "amount": 20
 }
},
{
 "model": "item.craftingitem",
 "pk": 11,
 "fields": {
  "material": 16,
  "recipe": 39,
  "amount": 60
 }
},
{
 "model": "item.craftingitem",
 "pk": 12,
 "fields": {
  "material": 18,
  "recipe": 39,
  "amount": 20
 }
},
{
 "model": "item.craftingitem",
 "pk": 13,
 "fields": {
  "material": 18,
  "recipe": 42,
  "amount": 60
 }
},
{
 "model": "item.craftingitem",
 "pk": 14,
 "fields": {
  "material": 16,
  "recipe": 42,
  "amount": 20
 }
},
{
 "model": "item.craftingitem",
 "pk": 15,
 "fields": {
  "material": 19,
  "recipe": 43,
  "amount": 300
 }
},
{
 "model": "item.craftingitem",
 "pk": 16,
 "fields": {
  "material": 20,
  "recipe": 44,
  "amount": 300
 }
},
{
 "model": "item.craftingitem",
 "pk": 17,
 "fields": {
  "material": 62,
  "recipe": 61,
  "amount": 7
 }
},
{
 "model": "item.craftingitem",
 "pk": 18,
 "fields": {
  "material": 63,
  "recipe": 61,
  "amount": 100
 }
},
{
 "model": "item.craftingitem",
 "pk": 19,
 "fields": {
  "material": 64,
  "recipe": 61,
  "amount": 30
 }
},
{
 "model": "item.craftingitem",
 "pk": 20,
 "fields": {
  "material": 16,
  "recipe": 67,
  "amount": 10
 }
},
{
 "model": "item.craftingitem",
 "pk": 21,
 "fields": {
  "material": 18,
  "recipe": 68,
  "amount": 10
 }
},
{
 "model": "item.craftingitem",
 "pk": 22,
 "fields": {
  "material": 17,
  "recipe": 69,
  "amount": 10
 }
},
{
 "model": "item.craftingitem",
 "pk": 23,
 "fields": {
  "material": 15,
  "recipe": 70,
  "amount": 10
 }
},
{
 "model": "item.craftingitem",
 "pk": 24,
 "fields": {
  "material": 66,
  "recipe": 74,
  "amount": 100
 }
},
{
 "model": "item.craftingitem",
 "pk": 25,
 "fields": {
  "material": 64,
  "recipe": 74,
  "amount": 30
 }
},
{
 "model": "item.craftingitem",
 "pk": 26,
 "fields": {
  "material": 75,
  "recipe": 74,
  "amount": 7
 }
},
{
 "model": "item.craftingitem",
 "pk": 27,
 "fields": {
  "material": 64,
  "recipe": 77,
  "amount": 100
 }
},
{
 "model": "item.craftingitem",
 "pk": 28,
 "fields": {
  "material": 66,
  "recipe": 77,
  "amount": 30
 }
},
{
 "model": "item.craftingitem",
 "pk": 29,
 "fields": {
  "material": 76,
  "recipe": 77,
  "amount": 7
 }
},
{
 "model": "item.craftingitem",
 "pk": 30,
 "fields": {
  "material": 63,
  "recipe": 79,
  "amount": 100
 }
},
{
 "model": "item.craftingitem",
 "pk": 31,
 "fields": {
  "material": 64,
  "recipe": 79,
  "amount": 30
 }
},
{
 "model": "item.craftingitem",
 "pk": 32,
 "fields": {
  "material": 78,
  "recipe": 79,
  "amount": 7
 }
},
{
 "model": "item.craftingitem",
 "pk": 33,
 "fields": {
  "material": 63,
  "recipe": 85,
  "amount": 100
 }
},
{
 "model": "item.craftingitem",
 "pk": 34,
 "fields": {
  "material": 65,
  "recipe": 85,
  "amount": 30
 }
},
{
 "model": "item.craftingitem",
 "pk": 35,
 "fields": {
  "material": 84,
  "recipe": 85,
  "amount": 7
 }
},
{
 "model": "item.craftingitem",
 "pk": 36,
 "fields": {
  "material": 63,
  "recipe": 87,
  "amount": 50
 }
},
{
 "model": "item.craftingitem",
 "pk": 37,
 "fields": {
  "material": 65,
  "recipe": 87,
  "amount": 30
 }
},
{
 "model": "item.craftingitem",
 "pk": 38,
 "fields": {
  "material": 64,
  "recipe": 87,
  "amount": 50
 }
},
{
 "model": "item.craftingitem",
 "pk": 39,
 "fields": {
  "material": 86,
  "recipe": 87,
  "amount": 7
 }
},
{
 "model": "item.craftingitem",
 "pk": 40,
 "fields": {
  "material": 63,
  "recipe": 89,
  "amount": 80
 }
},
{
 "model": "item.craftingitem",
 "pk": 41,
 "fields": {
  "material": 64,
  "recipe": 89,
  "amount": 50
 }
},
{
 "model": "item.craftingitem",
 "pk": 42,
 "fields": {
  "material": 88,
  "recipe": 89,
  "amount": 7
 }
},
{
 "model": "item.craftingitem",
 "pk": 43,
 "fields": {
  "material": 63,
  "recipe": 91,
  "amount": 30
 }
},
{
 "model": "item.craftingitem",
 "pk": 44,
 "fields": {
  "material": 65,
  "recipe": 91,
  "amount": 70
 }
},
{
 "model": "item.craftingitem",
 "pk": 45,
 "fields": {
  "material": 64,
  "recipe": 91,
  "amount": 30
 }
},
{
 "model": "item.craftingitem",
 "pk": 46,
 "fields": {
  "material": 90,
  "recipe": 91,
  "amount": 7
 }
},
{
 "model": "character.skill",
 "pk": 1,
 "fields": {
  "name": "Мастер Создания",
  "emoji": "🔨",
  "description": "Позволяет создавать предметы в Мастерской",
  "level": 1,
  "mana_cost": 0,
  "effect_time": null,
  "cooldown": null,
  "type": "passive"
 }
},
{
 "model": "character.skill",
 "pk": 2,
 "fields": {
  "name": "Мастер Создания",
  "emoji": "🔨",
  "description": "Позволяет создавать предметы в Мастерской",
  "level": 2,
  "mana_cost": 0,
  "effect_time": null,
  "cooldown": null,
  "type": "passive"
 }
},
{
 "model": "character.skill",
 "pk": 3,
 "fields": {
  "name": "Улучшенная Атака",
  "emoji": "🗡",
  "description": "Увеличивает атаку персонажа",
  "level": 1,
  "mana_cost": 0,
  "effect_time": null,
  "cooldown": null,
  "type": "passive"
 }
},
{
 "model": "character.skill",
 "pk": 4,
 "fields": {
  "name": "Улучшенная Атака",
  "emoji": "🗡",
  "description": "Увеличивает атаку персонажа",
  "level": 2,
  "mana_cost": 0,
  "effect_time": null,
  "cooldown": null,
  "type": "passive"
 }
},
{
 "model": "character.skill",
 "pk": 5,
 "fields": {
  "name": "Улучшенное Чутье",
  "emoji": "🦻🏻",
  "description": "Благодаря повышенному чутью Охотник добывает больше предметов за охоту",
  "level": 2,
  "mana_cost": 0,
  "effect_time": null,
  "cooldown": null,
  "type": "passive"
 }
},
{
 "model": "character.skill",
 "pk": 6,
 "fields": {
  "name": "Улучшенное Чутье",
  "emoji": "🦻🏻",
  "description": "Благодаря повышенному чутью Охотник добывает больше предметов за охоту",
  "level": 1,
  "mana_cost": 0,
  "effect_time": null,
  "cooldown": null,
  "type": "passive"
 }
},
{
 "model": "character.skill",
 "pk": 7,
 "fields": {
  "name": "Улучшенная Защита",
  "emoji": "🛡",
  "description": "Увеличивает защиту персонажа",
  "level": 1,
  "mana_cost": 0,
  "effect_time": null,
  "cooldown": null,
  "type": "passive"
 }
},
{
 "model": "character.skill",
 "pk": 8,
 "fields": {
  "name": "Улучшенная Защита",
  "emoji": "🛡",
  "description": "Увеличивает защиту персонажа",
  "level": 2,
  "mana_cost": 0,
  "effect_time": null,
  "cooldown": null,
  "type": "passive"
 }
},
{
 "model": "character.skill",
 "pk": 9,
 "fields": {
  "name": "Огненный Шар",
  "emoji": "🔥",
  "description": "При активации данной способности. Маг наносит дополнительный урон при Охоте и PvP.",
  "level": 1,
  "mana_cost": 4,
  "effect_time": null,
  "cooldown": null,
  "type": "toggle"
 }
},
{
 "model": "character.skill",
 "pk": 10,
 "fields": {
  "name": "Невидимость",
  "emoji": "💨",
  "description": "При использовании данной способности Охотника нельзя найти в Локации.",
  "level": 1,
  "mana_cost": 25,
  "effect_time": "06:00:00",
  "cooldown": "12:00:00",
  "type": "active"
 }
},
{
 "model": "character.skill",
 "pk": 11,
 "fields": {
  "name": "Крепкая Броня",
  "emoji": "🛡",
  "description": "Нападая на Вас Персонаж может убить себя.",
  "level": 1,
  "mana_cost": 0,
  "effect_time": null,
  "cooldown": null,
  "type": "passive"
 }
},
{
 "model": "character.skill",
 "pk": 12,
 "fields": {
  "name": "Массовые Заклинания",
  "emoji": "🌪",
  "description": "При охоте есть шанс убить сразу несколько Монстров за раз",
  "level": 1,
  "mana_cost": 0,
  "effect_time": null,
  "cooldown": null,
  "type": "passive"
 }
},
{
 "model": "character.skill",
 "pk": 13,
 "fields": {
  "name": "Выживаемость",
  "emoji": "❤️",
  "description": "При смерти есть шанс не потерять Опыт",
  "level": 1,
  "mana_cost": 0,
  "effect_time": null,
  "cooldown": null,
  "type": "passive"
 }
},
{
 "model": "character.skill",
 "pk": 14,
 "fields": {
  "name": "Создание Эликсира",
  "emoji": "🌡",
  "description": "Можно создать случайный Эликсир",
  "level": 1,
  "mana_cost": 0,
  "effect_time": null,
  "cooldown": "12:00:00",
  "type": "active"
 }
},
{
 "model": "character.skill",
 "pk": 15,
 "fields": {
  "name": "Уклонение",
  "emoji": "🥾",
  "description": "При проигрыше в PvP есть шанс скрыться в Городе",
  "level": 1,
  "mana_cost": 0,
  "effect_time": null,
  "cooldown": null,
  "type": "passive"
 }
},
{
 "model": "character.skill",
 "pk": 16,
 "fields": {
  "name": "Огненный Шар",
  "emoji": "🔥",
  "description": "При активации данной способности. Маг наносит дополнительный урон при Охоте и PvP.",
  "level": 2,
  "mana_cost": 7,
  "effect_time": null,
  "cooldown": null,
  "type": "toggle"
 }
},
{
 "model": "character.skill",
 "pk": 17,
 "fields": {
  "name": "Усиленный Удар",
  "emoji": "💫",
  "description": "При активации данной способности. Мастер наносит дополнительный урон при Охоте и PvP.",
  "level": 1,
  "mana_cost": 4,
  "effect_time": null,
  "cooldown": null,
  "type": "toggle"
 }
},
{
 "model": "character.skill",
 "pk": 18,
 "fields": {
  "name": "Усиленный Удар",
  "emoji": "💫",
  "description": "При активации данной способности. Мастер наносит дополнительный урон при Охоте и PvP.",
  "level": 2,
  "mana_cost": 8,
  "effect_time": null,
  "cooldown": null,
  "type": "toggle"
 }
},
{
 "model": "character.skill",
 "pk": 19,
 "fields": {
  "name": "Удар Щитом",
  "emoji": "🛡",
  "description": "При активации данной способности. Рыцарь наносит дополнительный урон при Охоте и PvP.",
  "level": 1,
  "mana_cost": 4,
  "effect_time": null,
  "cooldown": null,
  "type": "toggle"
 }
},
{
 "model": "character.skill",
 "pk": 20,
 "fields": {
  "name": "Удар Щитом",
  "emoji": "🛡",
  "description": "При активации данной способности. Рыцарь наносит дополнительный урон при Охоте и PvP.",
  "level": 2,
  "mana_cost": 8,
  "effect_time": null,
  "cooldown": null,
  "type": "toggle"
 }
},
{
 "model": "character.skill",
 "pk": 21,
 "fields": {
  "name": "Удар со Спины",
  "emoji": "🗡",
  "description": "При активации данной способности. Охотник наносит дополнительный урон при Охоте и PvP.",
  "level": 1,
  "mana_cost": 4,
  "effect_time": null,
  "cooldown": null,
  "type": "toggle"
 }
},
{
 "model": "character.skill",
 "pk": 22,
 "fields": {
  "name": "Удар со Спины",
  "emoji": "🗡",
  "description": "При активации данной способности. Охотник наносит дополнительный урон при Охоте и PvP.",
  "level": 2,
  "mana_cost": 8,
  "effect_time": null,
  "cooldown": null,
  "type": "toggle"
 }
},
{
 "model": "character.skilleffect",
 "pk": 1,
 "fields": {
  "skill": 7,
  "effect": 13
 }
},
{
 "model": "character.skilleffect",
 "pk": 2,
 "fields": {
  "skill": 3,
  "effect": 14
 }
},
{
 "model": "character.skilleffect",
 "pk": 3,
 "fields": {
  "skill": 6,
  "effect": 15
 }
},
{
 "model": "character.skilleffect",
 "pk": 4,
 "fields": {
  "skill": 5,
  "effect": 22
 }
},
{
 "model": "character.skilleffect",
 "pk": 5,
 "fields": {
  "skill": 4,
  "effect": 20
 }
},
{
 "model": "character.skilleffect",
 "pk": 6,
 "fields": {
  "skill": 8,
  "effect": 21
 }
},
{
 "model": "character.skilleffect",
 "pk": 7,
 "fields": {
  "skill": 9,
  "effect": 23
 }
},
{
 "model": "character.skilleffect",
 "pk": 8,
 "fields": {
  "skill": 11,
  "effect": 30
 }
},
{
 "model": "character.skilleffect",
 "pk": 9,
 "fields": {
  "skill": 12,
  "effect": 31
 }
},
{
 "model": "character.skilleffect",
 "pk": 10,
 "fields": {
  "skill": 13,
  "effect": 32
 }
},
{
 "model": "character.skilleffect",
 "pk": 11,
 "fields": {
  "skill": 15,
  "effect": 33
 }
},
{
 "model": "character.skilleffect",
 "pk": 12,
 "fields": {
  "skill": 16,
  "effect": 34
 }
},
{
 "model": "character.skilleffect",
 "pk": 13,
 "fields": {
  "skill": 10,
  "effect": 35
 }
},
{
 "model": "character.skilleffect",
 "pk": 14,
 "fields": {
  "skill": 17,
  "effect": 42
 }
},
{
 "model": "character.skilleffect",
 "pk": 15,
 "fields": {
  "skill": 18,
  "effect": 43
 }
},
{
 "model": "character.skilleffect",
 "pk": 16,
 "fields": {
  "skill": 19,
  "effect": 42
 }
},
{
 "model": "character.skilleffect",
 "pk": 17,
 "fields": {
  "skill": 20,
  "effect": 43
 }
},
{
 "model": "character.skilleffect",
 "pk": 18,
 "fields": {
  "skill": 21,
  "effect": 23
 }
},
{
 "model": "character.skilleffect",
 "pk": 19,
 "fields": {
  "skill": 22,
  "effect": 34
 }
},
{
 "model": "character.characterclass",
 "pk": 1,
 "fields": {
  "name": "Рыцарь",
  "created": "2024-03-25T12:02:02.622Z",
  "emoji": "🗡",
  "description": "Рыцарь обладает хорошей защитой, но небольшой атакой. Носит тяжелую броню и меч",
  "attack": 9,
  "defence": 10
 }
},
{
 "model": "character.characterclass",
 "pk": 2,
 "fields": {
  "name": "Мастер",
  "created": "2024-03-25T12:02:02.777Z",
  "emoji": "🔨",
  "description": "Мастер умеет создавать полезные вещи из материалов, обладает нормальной защитой. Носит тяжелую броню и дубинки",
  "attack": 9,
  "defence": 10
 }
},
{
 "model": "character.characterclass",
 "pk": 3,
 "fields": {
  "name": "Охотник",
  "created": "2024-03-25T12:02:03.026Z",
  "emoji": "🏹",
  "description": "Охотник добывает больше предметов во время охоты. Носит легкую броню и кинжал",
  "attack": 10,
  "defence": 9
 }
},
{
 "model": "character.characterclass",
 "pk": 4,
 "fields": {
  "name": "Маг",
  "created": "2024-03-25T12:02:03.276Z",
  "emoji": "🪄",
  "description": "Маг обладает высокой атакой, но небольшой защитой. Носит ткань и посох",
  "attack": 10,
  "defence": 9
 }
},
{
 "model": "character.classequipment",
 "pk": 1,
 "fields": {
  "type": "light_armor",
  "character_class": 3
 }
},
{
 "model": "character.classequipment",
 "pk": 2,
 "fields": {
  "type": "dagger",
  "character_class": 3
 }
},
{
 "model": "character.classequipment",
 "pk": 3,
 "fields": {
  "type": "blunt",
  "character_class": 2
 }
},
{
 "model": "character.classequipment",
 "pk": 4,
 "fields": {
  "type": "sword",
  "character_class": 1
 }
},
{
 "model": "character.classequipment",
 "pk": 5,
 "fields": {
  "type": "robe",
  "character_class": 4
 }
},
{
 "model": "character.classequipment",
 "pk": 6,
 "fields": {
  "type": "staff",
  "character_class": 4
 }
},
{
 "model": "character.classequipment",
 "pk": 7,
 "fields": {
  "type": "heavy_armor",
  "character_class": 2
 }
},
{
 "model": "character.classequipment",
 "pk": 8,
 "fields": {
  "type": "heavy_armor",
  "character_class": 1
 }
},
{
 "model": "character.classequipment",
 "pk": 9,
 "fields": {
  "type": "bracelet",
  "character_class": 1
 }
},
{
 "model": "character.classequipment",
 "pk": 10,
 "fields": {
  "type": "bracelet",
  "character_class": 2
 }
},
{
 "model": "character.classequipment",
 "pk": 11,
 "fields": {
  "type": "bracelet",
  "character_class": 3
 }
},
{
 "model": "character.classequipment",
 "pk": 12,
 "fields": {
  "type": "bracelet",
  "character_class": 4
 }
},
{
 "model": "character.characterclassskill",
 "pk": 1,
 "fields": {
  "skill": 6,
  "character_class": 3
 }
},
{
 "model": "character.characterclassskill",
 "pk": 2,
 "fields": {
  "skill": 1,
  "character_class": 2
 }
},
{
 "model": "character.characterclassskill",
 "pk": 3,
 "fields": {
  "skill": 7,
  "character_class": 1
 }
},
{
 "model": "character.characterclassskill",
 "pk": 4,
 "fields": {
  "skill": 3,
  "character_class": 4
 }
},
{
 "model": "character.characterclassskill",
 "pk": 5,
 "fields": {
  "skill": 9,
  "character_class": 4
 }
},
{
 "model": "character.characterclassskill",
 "pk": 6,
 "fields": {
  "skill": 21,
  "character_class": 3
 }
},
{
 "model": "character.characterclassskill",
 "pk": 7,
 "fields": {
  "skill": 17,
  "character_class": 2
 }
},
{
 "model": "character.characterclassskill",
 "pk": 8,
 "fields": {
  "skill": 19,
  "character_class": 1
 }
},
{
 "model": "location.baselocationmodel",
 "pk": 1,
 "fields": {
  "name": "Заброшенная Шахта",
  "created": "2024-03-25T12:02:47.244Z"
 }
},
{
 "model": "location.baselocationmodel",
 "pk": 2,
 "fields": {
  "name": "Лагерь Орков",
  "created": "2024-03-25T12:02:47.250Z"
 }
},
{
 "model": "location.baselocationmodel",
 "pk": 3,
 "fields": {
  "name": "Эльфийский лес",
  "created": "2024-03-25T12:02:47.254Z"
 }
},
{
 "model": "location.baselocationmodel",
 "pk": 4,
 "fields": {
  "name": "Лагерь гоблинов",
  "created": "2024-03-25T12:02:47.258Z"
 }
},
{
 "model": "location.baselocationmodel",
 "pk": 5,
 "fields": {
  "name": "Мертвая Деревня",
  "created": "2024-03-25T12:02:47.262Z"
 }
},
{
 "model": "location.baselocationmodel",
 "pk": 6,
 "fields": {
  "name": "Призрачный Лес",
  "created": "2024-03-29T09:17:57.613Z"
 }
},
{
 "model": "location.baselocationmodel",
 "pk": 7,
 "fields": {
  "name": "Угольная Шахта",
  "created": "2024-03-29T09:21:34.482Z"
 }
},
{
 "model": "location.location",
 "pk": 1,
 "fields": {
  "attack": 9,
  "defence": 9,
  "exp": 1,
  "place": 10
 }
},
{
 "model": "location.location",
 "pk": 2,
 "fields": {
  "attack": 38,
  "defence": 38,
  "exp": 4,
  "place": 10
 }
},
{
 "model": "location.location",
 "pk": 3,
 "fields": {
  "attack": 17,
  "defence": 17,
  "exp": 2,
  "place": 10
 }
},
{
 "model": "location.location",
 "pk": 4,
 "fields": {
  "attack": 10,
  "defence": 10,
  "exp": 1,
  "place": 10
 }
},
{
 "model": "location.location",
 "pk": 5,
 "fields": {
  "attack": 50,
  "defence": 50,
  "exp": 6,
  "place": 10
 }
},
{
 "model": "location.location",
 "pk": 6,
 "fields": {
  "attack": 59,
  "defence": 59,
  "exp": 7,
  "place": 10
 }
},
{
 "model": "location.location",
 "pk": 7,
 "fields": {
  "attack": 65,
  "defence": 65,
  "exp": 9,
  "place": 10
 }
},
{
 "model": "location.locationdrop",
 "pk": 1,
 "fields": {
  "location": 4,
  "item": 1,
  "min_amount": 1,
  "max_amount": 1,
  "chance": 30.0
 }
},
{
 "model": "location.locationdrop",
 "pk": 2,
 "fields": {
  "location": 3,
  "item": 1,
  "min_amount": 1,
  "max_amount": 2,
  "chance": 40.0
 }
},
{
 "model": "location.locationdrop",
 "pk": 3,
 "fields": {
  "location": 1,
  "item": 1,
  "min_amount": 1,
  "max_amount": 1,
  "chance": 20.0
 }
},
{
 "model": "location.locationdrop",
 "pk": 4,
 "fields": {
  "location": 1,
  "item": 3,
  "min_amount": 1,
  "max_amount": 1,
  "chance": 3.0
 }
},
{
 "model": "location.locationdrop",
 "pk": 5,
 "fields": {
  "location": 2,
  "item": 1,
  "min_amount": 2,
  "max_amount": 3,
  "chance": 50.0
 }
},
{
 "model": "location.locationdrop",
 "pk": 6,
 "fields": {
  "location": 2,
  "item": 12,
  "min_amount": 1,
  "max_amount": 1,
  "chance": 0.05
 }
},
{
 "model": "location.locationdrop",
 "pk": 7,
 "fields": {
  "location": 3,
  "item": 4,
  "min_amount": 1,
  "max_amount": 1,
  "chance": 0.1
 }
},
{
 "model": "location.locationdrop",
 "pk": 8,
 "fields": {
  "location": 3,
  "item": 7,
  "min_amount": 1,
  "max_amount": 1,
  "chance": 0.1
 }
},
{
 "model": "location.locationdrop",
 "pk": 9,
 "fields": {
  "location": 4,
  "item": 5,
  "min_amount": 1,
  "max_amount": 1,
  "chance": 0.2
 }
},
{
 "model": "location.locationdrop",
 "pk": 10,
 "fields": {
  "location": 4,
  "item": 6,
  "min_amount": 1,
  "max_amount": 1,
  "chance": 0.1
 }
},
{
 "model": "location.locationdrop",
 "pk": 11,
 "fields": {
  "location": 5,
  "item": 1,
  "min_amount": 3,
  "max_amount": 4,
  "chance": 50.0
 }
},
{
 "model": "location.locationdrop",
 "pk": 12,
 "fields": {
  "location": 5,
  "item": 9,
  "min_amount": 1,
  "max_amount": 1,
  "chance": 0.1
 }
},
{
 "model": "location.locationdrop",
 "pk": 13,
 "fields": {
  "location": 5,
  "item": 8,
  "min_amount": 1,
  "max_amount": 1,
  "chance": 0.1
 }
},
{
 "model": "location.locationdrop",
 "pk": 14,
 "fields": {
  "location": 5,
  "item": 95,
  "min_amount": 1,
  "max_amount": 1,
  "chance": 1.0
 }
},
{
 "model": "location.locationdrop",
 "pk": 15,
 "fields": {
  "location": 4,
  "item": 3,
  "min_amount": 1,
  "max_amount": 1,
  "chance": 5.0
 }
},
{
 "model": "location.locationdrop",
 "pk": 16,
 "fields": {
  "location": 3,
  "item": 3,
  "min_amount": 1,
  "max_amount": 1,
  "chance": 5.0
 }
},
{
 "model": "location.locationdrop",
 "pk": 17,
 "fields": {
  "location": 2,
  "item": 3,
  "min_amount": 1,
  "max_amount": 1,
  "chance": 9.0
 }
},
{
 "model": "location.locationdrop",
 "pk": 18,
 "fields": {
  "location": 6,
  "item": 1,
  "min_amount": 3,
  "max_amount": 5,
  "chance": 50.0
 }
},
{
 "model": "location.locationdrop",
 "pk": 19,
 "fields": {
  "location": 6,
  "item": 95,
  "min_amount": 1,
  "max_amount": 1,
  "chance": 3.0
 }
},
{
 "model": "location.locationdrop",
 "pk": 20,
 "fields": {
  "location": 6,
  "item": 92,
  "min_amount": 1,
  "max_amount": 1,
  "chance": 0.1
 }
},
{
 "model": "location.locationdrop",
 "pk": 21,
 "fields": {
  "location": 7,
  "item": 1,
  "min_amount": 4,
  "max_amount": 6,
  "chance": 50.0
 }
},
{
 "model": "location.locationdrop",
 "pk": 22,
 "fields": {
  "location": 7,
  "item": 94,
  "min_amount": 1,
  "max_amount": 1,
  "chance": 0.5
 }
},
{
 "model": "location.locationdrop",
 "pk": 23,
 "fields": {
  "location": 7,
  "item": 93,
  "min_amount": 1,
  "max_amount": 1,
  "chance": 0.5
 }
},
{
 "model": "location.locationdrop",
 "pk": 24,
 "fields": {
  "location": 7,
  "item": 95,
  "min_amount": 1,
  "max_amount": 1,
  "chance": 5.0
 }
},
{
 "model": "location.locationdrop",
 "pk": 25,
 "fields": {
  "location": 6,
  "item": 103,
  "min_amount": 1,
  "max_amount": 1,
  "chance": 0.02
 }
},
{
 "model": "clan.clanboss",
 "pk": 1,
 "fields": {
  "name": "Каменный Голем",
  "respawn": "2024-04-13T03:57:21.029Z",
  "required_power": 300
 }
},
{
 "model": "clan.clanbossdrop",
 "pk": 1,
 "fields": {
  "clan_boss": 1,
  "item": 11,
  "min_amount": 1,
  "max_amount": 1,
  "chance": 10.0
 }
},
{
 "model": "clan.clanbossdrop",
 "pk": 2,
 "fields": {
  "clan_boss": 1,
  "item": 10,
  "min_amount": 1,
  "max_amount": 1,
  "chance": 10.0
 }
},
{
 "model": "clan.clanbossdrop",
 "pk": 3,
 "fields": {
  "clan_boss": 1,
  "item": 9,
  "min_amount": 10,
  "max_amount": 20,
  "chance": 100.0
 }
},
{
 "model": "clan.clanbossdrop",
 "pk": 4,
 "fields": {
  "clan_boss": 1,
  "item": 8,
  "min_amount": 10,
  "max_amount": 20,
  "chance": 100.0
 }
},
{
 "model": "clan.clanbossdrop",
 "pk": 5,
 "fields": {
  "clan_boss": 1,
  "item": 73,
  "min_amount": 1,
  "max_amount": 1,
  "chance": 5.0
 }
},
{
 "model": "clan.clanbossdrop",
 "pk": 6,
 "fields": {
  "clan_boss": 1,
  "item": 72,
  "min_amount": 1,
  "max_amount": 1,
  "chance": 5.0
 }
},
{
 "model": "clan.clanbossdrop",
 "pk": 7,
 "fields": {
  "clan_boss": 1,
  "item": 71,
  "min_amount": 1,
  "max_amount": 1,
  "chance": 5.0
 }
},
{
 "model": "clan.clanbossdrop",
 "pk": 8,
 "fields": {
  "clan_boss": 1,
  "item": 83,
  "min_amount": 1,
  "max_amount": 1,
  "chance": 5.0
 }
},
{
 "model": "clan.clanbossdrop",
 "pk": 9,
 "fields": {
  "clan_boss": 1,
  "item": 82,
  "min_amount": 1,
  "max_amount": 1,
  "chance": 5.0
 }
},
{
 "model": "clan.clanbossdrop",
 "pk": 10,
 "fields": {
  "clan_boss": 1,
  "item": 81,
  "min_amount": 1,
  "max_amount": 1,
  "chance": 5.0
 }
},
{
 "model": "clan.clanbossdrop",
 "pk": 11,
 "fields": {
  "clan_boss": 1,
  "item": 80,
  "min_amount": 1,
  "max_amount": 1,
  "chance": 5.0
 }
},
{
 "model": "clan.clanbossdrop",
 "pk": 12,
 "fields": {
  "clan_boss": 1,
  "item": 27,
  "min_amount": 1,
  "max_amount": 1,
  "chance": 5.0
 }
}
]
