[
{
 "model": "item.item",
 "pk": 1,
 "fields": {
  "name": "🟡Золото",
  "description": "Золото можно тратить в магазине и торговой площадке на различные полезные предметы",
  "buy_price": 0,
  "sell_price": 0,
  "created": "2024-03-25T11:59:21.593Z",
  "type": "etc"
 }
},
{
 "model": "item.item",
 "pk": 2,
 "fields": {
  "name": "💎Алмаз",
  "description": "Алмазы можно тратить в премиум магазине и на торговой площадке",
  "buy_price": 0,
  "sell_price": 0,
  "created": "2024-03-25T11:59:21.610Z",
  "type": "etc"
 }
},
{
 "model": "item.item",
 "pk": 3,
 "fields": {
  "name": "Мешок с Ресурсами (Обычный)",
  "description": "В данном мешке лежит неизвестный ресурс",
  "buy_price": 0,
  "sell_price": 0,
  "created": "2024-03-25T12:01:21.964Z",
  "type": "bag"
 }
},
{
 "model": "item.item",
 "pk": 4,
 "fields": {
  "name": "Мешок с Оружием (Обычный)",
  "description": "Внутри находится случайное Оружие",
  "buy_price": 0,
  "sell_price": 0,
  "created": "2024-03-25T12:01:22.076Z",
  "type": "bag"
 }
},
{
 "model": "item.item",
 "pk": 6,
 "fields": {
  "name": "Мешок с Рецептами (Уровень 1)",
  "description": "Внутри находится случайный Рецепт",
  "buy_price": 0,
  "sell_price": 0,
  "created": "2024-03-25T12:01:22.084Z",
  "type": "bag"
 }
},
{
 "model": "item.item",
 "pk": 7,
 "fields": {
  "name": "Мешок с Броней (Обычный)",
  "description": "Внутри находится случайная Броня",
  "buy_price": 0,
  "sell_price": 0,
  "created": "2024-03-25T12:01:22.088Z",
  "type": "bag"
 }
},
{
 "model": "item.item",
 "pk": 8,
 "fields": {
  "name": "Мешок со Свитком (Обычный)",
  "description": "В данном мешке лежит неизвестный Свиток",
  "buy_price": 0,
  "sell_price": 0,
  "created": "2024-03-25T12:01:22.092Z",
  "type": "bag"
 }
},
{
 "model": "item.item",
 "pk": 9,
 "fields": {
  "name": "Мешок с Талисманом (Обычный)",
  "description": "В данном мешке лежит случайный Талисман",
  "buy_price": 0,
  "sell_price": 0,
  "created": "2024-03-25T12:01:22.096Z",
  "type": "bag"
 }
},
{
 "model": "item.item",
 "pk": 10,
 "fields": {
  "name": "Мешок с Талисманом (Редкий)",
  "description": "В данном мешке лежит случайный Талисман",
  "buy_price": 0,
  "sell_price": 0,
  "created": "2024-03-25T12:01:22.100Z",
  "type": "bag"
 }
},
{
 "model": "item.item",
 "pk": 11,
 "fields": {
  "name": "Мешок со Свитком (Редкий)",
  "description": "В данном мешке лежит случайный Свиток",
  "buy_price": 0,
  "sell_price": 0,
  "created": "2024-03-25T12:01:22.104Z",
  "type": "bag"
 }
},
{
 "model": "item.item",
 "pk": 12,
 "fields": {
  "name": "Мешок с Книгой (Обычный)",
  "description": "В данном мешке лежит случайная Книга",
  "buy_price": 0,
  "sell_price": 0,
  "created": "2024-03-25T12:01:22.108Z",
  "type": "bag"
 }
},
{
 "model": "item.item",
 "pk": 13,
 "fields": {
  "name": "🎟Премиум на 7 Дней",
  "description": "Оформляет Премиум Подписку на 7 дней",
  "buy_price": 0,
  "sell_price": 0,
  "created": "2024-03-25T12:01:22.115Z",
  "type": "etc"
 }
},
{
 "model": "item.item",
 "pk": 14,
 "fields": {
  "name": "🎟Премиум на 30 Дней",
  "description": "Оформляет Премиум Подписку на 30 дней",
  "buy_price": 0,
  "sell_price": 0,
  "created": "2024-03-25T12:01:22.118Z",
  "type": "etc"
 }
},
{
 "model": "item.item",
 "pk": 15,
 "fields": {
  "name": "Железо",
  "description": "Ресурс используемый для изготовление различных предметов. Можно продать в магазин.",
  "buy_price": 0,
  "sell_price": 5,
  "created": "2024-03-25T12:01:22.122Z",
  "type": "material"
 }
},
{
 "model": "item.item",
 "pk": 16,
 "fields": {
  "name": "Кожа",
  "description": "Ресурс используемый для изготовление различных предметов. Можно продать в магазин.",
  "buy_price": 0,
  "sell_price": 5,
  "created": "2024-03-25T12:01:22.126Z",
  "type": "material"
 }
},
{
 "model": "item.item",
 "pk": 17,
 "fields": {
  "name": "Древесина",
  "description": "Ресурс используемый для изготовление различных предметов. Можно продать в магазин.",
  "buy_price": 0,
  "sell_price": 5,
  "created": "2024-03-25T12:01:22.130Z",
  "type": "material"
 }
},
{
 "model": "item.item",
 "pk": 18,
 "fields": {
  "name": "Ткань",
  "description": "Ресурс используемый для изготовление различных предметов. Можно продать в магазин.",
  "buy_price": 0,
  "sell_price": 5,
  "created": "2024-03-25T12:01:22.134Z",
  "type": "material"
 }
},
{
 "model": "item.item",
 "pk": 19,
 "fields": {
  "name": "Осколок Талисмана",
  "description": "С помощью данного Ресурса можно изготовить Талисман",
  "buy_price": 0,
  "sell_price": 100,
  "created": "2024-03-25T12:01:22.137Z",
  "type": "material"
 }
},
{
 "model": "item.item",
 "pk": 20,
 "fields": {
  "name": "Оторванная часть Свитка",
  "description": "С помощью данного Ресурса можно изготовить Свиток",
  "buy_price": 0,
  "sell_price": 100,
  "created": "2024-03-25T12:01:22.141Z",
  "type": "material"
 }
},
{
 "model": "item.item",
 "pk": 21,
 "fields": {
  "name": "Потрепанная Мантия",
  "description": "Данная броня подходит Магу",
  "buy_price": 500,
  "sell_price": 250,
  "created": "2024-03-25T12:01:25.276Z",
  "type": "armor"
 }
},
{
 "model": "item.item",
 "pk": 22,
 "fields": {
  "name": "Потрепанный Кожанный Доспех",
  "description": "Данная броня подходит Охотнику",
  "buy_price": 500,
  "sell_price": 250,
  "created": "2024-03-25T12:01:25.410Z",
  "type": "armor"
 }
},
{
 "model": "item.item",
 "pk": 23,
 "fields": {
  "name": "Потрепанный Тяжелый Доспех",
  "description": "Данная броня подходит Рыцарю и Мастеру",
  "buy_price": 500,
  "sell_price": 250,
  "created": "2024-03-25T12:01:25.416Z",
  "type": "armor"
 }
},
{
 "model": "item.item",
 "pk": 24,
 "fields": {
  "name": "Мантия Ученика",
  "description": "Данная броня подходит Магу",
  "buy_price": 3000,
  "sell_price": 1500,
  "created": "2024-03-25T12:01:25.421Z",
  "type": "armor"
 }
},
{
 "model": "item.item",
 "pk": 25,
 "fields": {
  "name": "Легкая Броня Ученика",
  "description": "Данная броня подходит Охотнику",
  "buy_price": 3000,
  "sell_price": 1500,
  "created": "2024-03-25T12:01:25.425Z",
  "type": "armor"
 }
},
{
 "model": "item.item",
 "pk": 26,
 "fields": {
  "name": "Тяжелая Броня Ученика",
  "description": "Данная броня подходит Рыцарю и Мастеру",
  "buy_price": 3000,
  "sell_price": 1500,
  "created": "2024-03-25T12:01:25.430Z",
  "type": "armor"
 }
},
{
 "model": "item.item",
 "pk": 28,
 "fields": {
  "name": "Потрепанный Посох",
  "description": "Данное оружие подходит Магу",
  "buy_price": 500,
  "sell_price": 250,
  "created": "2024-03-25T12:01:25.439Z",
  "type": "weapon"
 }
},
{
 "model": "item.item",
 "pk": 29,
 "fields": {
  "name": "Деревянный Меч",
  "description": "Данное оружие подходит Рыцарю",
  "buy_price": 500,
  "sell_price": 250,
  "created": "2024-03-25T12:01:25.444Z",
  "type": "weapon"
 }
},
{
 "model": "item.item",
 "pk": 30,
 "fields": {
  "name": "Деревянный Кинжал",
  "description": "Данное оружие подходит Охотнику",
  "buy_price": 500,
  "sell_price": 250,
  "created": "2024-03-25T12:01:25.449Z",
  "type": "weapon"
 }
},
{
 "model": "item.item",
 "pk": 31,
 "fields": {
  "name": "Надломанная Дубина",
  "description": "Данное оружие подходит Мастеру",
  "buy_price": 500,
  "sell_price": 250,
  "created": "2024-03-25T12:01:25.452Z",
  "type": "weapon"
 }
},
{
 "model": "item.item",
 "pk": 32,
 "fields": {
  "name": "Посох Ученика",
  "description": "Данное оружие подходит Магу",
  "buy_price": 3000,
  "sell_price": 1500,
  "created": "2024-03-25T12:01:25.457Z",
  "type": "weapon"
 }
},
{
 "model": "item.item",
 "pk": 33,
 "fields": {
  "name": "Меч Ученика",
  "description": "Данное оружие подходит Рыцарю",
  "buy_price": 3000,
  "sell_price": 1500,
  "created": "2024-03-25T12:01:25.461Z",
  "type": "weapon"
 }
},
{
 "model": "item.item",
 "pk": 34,
 "fields": {
  "name": "Кинжал Ученика",
  "description": "Данное оружие подходит Охотнику",
  "buy_price": 3000,
  "sell_price": 1500,
  "created": "2024-03-25T12:01:25.465Z",
  "type": "weapon"
 }
},
{
 "model": "item.item",
 "pk": 35,
 "fields": {
  "name": "Дубина Ученика",
  "description": "Данное оружие подходит Мастеру",
  "buy_price": 3000,
  "sell_price": 1500,
  "created": "2024-03-25T12:01:25.470Z",
  "type": "weapon"
 }
},
{
 "model": "item.item",
 "pk": 36,
 "fields": {
  "name": "Рецепт: Посох Ученика",
  "description": "Изготавливает предмет",
  "buy_price": 0,
  "sell_price": 300,
  "created": "2024-03-25T12:01:31.838Z",
  "type": "recipe"
 }
},
{
 "model": "item.item",
 "pk": 37,
 "fields": {
  "name": "Рецепт: Дубина Ученика",
  "description": "С помощью данного рецепта Мастер может изготовить предмет",
  "buy_price": 0,
  "sell_price": 300,
  "created": "2024-03-25T12:01:31.958Z",
  "type": "recipe"
 }
},
{
 "model": "item.item",
 "pk": 38,
 "fields": {
  "name": "Рецепт: Меч Ученика",
  "description": "С помощью данного рецепта Мастер может изготовить предмет",
  "buy_price": 0,
  "sell_price": 300,
  "created": "2024-03-25T12:01:32.194Z",
  "type": "recipe"
 }
},
{
 "model": "item.item",
 "pk": 39,
 "fields": {
  "name": "Рецепт: Легкая Броня Ученика",
  "description": "С помощью данного рецепта Мастер может изготовить предмет",
  "buy_price": 0,
  "sell_price": 300,
  "created": "2024-03-25T12:01:32.445Z",
  "type": "recipe"
 }
},
{
 "model": "item.item",
 "pk": 40,
 "fields": {
  "name": "Рецепт: Кинжал Ученика",
  "description": "С помощью данного рецепта Мастер может изготовить предмет",
  "buy_price": 0,
  "sell_price": 300,
  "created": "2024-03-25T12:01:32.697Z",
  "type": "recipe"
 }
},
{
 "model": "item.item",
 "pk": 41,
 "fields": {
  "name": "Рецепт: Тяжелая Броня Ученика",
  "description": "С помощью данного рецепта Мастер может изготовить предмет",
  "buy_price": 0,
  "sell_price": 300,
  "created": "2024-03-25T12:01:32.729Z",
  "type": "recipe"
 }
},
{
 "model": "item.item",
 "pk": 42,
 "fields": {
  "name": "Рецепт: Мантия Ученика",
  "description": "С помощью данного рецепта Мастер может изготовить предмет",
  "buy_price": 0,
  "sell_price": 300,
  "created": "2024-03-25T12:01:32.735Z",
  "type": "recipe"
 }
},
{
 "model": "item.item",
 "pk": 43,
 "fields": {
  "name": "Рецепт: Талисман",
  "description": "С помощью данного рецепта Мастер может изготовить предмет",
  "buy_price": 0,
  "sell_price": 100,
  "created": "2024-03-25T12:01:32.740Z",
  "type": "recipe"
 }
},
{
 "model": "item.item",
 "pk": 44,
 "fields": {
  "name": "Рецепт: Свиток",
  "description": "С помощью данного рецепта Мастер может изготовить предмет",
  "buy_price": 0,
  "sell_price": 100,
  "created": "2024-03-25T12:01:32.745Z",
  "type": "recipe"
 }
},
{
 "model": "item.item",
 "pk": 45,
 "fields": {
  "name": "Свиток Улучшения Оружия",
  "description": "С помощью данного свитка можно улучшить свое Оружие",
  "buy_price": 0,
  "sell_price": 300,
  "created": "2024-03-25T12:01:36.026Z",
  "type": "scroll"
 }
},
{
 "model": "item.item",
 "pk": 46,
 "fields": {
  "name": "Свиток Улучшения Талисмана",
  "description": "С помощью данного свитка можно улучшить свой Талисман",
  "buy_price": 0,
  "sell_price": 300,
  "created": "2024-03-25T12:01:36.032Z",
  "type": "scroll"
 }
},
{
 "model": "item.item",
 "pk": 47,
 "fields": {
  "name": "Свиток Улучшения Брони",
  "description": "С помощью данного свитка можно улучшить свою Броню",
  "buy_price": 0,
  "sell_price": 300,
  "created": "2024-03-25T12:01:36.036Z",
  "type": "scroll"
 }
},
{
 "model": "item.item",
 "pk": 52,
 "fields": {
  "name": "Талисман Защиты",
  "description": "Увеличивает Защиту персонажа. Для экипировки требуется Браслет",
  "buy_price": 0,
  "sell_price": 0,
  "created": "2024-03-25T12:01:43.010Z",
  "type": "talisman"
 }
},
{
 "model": "item.item",
 "pk": 53,
 "fields": {
  "name": "Талисман Мудрости",
  "description": "Увеличивает получаемы Опыт. Для экипировки требуется Браслет",
  "buy_price": 0,
  "sell_price": 0,
  "created": "2024-03-25T12:01:43.131Z",
  "type": "talisman"
 }
},
{
 "model": "item.item",
 "pk": 56,
 "fields": {
  "name": "Талисман Атаки",
  "description": "Увеличивает Атаку персонажа. Для экипировки требуется Браслет",
  "buy_price": 0,
  "sell_price": 0,
  "created": "2024-03-25T12:01:43.145Z",
  "type": "talisman"
 }
},
{
 "model": "item.item",
 "pk": 57,
 "fields": {
  "name": "Книга: Улучшенная Защита Ур. 2",
  "description": "С помощью книги можно выучить или улучшить способность",
  "buy_price": 0,
  "sell_price": 100,
  "created": "2024-03-25T12:02:19.214Z",
  "type": "book"
 }
},
{
 "model": "item.item",
 "pk": 58,
 "fields": {
  "name": "Книга: Улучшенная Атака Ур. 2",
  "description": "С помощью книги можно выучить или улучшить способность",
  "buy_price": 0,
  "sell_price": 100,
  "created": "2024-03-25T12:02:19.221Z",
  "type": "book"
 }
},
{
 "model": "item.item",
 "pk": 59,
 "fields": {
  "name": "Книга: Улучшенное Чутье Ур. 2",
  "description": "С помощью книги можно выучить или улучшить способность",
  "buy_price": 0,
  "sell_price": 100,
  "created": "2024-03-25T12:02:19.228Z",
  "type": "book"
 }
},
{
 "model": "item.item",
 "pk": 60,
 "fields": {
  "name": "Книга: Мастер Создания Ур. 2",
  "description": "С помощью книги можно выучить или улучшить способность",
  "buy_price": 0,
  "sell_price": 100,
  "created": "2024-03-25T12:02:19.235Z",
  "type": "book"
 }
},
{
 "model": "item.item",
 "pk": 61,
 "fields": {
  "name": "Рецепт: Деревянный Браслет",
  "description": "Нет описания предмета",
  "buy_price": 0,
  "sell_price": 500,
  "created": "2024-03-29T08:13:39.078Z",
  "type": "recipe"
 }
},
{
 "model": "item.item",
 "pk": 62,
 "fields": {
  "name": "Осколок Деревянного Браслета",
  "description": "Нет описания предмета",
  "buy_price": 0,
  "sell_price": 500,
  "created": "2024-03-29T08:14:28.829Z",
  "type": "material"
 }
},
{
 "model": "item.item",
 "pk": 63,
 "fields": {
  "name": "Качественное Железо",
  "description": "Нет описания предмета",
  "buy_price": 0,
  "sell_price": 100,
  "created": "2024-03-29T08:14:56.573Z",
  "type": "material"
 }
},
{
 "model": "item.item",
 "pk": 64,
 "fields": {
  "name": "Качественная Кожа",
  "description": "Нет описания предмета",
  "buy_price": 0,
  "sell_price": 100,
  "created": "2024-03-29T08:16:42.306Z",
  "type": "material"
 }
},
{
 "model": "item.item",
 "pk": 65,
 "fields": {
  "name": "Качественная Древесина",
  "description": "Нет описания предмета",
  "buy_price": 0,
  "sell_price": 100,
  "created": "2024-03-29T08:17:24.014Z",
  "type": "material"
 }
},
{
 "model": "item.item",
 "pk": 66,
 "fields": {
  "name": "Качественная Ткань",
  "description": "Нет описания предмета",
  "buy_price": 0,
  "sell_price": 100,
  "created": "2024-03-29T08:17:53.327Z",
  "type": "material"
 }
},
{
 "model": "item.item",
 "pk": 67,
 "fields": {
  "name": "Рецепт: Качественная Кожа",
  "description": "Нет описания предмета",
  "buy_price": 0,
  "sell_price": 300,
  "created": "2024-03-29T08:19:14.041Z",
  "type": "recipe"
 }
},
{
 "model": "item.item",
 "pk": 68,
 "fields": {
  "name": "Рецепт: Качественная Ткань",
  "description": "Нет описания предмета",
  "buy_price": 0,
  "sell_price": 300,
  "created": "2024-03-29T08:19:54.091Z",
  "type": "recipe"
 }
},
{
 "model": "item.item",
 "pk": 69,
 "fields": {
  "name": "Рецепт: Качественная Древесина",
  "description": "Нет описания предмета",
  "buy_price": 0,
  "sell_price": 300,
  "created": "2024-03-29T08:20:31.407Z",
  "type": "recipe"
 }
},
{
 "model": "item.item",
 "pk": 70,
 "fields": {
  "name": "Рецепт: Качественное Железо",
  "description": "Нет описания предмета",
  "buy_price": 0,
  "sell_price": 300,
  "created": "2024-03-29T08:21:06.494Z",
  "type": "recipe"
 }
},
{
 "model": "item.item",
 "pk": 71,
 "fields": {
  "name": "Железная Броня",
  "description": "Нет описания предмета",
  "buy_price": 0,
  "sell_price": 15000,
  "created": "2024-03-29T08:22:14.174Z",
  "type": "armor"
 }
},
{
 "model": "item.item",
 "pk": 72,
 "fields": {
  "name": "Кожаный Доспех",
  "description": "Нет описания предмета",
  "buy_price": 0,
  "sell_price": 15000,
  "created": "2024-03-29T08:23:26.394Z",
  "type": "armor"
 }
},
{
 "model": "item.item",
 "pk": 73,
 "fields": {
  "name": "Укрепленная Мантия",
  "description": "Нет описания предмета",
  "buy_price": 0,
  "sell_price": 15000,
  "created": "2024-03-29T08:24:45.110Z",
  "type": "armor"
 }
},
{
 "model": "item.item",
 "pk": 74,
 "fields": {
  "name": "Рецепт: Укрепленная Мантия",
  "description": "Нет описания предмета",
  "buy_price": 0,
  "sell_price": 500,
  "created": "2024-03-29T08:26:30.348Z",
  "type": "recipe"
 }
},
{
 "model": "item.item",
 "pk": 75,
 "fields": {
  "name": "Часть Укрепленной Мантии",
  "description": "Нет описания предмета",
  "buy_price": 0,
  "sell_price": 500,
  "created": "2024-03-29T08:27:20.902Z",
  "type": "material"
 }
},
{
 "model": "item.item",
 "pk": 76,
 "fields": {
  "name": "Часть Кожаного Доспеха",
  "description": "Нет описания предмета",
  "buy_price": 0,
  "sell_price": 500,
  "created": "2024-03-29T08:34:19.671Z",
  "type": "material"
 }
},
{
 "model": "item.item",
 "pk": 77,
 "fields": {
  "name": "Рецепт: Кожаный Доспех",
  "description": "Нет описания предмета",
  "buy_price": 0,
  "sell_price": 500,
  "created": "2024-03-29T08:34:22.680Z",
  "type": "recipe"
 }
},
{
 "model": "item.item",
 "pk": 78,
 "fields": {
  "name": "Часть Железного Доспеха",
  "description": "Нет описания предмета",
  "buy_price": 0,
  "sell_price": 500,
  "created": "2024-03-29T08:35:29.970Z",
  "type": "material"
 }
},
{
 "model": "item.item",
 "pk": 79,
 "fields": {
  "name": "Рецепт: Железная Броня",
  "description": "Нет описания предмета",
  "buy_price": 0,
  "sell_price": 500,
  "created": "2024-03-29T08:35:33.557Z",
  "type": "recipe"
 }
},
{
 "model": "item.item",
 "pk": 80,
 "fields": {
  "name": "Магический Жезл",
  "description": "Нет описания предмета",
  "buy_price": 0,
  "sell_price": 15000,
  "created": "2024-03-29T08:42:04.963Z",
  "type": "weapon"
 }
},
{
 "model": "item.item",
 "pk": 81,
 "fields": {
  "name": "Железный Кинжал",
  "description": "Нет описания предмета",
  "buy_price": 0,
  "sell_price": 15000,
  "created": "2024-03-29T08:42:49.482Z",
  "type": "weapon"
 }
},
{
 "model": "item.item",
 "pk": 82,
 "fields": {
  "name": "Железная Дубина",
  "description": "Нет описания предмета",
  "buy_price": 0,
  "sell_price": 15000,
  "created": "2024-03-29T08:43:23.756Z",
  "type": "weapon"
 }
},
{
 "model": "item.item",
 "pk": 83,
 "fields": {
  "name": "Железный Меч",
  "description": "Нет описания предмета",
  "buy_price": 0,
  "sell_price": 15000,
  "created": "2024-03-29T08:43:47.378Z",
  "type": "weapon"
 }
},
{
 "model": "item.item",
 "pk": 84,
 "fields": {
  "name": "Осколок Железного Меча",
  "description": "Нет описания предмета",
  "buy_price": 0,
  "sell_price": 500,
  "created": "2024-03-29T08:45:16.171Z",
  "type": "material"
 }
},
{
 "model": "item.item",
 "pk": 85,
 "fields": {
  "name": "Рецепт: Железный Меч",
  "description": "Нет описания предмета",
  "buy_price": 0,
  "sell_price": 500,
  "created": "2024-03-29T08:45:21.627Z",
  "type": "recipe"
 }
},
{
 "model": "item.item",
 "pk": 86,
 "fields": {
  "name": "Осколок Железного Кинжала",
  "description": "Нет описания предмета",
  "buy_price": 0,
  "sell_price": 500,
  "created": "2024-03-29T08:47:03.927Z",
  "type": "material"
 }
},
{
 "model": "item.item",
 "pk": 87,
 "fields": {
  "name": "Рецепт: Железный Кинжал",
  "description": "Нет описания предмета",
  "buy_price": 0,
  "sell_price": 500,
  "created": "2024-03-29T08:47:07.643Z",
  "type": "recipe"
 }
},
{
 "model": "item.item",
 "pk": 88,
 "fields": {
  "name": "Осколок Железной Дубины",
  "description": "Нет описания предмета",
  "buy_price": 0,
  "sell_price": 500,
  "created": "2024-03-29T08:48:35.757Z",
  "type": "material"
 }
},
{
 "model": "item.item",
 "pk": 89,
 "fields": {
  "name": "Рецепт: Железная Дубина",
  "description": "Нет описания предмета",
  "buy_price": 0,
  "sell_price": 500,
  "created": "2024-03-29T08:48:39.622Z",
  "type": "recipe"
 }
},
{
 "model": "item.item",
 "pk": 90,
 "fields": {
  "name": "Осколок Магического Жезла",
  "description": "Нет описания предмета",
  "buy_price": 0,
  "sell_price": 500,
  "created": "2024-03-29T08:49:58.688Z",
  "type": "material"
 }
},
{
 "model": "item.item",
 "pk": 91,
 "fields": {
  "name": "Рецепт: Магический Жезл",
  "description": "Нет описания предмета",
  "buy_price": 0,
  "sell_price": 500,
  "created": "2024-03-29T08:50:02.310Z",
  "type": "recipe"
 }
},
{
 "model": "item.item",
 "pk": 92,
 "fields": {
  "name": "Мешок с Рецептами (Уровень 2)",
  "description": "Нет описания предмета",
  "buy_price": 0,
  "sell_price": 0,
  "created": "2024-03-29T09:01:05.402Z",
  "type": "bag"
 }
},
{
 "model": "item.item",
 "pk": 93,
 "fields": {
  "name": "Мешок с Броней (Уровень 2)",
  "description": "Нет описания предмета",
  "buy_price": 0,
  "sell_price": 0,
  "created": "2024-03-29T09:06:50.200Z",
  "type": "bag"
 }
},
{
 "model": "item.item",
 "pk": 94,
 "fields": {
  "name": "Мешок с Оружием (Уровень 2)",
  "description": "Нет описания предмета",
  "buy_price": 0,
  "sell_price": 0,
  "created": "2024-03-29T09:11:27.031Z",
  "type": "bag"
 }
},
{
 "model": "item.item",
 "pk": 95,
 "fields": {
  "name": "Мешок с Ресурсами (Уровень 2)",
  "description": "Нет описания предмета",
  "buy_price": 0,
  "sell_price": 0,
  "created": "2024-03-29T09:12:55.859Z",
  "type": "bag"
 }
},
{
 "model": "item.item",
 "pk": 96,
 "fields": {
  "name": "Книга: Уклонение Ур. 1",
  "description": "Нет описания предмета",
  "buy_price": 0,
  "sell_price": 1000,
  "created": "2024-03-29T10:09:40.381Z",
  "type": "book"
 }
},
{
 "model": "item.item",
 "pk": 97,
 "fields": {
  "name": "Книга: Создание Эликсира Ур. 1",
  "description": "Нет описания предмета",
  "buy_price": 0,
  "sell_price": 1000,
  "created": "2024-03-29T10:10:19.085Z",
  "type": "book"
 }
},
{
 "model": "item.item",
 "pk": 98,
 "fields": {
  "name": "Книга: Выживаемость Ур. 1",
  "description": "Нет описания предмета",
  "buy_price": 0,
  "sell_price": 0,
  "created": "2024-03-29T10:11:55.312Z",
  "type": "book"
 }
},
{
 "model": "item.item",
 "pk": 99,
 "fields": {
  "name": "Книга: Массовые Заклинания Ур. 1",
  "description": "Нет описания предмета",
  "buy_price": 0,
  "sell_price": 1000,
  "created": "2024-03-29T10:13:36.018Z",
  "type": "book"
 }
},
{
 "model": "item.item",
 "pk": 100,
 "fields": {
  "name": "Книга: Крепкая Броня Ур. 1",
  "description": "Нет описания предмета",
  "buy_price": 0,
  "sell_price": 1000,
  "created": "2024-03-29T10:15:24.564Z",
  "type": "book"
 }
},
{
 "model": "item.item",
 "pk": 101,
 "fields": {
  "name": "Книга: Невидимость Ур. 1",
  "description": "Нет описания предмета",
  "buy_price": 0,
  "sell_price": 1000,
  "created": "2024-03-29T10:15:58.702Z",
  "type": "book"
 }
},
{
 "model": "item.item",
 "pk": 102,
 "fields": {
  "name": "Книга: Огненный Шар Ур. 2",
  "description": "Нет описания предмета",
  "buy_price": 0,
  "sell_price": 1000,
  "created": "2024-03-29T10:16:31.426Z",
  "type": "book"
 }
},
{
 "model": "item.item",
 "pk": 103,
 "fields": {
  "name": "Мешок с Книгой (Уровень 2)",
  "description": "Нет описания предмета",
  "buy_price": 0,
  "sell_price": 0,
  "created": "2024-03-29T10:37:51.594Z",
  "type": "bag"
 }
},
{
 "model": "item.item",
 "pk": 104,
 "fields": {
  "name": "Эликсир Здоровья",
  "description": "Восполняет 10% Здоровья. Можно поставить на автоматическое использование",
  "buy_price": 100,
  "sell_price": 0,
  "created": "2024-03-31T18:18:55.287Z",
  "type": "potion"
 }
},
{
 "model": "item.item",
 "pk": 105,
 "fields": {
  "name": "Эликсир Маны",
  "description": "Восполняет 10% Маны. Можно поставить на автоматическое использование",
  "buy_price": 100,
  "sell_price": 0,
  "created": "2024-03-31T18:19:42.066Z",
  "type": "potion"
 }
},
{
 "model": "item.item",
 "pk": 106,
 "fields": {
  "name": "Книга: Удар со Спины Ур. 2",
  "description": "Нет описания предмета",
  "buy_price": 0,
  "sell_price": 1000,
  "created": "2024-04-01T12:37:54.654Z",
  "type": "book"
 }
},
{
 "model": "item.item",
 "pk": 107,
 "fields": {
  "name": "Книга: Удар Щитом Ур. 2",
  "description": "Нет описания предмета",
  "buy_price": 0,
  "sell_price": 1000,
  "created": "2024-04-01T12:38:37.277Z",
  "type": "book"
 }
},
{
 "model": "item.item",
 "pk": 108,
 "fields": {
  "name": "Книга: Усиленный Удар Ур. 2",
  "description": "Нет описания предмета",
  "buy_price": 0,
  "sell_price": 1000,
  "created": "2024-04-01T12:39:40.788Z",
  "type": "book"
 }
},
{
 "model": "item.item",
 "pk": 109,
 "fields": {
  "name": "Деревянный Браслет",
  "description": "Позволяет надеть 1 Талисман",
  "buy_price": 0,
  "sell_price": 20000,
  "created": "2024-04-15T09:58:18.360Z",
  "type": "bracelet"
 }
},
{
 "model": "item.item",
 "pk": 110,
 "fields": {
  "name": "Эликсир Атаки Ур. 1",
  "description": "Улучшает характеристики персонажа",
  "buy_price": 500,
  "sell_price": 250,
  "created": "2024-04-15T10:44:22.140Z",
  "type": "potion"
 }
},
{
 "model": "item.item",
 "pk": 111,
 "fields": {
  "name": "Эликсир Мудрости Ур. 1",
  "description": "Улучшает характеристики персонажа",
  "buy_price": 0,
  "sell_price": 250,
  "created": "2024-04-15T10:46:25.675Z",
  "type": "potion"
 }
},
{
 "model": "item.item",
 "pk": 112,
 "fields": {
  "name": "Эликсир Выносливости Ур. 1",
  "description": "Нет описания предмета",
  "buy_price": 0,
  "sell_price": 250,
  "created": "2024-04-15T10:47:42.088Z",
  "type": "potion"
 }
},
{
 "model": "item.item",
 "pk": 114,
 "fields": {
  "name": "Мешок с Эликсирами Маны",
  "description": "Нет описания предмета",
  "buy_price": 10000,
  "sell_price": 0,
  "created": "2024-04-15T10:56:18.984Z",
  "type": "bag"
 }
},
{
 "model": "item.item",
 "pk": 115,
 "fields": {
  "name": "Мешок с Эликсирами Здоровья",
  "description": "Нет описания предмета",
  "buy_price": 10000,
  "sell_price": 0,
  "created": "2024-04-15T11:14:04.814Z",
  "type": "etc"
 }
},
{
 "model": "item.item",
 "pk": 117,
 "fields": {
  "name": "Мешок с Эликсирами Ур. 1",
  "description": "Нет описания предмета",
  "buy_price": 5000,
  "sell_price": 0,
  "created": "2024-04-15T11:18:47.010Z",
  "type": "bag"
 }
},
{
 "model": "item.item",
 "pk": 118,
 "fields": {
  "name": "Эликсир Силы Ур. 2",
  "description": "Повышает Характеристики Персонажа",
  "buy_price": 0,
  "sell_price": 0,
  "created": "2024-04-15T11:28:59.987Z",
  "type": "potion"
 }
},
{
 "model": "item.item",
 "pk": 119,
 "fields": {
  "name": "Эликсир Точности Ур. 1",
  "description": "Повышает Точность Персонажа",
  "buy_price": 0,
  "sell_price": 250,
  "created": "2024-04-16T12:38:41.453Z",
  "type": "potion"
 }
},
{
 "model": "item.item",
 "pk": 120,
 "fields": {
  "name": "Эликсир Уклонения Ур. 1",
  "description": "Нет описания предмета",
  "buy_price": 0,
  "sell_price": 250,
  "created": "2024-04-16T12:39:23.767Z",
  "type": "potion"
 }
},
{
 "model": "item.item",
 "pk": 121,
 "fields": {
  "name": "Эликсир Защиты Ур. 1",
  "description": "Нет описания предмета",
  "buy_price": 500,
  "sell_price": 250,
  "created": "2024-04-16T12:40:34.161Z",
  "type": "potion"
 }
},
{
 "model": "item.item",
 "pk": 122,
 "fields": {
  "name": "Набор Эликсиров Ур. 1",
  "description": "Нет описания предмета",
  "buy_price": 0,
  "sell_price": 2500,
  "created": "2024-04-16T12:42:16.162Z",
  "type": "potion"
 }
},
{
 "model": "item.equipment",
 "pk": 21,
 "fields": {
  "equipment_type": "robe"
 }
},
{
 "model": "item.equipment",
 "pk": 22,
 "fields": {
  "equipment_type": "light_armor"
 }
},
{
 "model": "item.equipment",
 "pk": 23,
 "fields": {
  "equipment_type": "heavy_armor"
 }
},
{
 "model": "item.equipment",
 "pk": 24,
 "fields": {
  "equipment_type": "robe"
 }
},
{
 "model": "item.equipment",
 "pk": 25,
 "fields": {
  "equipment_type": "light_armor"
 }
},
{
 "model": "item.equipment",
 "pk": 26,
 "fields": {
  "equipment_type": "heavy_armor"
 }
},
{
 "model": "item.equipment",
 "pk": 28,
 "fields": {
  "equipment_type": "staff"
 }
},
{
 "model": "item.equipment",
 "pk": 29,
 "fields": {
  "equipment_type": "sword"
 }
},
{
 "model": "item.equipment",
 "pk": 30,
 "fields": {
  "equipment_type": "dagger"
 }
},
{
 "model": "item.equipment",
 "pk": 31,
 "fields": {
  "equipment_type": "blunt"
 }
},
{
 "model": "item.equipment",
 "pk": 32,
 "fields": {
  "equipment_type": "staff"
 }
},
{
 "model": "item.equipment",
 "pk": 33,
 "fields": {
  "equipment_type": "sword"
 }
},
{
 "model": "item.equipment",
 "pk": 34,
 "fields": {
  "equipment_type": "dagger"
 }
},
{
 "model": "item.equipment",
 "pk": 35,
 "fields": {
  "equipment_type": "blunt"
 }
},
{
 "model": "item.equipment",
 "pk": 71,
 "fields": {
  "equipment_type": "heavy_armor"
 }
},
{
 "model": "item.equipment",
 "pk": 72,
 "fields": {
  "equipment_type": "light_armor"
 }
},
{
 "model": "item.equipment",
 "pk": 73,
 "fields": {
  "equipment_type": "robe"
 }
},
{
 "model": "item.equipment",
 "pk": 80,
 "fields": {
  "equipment_type": "staff"
 }
},
{
 "model": "item.equipment",
 "pk": 81,
 "fields": {
  "equipment_type": "dagger"
 }
},
{
 "model": "item.equipment",
 "pk": 82,
 "fields": {
  "equipment_type": "blunt"
 }
},
{
 "model": "item.equipment",
 "pk": 83,
 "fields": {
  "equipment_type": "sword"
 }
},
{
 "model": "item.equipment",
 "pk": 109,
 "fields": {
  "equipment_type": "bracelet"
 }
},
{
 "model": "item.armor",
 "pk": 21,
 "fields": {}
},
{
 "model": "item.armor",
 "pk": 22,
 "fields": {}
},
{
 "model": "item.armor",
 "pk": 23,
 "fields": {}
},
{
 "model": "item.armor",
 "pk": 24,
 "fields": {}
},
{
 "model": "item.armor",
 "pk": 25,
 "fields": {}
},
{
 "model": "item.armor",
 "pk": 26,
 "fields": {}
},
{
 "model": "item.armor",
 "pk": 71,
 "fields": {}
},
{
 "model": "item.armor",
 "pk": 72,
 "fields": {}
},
{
 "model": "item.armor",
 "pk": 73,
 "fields": {}
},
{
 "model": "item.weapon",
 "pk": 28,
 "fields": {}
},
{
 "model": "item.weapon",
 "pk": 29,
 "fields": {}
},
{
 "model": "item.weapon",
 "pk": 30,
 "fields": {}
},
{
 "model": "item.weapon",
 "pk": 31,
 "fields": {}
},
{
 "model": "item.weapon",
 "pk": 32,
 "fields": {}
},
{
 "model": "item.weapon",
 "pk": 33,
 "fields": {}
},
{
 "model": "item.weapon",
 "pk": 34,
 "fields": {}
},
{
 "model": "item.weapon",
 "pk": 35,
 "fields": {}
},
{
 "model": "item.weapon",
 "pk": 80,
 "fields": {}
},
{
 "model": "item.weapon",
 "pk": 81,
 "fields": {}
},
{
 "model": "item.weapon",
 "pk": 82,
 "fields": {}
},
{
 "model": "item.weapon",
 "pk": 83,
 "fields": {}
},
{
 "model": "item.bracelet",
 "pk": 109,
 "fields": {}
},
{
 "model": "item.talisman",
 "pk": 52,
 "fields": {
  "talisman_type": "defence"
 }
},
{
 "model": "item.talisman",
 "pk": 53,
 "fields": {
  "talisman_type": "exp"
 }
},
{
 "model": "item.talisman",
 "pk": 56,
 "fields": {
  "talisman_type": "attack"
 }
},
{
 "model": "item.potion",
 "pk": 104,
 "fields": {
  "effect_time": "00:00:00"
 }
},
{
 "model": "item.potion",
 "pk": 105,
 "fields": {
  "effect_time": "00:00:00"
 }
},
{
 "model": "item.potion",
 "pk": 110,
 "fields": {
  "effect_time": "12:00:00"
 }
},
{
 "model": "item.potion",
 "pk": 111,
 "fields": {
  "effect_time": "12:00:00"
 }
},
{
 "model": "item.potion",
 "pk": 112,
 "fields": {
  "effect_time": "12:00:00"
 }
},
{
 "model": "item.potion",
 "pk": 118,
 "fields": {
  "effect_time": "12:00:00"
 }
},
{
 "model": "item.potion",
 "pk": 119,
 "fields": {
  "effect_time": "12:00:00"
 }
},
{
 "model": "item.potion",
 "pk": 120,
 "fields": {
  "effect_time": "12:00:00"
 }
},
{
 "model": "item.potion",
 "pk": 121,
 "fields": {
  "effect_time": "12:00:00"
 }
},
{
 "model": "item.potion",
 "pk": 122,
 "fields": {
  "effect_time": "12:00:00"
 }
},
{
 "model": "item.scroll",
 "pk": 45,
 "fields": {
  "enhance_type": "weapon"
 }
},
{
 "model": "item.scroll",
 "pk": 46,
 "fields": {
  "enhance_type": "talisman"
 }
},
{
 "model": "item.scroll",
 "pk": 47,
 "fields": {
  "enhance_type": "armor"
 }
},
{
 "model": "item.material",
 "pk": 15,
 "fields": {}
},
{
 "model": "item.material",
 "pk": 16,
 "fields": {}
},
{
 "model": "item.material",
 "pk": 17,
 "fields": {}
},
{
 "model": "item.material",
 "pk": 18,
 "fields": {}
},
{
 "model": "item.material",
 "pk": 19,
 "fields": {}
},
{
 "model": "item.material",
 "pk": 20,
 "fields": {}
},
{
 "model": "item.material",
 "pk": 62,
 "fields": {}
},
{
 "model": "item.material",
 "pk": 63,
 "fields": {}
},
{
 "model": "item.material",
 "pk": 64,
 "fields": {}
},
{
 "model": "item.material",
 "pk": 65,
 "fields": {}
},
{
 "model": "item.material",
 "pk": 66,
 "fields": {}
},
{
 "model": "item.material",
 "pk": 75,
 "fields": {}
},
{
 "model": "item.material",
 "pk": 76,
 "fields": {}
},
{
 "model": "item.material",
 "pk": 78,
 "fields": {}
},
{
 "model": "item.material",
 "pk": 84,
 "fields": {}
},
{
 "model": "item.material",
 "pk": 86,
 "fields": {}
},
{
 "model": "item.material",
 "pk": 88,
 "fields": {}
},
{
 "model": "item.material",
 "pk": 90,
 "fields": {}
},
{
 "model": "item.book",
 "pk": 57,
 "fields": {
  "character_class": 1,
  "required_level": 5,
  "required_skill": 7,
  "skill": 8
 }
},
{
 "model": "item.book",
 "pk": 58,
 "fields": {
  "character_class": 4,
  "required_level": 5,
  "required_skill": 3,
  "skill": 4
 }
},
{
 "model": "item.book",
 "pk": 59,
 "fields": {
  "character_class": 3,
  "required_level": 5,
  "required_skill": 6,
  "skill": 5
 }
},
{
 "model": "item.book",
 "pk": 60,
 "fields": {
  "character_class": 2,
  "required_level": 5,
  "required_skill": 1,
  "skill": 2
 }
},
{
 "model": "item.book",
 "pk": 96,
 "fields": {
  "character_class": 3,
  "required_level": 10,
  "required_skill": null,
  "skill": 15
 }
},
{
 "model": "item.book",
 "pk": 97,
 "fields": {
  "character_class": 2,
  "required_level": 10,
  "required_skill": null,
  "skill": 14
 }
},
{
 "model": "item.book",
 "pk": 98,
 "fields": {
  "character_class": 1,
  "required_level": 10,
  "required_skill": null,
  "skill": 13
 }
},
{
 "model": "item.book",
 "pk": 99,
 "fields": {
  "character_class": 4,
  "required_level": 10,
  "required_skill": null,
  "skill": 12
 }
},
{
 "model": "item.book",
 "pk": 100,
 "fields": {
  "character_class": 1,
  "required_level": 10,
  "required_skill": null,
  "skill": 11
 }
},
{
 "model": "item.book",
 "pk": 101,
 "fields": {
  "character_class": 3,
  "required_level": 10,
  "required_skill": null,
  "skill": 10
 }
},
{
 "model": "item.book",
 "pk": 102,
 "fields": {
  "character_class": 4,
  "required_level": 10,
  "required_skill": 9,
  "skill": 16
 }
},
{
 "model": "item.book",
 "pk": 106,
 "fields": {
  "character_class": 3,
  "required_level": 10,
  "required_skill": 21,
  "skill": 22
 }
},
{
 "model": "item.book",
 "pk": 107,
 "fields": {
  "character_class": 1,
  "required_level": 10,
  "required_skill": 19,
  "skill": 20
 }
},
{
 "model": "item.book",
 "pk": 108,
 "fields": {
  "character_class": 2,
  "required_level": 10,
  "required_skill": 17,
  "skill": 18
 }
},
{
 "model": "item.recipe",
 "pk": 36,
 "fields": {
  "level": 1,
  "chance": 100,
  "create": 32
 }
},
{
 "model": "item.recipe",
 "pk": 37,
 "fields": {
  "level": 1,
  "chance": 100,
  "create": 35
 }
},
{
 "model": "item.recipe",
 "pk": 38,
 "fields": {
  "level": 1,
  "chance": 100,
  "create": 33
 }
},
{
 "model": "item.recipe",
 "pk": 39,
 "fields": {
  "level": 1,
  "chance": 100,
  "create": 25
 }
},
{
 "model": "item.recipe",
 "pk": 40,
 "fields": {
  "level": 1,
  "chance": 100,
  "create": 34
 }
},
{
 "model": "item.recipe",
 "pk": 41,
 "fields": {
  "level": 1,
  "chance": 100,
  "create": 26
 }
},
{
 "model": "item.recipe",
 "pk": 42,
 "fields": {
  "level": 1,
  "chance": 100,
  "create": 24
 }
},
{
 "model": "item.recipe",
 "pk": 43,
 "fields": {
  "level": 2,
  "chance": 60,
  "create": 10
 }
},
{
 "model": "item.recipe",
 "pk": 44,
 "fields": {
  "level": 2,
  "chance": 60,
  "create": 11
 }
},
{
 "model": "item.recipe",
 "pk": 61,
 "fields": {
  "level": 2,
  "chance": 60,
  "create": 109
 }
},
{
 "model": "item.recipe",
 "pk": 67,
 "fields": {
  "level": 2,
  "chance": 100,
  "create": 64
 }
},
{
 "model": "item.recipe",
 "pk": 68,
 "fields": {
  "level": 2,
  "chance": 100,
  "create": 66
 }
},
{
 "model": "item.recipe",
 "pk": 69,
 "fields": {
  "level": 2,
  "chance": 100,
  "create": 65
 }
},
{
 "model": "item.recipe",
 "pk": 70,
 "fields": {
  "level": 2,
  "chance": 100,
  "create": 63
 }
},
{
 "model": "item.recipe",
 "pk": 74,
 "fields": {
  "level": 2,
  "chance": 60,
  "create": 73
 }
},
{
 "model": "item.recipe",
 "pk": 77,
 "fields": {
  "level": 2,
  "chance": 60,
  "create": 72
 }
},
{
 "model": "item.recipe",
 "pk": 79,
 "fields": {
  "level": 2,
  "chance": 60,
  "create": 71
 }
},
{
 "model": "item.recipe",
 "pk": 85,
 "fields": {
  "level": 2,
  "chance": 60,
  "create": 83
 }
},
{
 "model": "item.recipe",
 "pk": 87,
 "fields": {
  "level": 2,
  "chance": 60,
  "create": 81
 }
},
{
 "model": "item.recipe",
 "pk": 89,
 "fields": {
  "level": 2,
  "chance": 60,
  "create": 82
 }
},
{
 "model": "item.recipe",
 "pk": 91,
 "fields": {
  "level": 2,
  "chance": 60,
  "create": 80
 }
},
{
 "model": "item.etc",
 "pk": 1,
 "fields": {}
},
{
 "model": "item.etc",
 "pk": 2,
 "fields": {}
},
{
 "model": "item.etc",
 "pk": 13,
 "fields": {}
},
{
 "model": "item.etc",
 "pk": 14,
 "fields": {}
},
{
 "model": "item.bag",
 "pk": 3,
 "fields": {}
},
{
 "model": "item.bag",
 "pk": 4,
 "fields": {}
},
{
 "model": "item.bag",
 "pk": 6,
 "fields": {}
},
{
 "model": "item.bag",
 "pk": 7,
 "fields": {}
},
{
 "model": "item.bag",
 "pk": 8,
 "fields": {}
},
{
 "model": "item.bag",
 "pk": 9,
 "fields": {}
},
{
 "model": "item.bag",
 "pk": 10,
 "fields": {}
},
{
 "model": "item.bag",
 "pk": 11,
 "fields": {}
},
{
 "model": "item.bag",
 "pk": 12,
 "fields": {}
},
{
 "model": "item.bag",
 "pk": 92,
 "fields": {}
},
{
 "model": "item.bag",
 "pk": 93,
 "fields": {}
},
{
 "model": "item.bag",
 "pk": 94,
 "fields": {}
},
{
 "model": "item.bag",
 "pk": 95,
 "fields": {}
},
{
 "model": "item.bag",
 "pk": 103,
 "fields": {}
},
{
 "model": "item.bag",
 "pk": 114,
 "fields": {}
},
{
 "model": "item.bag",
 "pk": 115,
 "fields": {}
},
{
 "model": "item.bag",
 "pk": 117,
 "fields": {}
},
{
 "model": "item.bagitem",
 "pk": 1,
 "fields": {
  "item": 15,
  "bag": 3,
  "chance": 20,
  "amount": 1
 }
},
{
 "model": "item.bagitem",
 "pk": 2,
 "fields": {
  "item": 16,
  "bag": 3,
  "chance": 20,
  "amount": 1
 }
},
{
 "model": "item.bagitem",
 "pk": 3,
 "fields": {
  "item": 17,
  "bag": 3,
  "chance": 20,
  "amount": 1
 }
},
{
 "model": "item.bagitem",
 "pk": 4,
 "fields": {
  "item": 18,
  "bag": 3,
  "chance": 20,
  "amount": 1
 }
},
{
 "model": "item.bagitem",
 "pk": 9,
 "fields": {
  "item": 36,
  "bag": 6,
  "chance": 15,
  "amount": 1
 }
},
{
 "model": "item.bagitem",
 "pk": 10,
 "fields": {
  "item": 37,
  "bag": 6,
  "chance": 15,
  "amount": 1
 }
},
{
 "model": "item.bagitem",
 "pk": 11,
 "fields": {
  "item": 40,
  "bag": 6,
  "chance": 15,
  "amount": 1
 }
},
{
 "model": "item.bagitem",
 "pk": 12,
 "fields": {
  "item": 38,
  "bag": 6,
  "chance": 15,
  "amount": 1
 }
},
{
 "model": "item.bagitem",
 "pk": 13,
 "fields": {
  "item": 41,
  "bag": 6,
  "chance": 15,
  "amount": 1
 }
},
{
 "model": "item.bagitem",
 "pk": 14,
 "fields": {
  "item": 42,
  "bag": 6,
  "chance": 15,
  "amount": 1
 }
},
{
 "model": "item.bagitem",
 "pk": 15,
 "fields": {
  "item": 39,
  "bag": 6,
  "chance": 15,
  "amount": 1
 }
},
{
 "model": "item.bagitem",
 "pk": 16,
 "fields": {
  "item": 21,
  "bag": 7,
  "chance": 25,
  "amount": 1
 }
},
{
 "model": "item.bagitem",
 "pk": 17,
 "fields": {
  "item": 22,
  "bag": 7,
  "chance": 25,
  "amount": 1
 }
},
{
 "model": "item.bagitem",
 "pk": 18,
 "fields": {
  "item": 23,
  "bag": 7,
  "chance": 25,
  "amount": 1
 }
},
{
 "model": "item.bagitem",
 "pk": 19,
 "fields": {
  "item": 24,
  "bag": 7,
  "chance": 5,
  "amount": 1
 }
},
{
 "model": "item.bagitem",
 "pk": 20,
 "fields": {
  "item": 25,
  "bag": 7,
  "chance": 5,
  "amount": 1
 }
},
{
 "model": "item.bagitem",
 "pk": 21,
 "fields": {
  "item": 26,
  "bag": 7,
  "chance": 5,
  "amount": 1
 }
},
{
 "model": "item.bagitem",
 "pk": 22,
 "fields": {
  "item": 28,
  "bag": 4,
  "chance": 23,
  "amount": 1
 }
},
{
 "model": "item.bagitem",
 "pk": 23,
 "fields": {
  "item": 30,
  "bag": 4,
  "chance": 23,
  "amount": 1
 }
},
{
 "model": "item.bagitem",
 "pk": 24,
 "fields": {
  "item": 29,
  "bag": 4,
  "chance": 23,
  "amount": 1
 }
},
{
 "model": "item.bagitem",
 "pk": 25,
 "fields": {
  "item": 31,
  "bag": 4,
  "chance": 23,
  "amount": 1
 }
},
{
 "model": "item.bagitem",
 "pk": 26,
 "fields": {
  "item": 32,
  "bag": 4,
  "chance": 2,
  "amount": 1
 }
},
{
 "model": "item.bagitem",
 "pk": 27,
 "fields": {
  "item": 33,
  "bag": 4,
  "chance": 2,
  "amount": 1
 }
},
{
 "model": "item.bagitem",
 "pk": 28,
 "fields": {
  "item": 34,
  "bag": 4,
  "chance": 2,
  "amount": 1
 }
},
{
 "model": "item.bagitem",
 "pk": 29,
 "fields": {
  "item": 35,
  "bag": 4,
  "chance": 2,
  "amount": 1
 }
},
{
 "model": "item.bagitem",
 "pk": 30,
 "fields": {
  "item": 45,
  "bag": 8,
  "chance": 1,
  "amount": 1
 }
},
{
 "model": "item.bagitem",
 "pk": 31,
 "fields": {
  "item": 47,
  "bag": 8,
  "chance": 1,
  "amount": 1
 }
},
{
 "model": "item.bagitem",
 "pk": 32,
 "fields": {
  "item": 46,
  "bag": 8,
  "chance": 1,
  "amount": 1
 }
},
{
 "model": "item.bagitem",
 "pk": 33,
 "fields": {
  "item": 52,
  "bag": 9,
  "chance": 1,
  "amount": 1
 }
},
{
 "model": "item.bagitem",
 "pk": 34,
 "fields": {
  "item": 53,
  "bag": 9,
  "chance": 1,
  "amount": 1
 }
},
{
 "model": "item.bagitem",
 "pk": 36,
 "fields": {
  "item": 56,
  "bag": 9,
  "chance": 1,
  "amount": 1
 }
},
{
 "model": "item.bagitem",
 "pk": 38,
 "fields": {
  "item": 19,
  "bag": 9,
  "chance": 120,
  "amount": 1
 }
},
{
 "model": "item.bagitem",
 "pk": 39,
 "fields": {
  "item": 20,
  "bag": 8,
  "chance": 120,
  "amount": 1
 }
},
{
 "model": "item.bagitem",
 "pk": 40,
 "fields": {
  "item": 52,
  "bag": 10,
  "chance": 1,
  "amount": 1
 }
},
{
 "model": "item.bagitem",
 "pk": 41,
 "fields": {
  "item": 53,
  "bag": 10,
  "chance": 1,
  "amount": 1
 }
},
{
 "model": "item.bagitem",
 "pk": 44,
 "fields": {
  "item": 56,
  "bag": 10,
  "chance": 1,
  "amount": 1
 }
},
{
 "model": "item.bagitem",
 "pk": 45,
 "fields": {
  "item": 45,
  "bag": 11,
  "chance": 1,
  "amount": 1
 }
},
{
 "model": "item.bagitem",
 "pk": 46,
 "fields": {
  "item": 46,
  "bag": 11,
  "chance": 1,
  "amount": 1
 }
},
{
 "model": "item.bagitem",
 "pk": 47,
 "fields": {
  "item": 47,
  "bag": 11,
  "chance": 1,
  "amount": 1
 }
},
{
 "model": "item.bagitem",
 "pk": 48,
 "fields": {
  "item": 57,
  "bag": 12,
  "chance": 1,
  "amount": 1
 }
},
{
 "model": "item.bagitem",
 "pk": 49,
 "fields": {
  "item": 58,
  "bag": 12,
  "chance": 1,
  "amount": 1
 }
},
{
 "model": "item.bagitem",
 "pk": 50,
 "fields": {
  "item": 59,
  "bag": 12,
  "chance": 1,
  "amount": 1
 }
},
{
 "model": "item.bagitem",
 "pk": 51,
 "fields": {
  "item": 60,
  "bag": 12,
  "chance": 1,
  "amount": 1
 }
},
{
 "model": "item.bagitem",
 "pk": 52,
 "fields": {
  "item": 79,
  "bag": 92,
  "chance": 3,
  "amount": 1
 }
},
{
 "model": "item.bagitem",
 "pk": 53,
 "fields": {
  "item": 43,
  "bag": 92,
  "chance": 1,
  "amount": 1
 }
},
{
 "model": "item.bagitem",
 "pk": 54,
 "fields": {
  "item": 44,
  "bag": 92,
  "chance": 1,
  "amount": 1
 }
},
{
 "model": "item.bagitem",
 "pk": 55,
 "fields": {
  "item": 74,
  "bag": 92,
  "chance": 3,
  "amount": 1
 }
},
{
 "model": "item.bagitem",
 "pk": 56,
 "fields": {
  "item": 61,
  "bag": 92,
  "chance": 2,
  "amount": 1
 }
},
{
 "model": "item.bagitem",
 "pk": 57,
 "fields": {
  "item": 68,
  "bag": 92,
  "chance": 5,
  "amount": 1
 }
},
{
 "model": "item.bagitem",
 "pk": 58,
 "fields": {
  "item": 67,
  "bag": 92,
  "chance": 5,
  "amount": 1
 }
},
{
 "model": "item.bagitem",
 "pk": 59,
 "fields": {
  "item": 70,
  "bag": 92,
  "chance": 5,
  "amount": 1
 }
},
{
 "model": "item.bagitem",
 "pk": 60,
 "fields": {
  "item": 69,
  "bag": 92,
  "chance": 5,
  "amount": 1
 }
},
{
 "model": "item.bagitem",
 "pk": 61,
 "fields": {
  "item": 77,
  "bag": 92,
  "chance": 3,
  "amount": 1
 }
},
{
 "model": "item.bagitem",
 "pk": 62,
 "fields": {
  "item": 91,
  "bag": 92,
  "chance": 3,
  "amount": 1
 }
},
{
 "model": "item.bagitem",
 "pk": 63,
 "fields": {
  "item": 89,
  "bag": 92,
  "chance": 3,
  "amount": 1
 }
},
{
 "model": "item.bagitem",
 "pk": 64,
 "fields": {
  "item": 87,
  "bag": 92,
  "chance": 3,
  "amount": 1
 }
},
{
 "model": "item.bagitem",
 "pk": 65,
 "fields": {
  "item": 85,
  "bag": 92,
  "chance": 3,
  "amount": 1
 }
},
{
 "model": "item.bagitem",
 "pk": 66,
 "fields": {
  "item": 71,
  "bag": 93,
  "chance": 1,
  "amount": 1
 }
},
{
 "model": "item.bagitem",
 "pk": 67,
 "fields": {
  "item": 72,
  "bag": 93,
  "chance": 1,
  "amount": 1
 }
},
{
 "model": "item.bagitem",
 "pk": 68,
 "fields": {
  "item": 73,
  "bag": 93,
  "chance": 1,
  "amount": 1
 }
},
{
 "model": "item.bagitem",
 "pk": 69,
 "fields": {
  "item": 76,
  "bag": 93,
  "chance": 150,
  "amount": 1
 }
},
{
 "model": "item.bagitem",
 "pk": 70,
 "fields": {
  "item": 78,
  "bag": 93,
  "chance": 150,
  "amount": 1
 }
},
{
 "model": "item.bagitem",
 "pk": 71,
 "fields": {
  "item": 75,
  "bag": 93,
  "chance": 150,
  "amount": 1
 }
},
{
 "model": "item.bagitem",
 "pk": 72,
 "fields": {
  "item": 82,
  "bag": 94,
  "chance": 1,
  "amount": 1
 }
},
{
 "model": "item.bagitem",
 "pk": 73,
 "fields": {
  "item": 80,
  "bag": 94,
  "chance": 1,
  "amount": 1
 }
},
{
 "model": "item.bagitem",
 "pk": 74,
 "fields": {
  "item": 81,
  "bag": 94,
  "chance": 1,
  "amount": 1
 }
},
{
 "model": "item.bagitem",
 "pk": 75,
 "fields": {
  "item": 83,
  "bag": 94,
  "chance": 1,
  "amount": 1
 }
},
{
 "model": "item.bagitem",
 "pk": 76,
 "fields": {
  "item": 84,
  "bag": 94,
  "chance": 150,
  "amount": 1
 }
},
{
 "model": "item.bagitem",
 "pk": 77,
 "fields": {
  "item": 88,
  "bag": 94,
  "chance": 150,
  "amount": 1
 }
},
{
 "model": "item.bagitem",
 "pk": 78,
 "fields": {
  "item": 90,
  "bag": 94,
  "chance": 150,
  "amount": 1
 }
},
{
 "model": "item.bagitem",
 "pk": 79,
 "fields": {
  "item": 86,
  "bag": 94,
  "chance": 150,
  "amount": 1
 }
},
{
 "model": "item.bagitem",
 "pk": 80,
 "fields": {
  "item": 64,
  "bag": 95,
  "chance": 1,
  "amount": 1
 }
},
{
 "model": "item.bagitem",
 "pk": 81,
 "fields": {
  "item": 65,
  "bag": 95,
  "chance": 1,
  "amount": 1
 }
},
{
 "model": "item.bagitem",
 "pk": 82,
 "fields": {
  "item": 63,
  "bag": 95,
  "chance": 1,
  "amount": 1
 }
},
{
 "model": "item.bagitem",
 "pk": 83,
 "fields": {
  "item": 66,
  "bag": 95,
  "chance": 1,
  "amount": 1
 }
},
{
 "model": "item.bagitem",
 "pk": 84,
 "fields": {
  "item": 16,
  "bag": 95,
  "chance": 7,
  "amount": 1
 }
},
{
 "model": "item.bagitem",
 "pk": 85,
 "fields": {
  "item": 15,
  "bag": 95,
  "chance": 7,
  "amount": 1
 }
},
{
 "model": "item.bagitem",
 "pk": 86,
 "fields": {
  "item": 17,
  "bag": 95,
  "chance": 7,
  "amount": 1
 }
},
{
 "model": "item.bagitem",
 "pk": 87,
 "fields": {
  "item": 18,
  "bag": 95,
  "chance": 7,
  "amount": 1
 }
},
{
 "model": "item.bagitem",
 "pk": 88,
 "fields": {
  "item": 109,
  "bag": 93,
  "chance": 1,
  "amount": 1
 }
},
{
 "model": "item.bagitem",
 "pk": 89,
 "fields": {
  "item": 62,
  "bag": 93,
  "chance": 150,
  "amount": 1
 }
},
{
 "model": "item.bagitem",
 "pk": 90,
 "fields": {
  "item": 101,
  "bag": 103,
  "chance": 1,
  "amount": 1
 }
},
{
 "model": "item.bagitem",
 "pk": 91,
 "fields": {
  "item": 102,
  "bag": 103,
  "chance": 1,
  "amount": 1
 }
},
{
 "model": "item.bagitem",
 "pk": 92,
 "fields": {
  "item": 96,
  "bag": 103,
  "chance": 1,
  "amount": 1
 }
},
{
 "model": "item.bagitem",
 "pk": 93,
 "fields": {
  "item": 97,
  "bag": 103,
  "chance": 1,
  "amount": 1
 }
},
{
 "model": "item.bagitem",
 "pk": 94,
 "fields": {
  "item": 98,
  "bag": 103,
  "chance": 1,
  "amount": 1
 }
},
{
 "model": "item.bagitem",
 "pk": 95,
 "fields": {
  "item": 99,
  "bag": 103,
  "chance": 1,
  "amount": 1
 }
},
{
 "model": "item.bagitem",
 "pk": 96,
 "fields": {
  "item": 100,
  "bag": 103,
  "chance": 1,
  "amount": 1
 }
},
{
 "model": "item.bagitem",
 "pk": 97,
 "fields": {
  "item": 107,
  "bag": 103,
  "chance": 1,
  "amount": 1
 }
},
{
 "model": "item.bagitem",
 "pk": 98,
 "fields": {
  "item": 106,
  "bag": 103,
  "chance": 1,
  "amount": 1
 }
},
{
 "model": "item.bagitem",
 "pk": 99,
 "fields": {
  "item": 108,
  "bag": 103,
  "chance": 1,
  "amount": 1
 }
},
{
 "model": "item.bagitem",
 "pk": 100,
 "fields": {
  "item": 105,
  "bag": 114,
  "chance": 1,
  "amount": 100
 }
},
{
 "model": "item.bagitem",
 "pk": 101,
 "fields": {
  "item": 104,
  "bag": 115,
  "chance": 1,
  "amount": 100
 }
},
{
 "model": "item.bagitem",
 "pk": 103,
 "fields": {
  "item": 110,
  "bag": 117,
  "chance": 20,
  "amount": 10
 }
},
{
 "model": "item.bagitem",
 "pk": 104,
 "fields": {
  "item": 121,
  "bag": 117,
  "chance": 20,
  "amount": 10
 }
},
{
 "model": "item.bagitem",
 "pk": 105,
 "fields": {
  "item": 111,
  "bag": 117,
  "chance": 5,
  "amount": 10
 }
},
{
 "model": "item.bagitem",
 "pk": 106,
 "fields": {
  "item": 120,
  "bag": 117,
  "chance": 5,
  "amount": 10
 }
},
{
 "model": "item.bagitem",
 "pk": 107,
 "fields": {
  "item": 119,
  "bag": 117,
  "chance": 5,
  "amount": 10
 }
},
{
 "model": "item.bagitem",
 "pk": 108,
 "fields": {
  "item": 112,
  "bag": 117,
  "chance": 5,
  "amount": 10
 }
},
{
 "model": "item.bagitem",
 "pk": 109,
 "fields": {
  "item": 122,
  "bag": 117,
  "chance": 1,
  "amount": 10
 }
},
{
 "model": "item.effect",
 "pk": 1,
 "fields": {
  "property": "defence",
  "amount": 12,
  "in_percent": false,
  "slug": "item"
 }
},
{
 "model": "item.effect",
 "pk": 2,
 "fields": {
  "property": "defence",
  "amount": 4,
  "in_percent": false,
  "slug": "item"
 }
},
{
 "model": "item.effect",
 "pk": 3,
 "fields": {
  "property": "defence",
  "amount": 5,
  "in_percent": false,
  "slug": "item"
 }
},
{
 "model": "item.effect",
 "pk": 4,
 "fields": {
  "property": "defence",
  "amount": 6,
  "in_percent": false,
  "slug": "item"
 }
},
{
 "model": "item.effect",
 "pk": 5,
 "fields": {
  "property": "defence",
  "amount": 11,
  "in_percent": false,
  "slug": "item"
 }
},
{
 "model": "item.effect",
 "pk": 6,
 "fields": {
  "property": "defence",
  "amount": 9,
  "in_percent": false,
  "slug": "item"
 }
},
{
 "model": "item.effect",
 "pk": 7,
 "fields": {
  "property": "attack",
  "amount": 10,
  "in_percent": false,
  "slug": "item"
 }
},
{
 "model": "item.effect",
 "pk": 8,
 "fields": {
  "property": "attack",
  "amount": 11,
  "in_percent": false,
  "slug": "item"
 }
},
{
 "model": "item.effect",
 "pk": 9,
 "fields": {
  "property": "attack",
  "amount": 12,
  "in_percent": false,
  "slug": "item"
 }
},
{
 "model": "item.effect",
 "pk": 10,
 "fields": {
  "property": "attack",
  "amount": 5,
  "in_percent": false,
  "slug": "item"
 }
},
{
 "model": "item.effect",
 "pk": 11,
 "fields": {
  "property": "attack",
  "amount": 6,
  "in_percent": false,
  "slug": "item"
 }
},
{
 "model": "item.effect",
 "pk": 12,
 "fields": {
  "property": "attack",
  "amount": 4,
  "in_percent": false,
  "slug": "item"
 }
},
{
 "model": "item.effect",
 "pk": 13,
 "fields": {
  "property": "defence",
  "amount": 10,
  "in_percent": true,
  "slug": "potion"
 }
},
{
 "model": "item.effect",
 "pk": 14,
 "fields": {
  "property": "attack",
  "amount": 10,
  "in_percent": true,
  "slug": "item"
 }
},
{
 "model": "item.effect",
 "pk": 16,
 "fields": {
  "property": "exp",
  "amount": 10,
  "in_percent": true,
  "slug": "potion"
 }
},
{
 "model": "item.effect",
 "pk": 18,
 "fields": {
  "property": "defence",
  "amount": -10,
  "in_percent": true,
  "slug": "fatigue"
 }
},
{
 "model": "item.effect",
 "pk": 19,
 "fields": {
  "property": "attack",
  "amount": -10,
  "in_percent": true,
  "slug": "fatigue"
 }
},
{
 "model": "item.effect",
 "pk": 20,
 "fields": {
  "property": "attack",
  "amount": 20,
  "in_percent": true,
  "slug": "skill"
 }
},
{
 "model": "item.effect",
 "pk": 21,
 "fields": {
  "property": "defence",
  "amount": 20,
  "in_percent": true,
  "slug": "skill"
 }
},
{
 "model": "item.effect",
 "pk": 22,
 "fields": {
  "property": "drop",
  "amount": 20,
  "in_percent": true,
  "slug": "skill"
 }
},
{
 "model": "item.effect",
 "pk": 23,
 "fields": {
  "property": "attack",
  "amount": 5,
  "in_percent": false,
  "slug": "skill"
 }
},
{
 "model": "item.effect",
 "pk": 24,
 "fields": {
  "property": "defence",
  "amount": 20,
  "in_percent": false,
  "slug": "item"
 }
},
{
 "model": "item.effect",
 "pk": 25,
 "fields": {
  "property": "defence",
  "amount": 16,
  "in_percent": false,
  "slug": "item"
 }
},
{
 "model": "item.effect",
 "pk": 26,
 "fields": {
  "property": "defence",
  "amount": 14,
  "in_percent": false,
  "slug": "item"
 }
},
{
 "model": "item.effect",
 "pk": 27,
 "fields": {
  "property": "attack",
  "amount": 20,
  "in_percent": false,
  "slug": "item"
 }
},
{
 "model": "item.effect",
 "pk": 28,
 "fields": {
  "property": "attack",
  "amount": 18,
  "in_percent": false,
  "slug": "item"
 }
},
{
 "model": "item.effect",
 "pk": 29,
 "fields": {
  "property": "attack",
  "amount": 17,
  "in_percent": false,
  "slug": "item"
 }
},
{
 "model": "item.effect",
 "pk": 30,
 "fields": {
  "property": "pvp",
  "amount": 5,
  "in_percent": true,
  "slug": "skill"
 }
},
{
 "model": "item.effect",
 "pk": 31,
 "fields": {
  "property": "mass_attack",
  "amount": 5,
  "in_percent": true,
  "slug": "skill"
 }
},
{
 "model": "item.effect",
 "pk": 32,
 "fields": {
  "property": "no_death_exp",
  "amount": 5,
  "in_percent": true,
  "slug": "skill"
 }
},
{
 "model": "item.effect",
 "pk": 33,
 "fields": {
  "property": "evasion",
  "amount": 5,
  "in_percent": true,
  "slug": "skill"
 }
},
{
 "model": "item.effect",
 "pk": 34,
 "fields": {
  "property": "attack",
  "amount": 10,
  "in_percent": false,
  "slug": "skill"
 }
},
{
 "model": "item.effect",
 "pk": 35,
 "fields": {
  "property": "invisible",
  "amount": 0,
  "in_percent": true,
  "slug": "skill"
 }
},
{
 "model": "item.effect",
 "pk": 36,
 "fields": {
  "property": "mana",
  "amount": 10,
  "in_percent": true,
  "slug": "potion"
 }
},
{
 "model": "item.effect",
 "pk": 37,
 "fields": {
  "property": "health",
  "amount": 10,
  "in_percent": true,
  "slug": "potion"
 }
},
{
 "model": "item.effect",
 "pk": 38,
 "fields": {
  "property": "max_mana",
  "amount": 20,
  "in_percent": false,
  "slug": "item"
 }
},
{
 "model": "item.effect",
 "pk": 40,
 "fields": {
  "property": "max_mana",
  "amount": 32,
  "in_percent": false,
  "slug": "item"
 }
},
{
 "model": "item.effect",
 "pk": 41,
 "fields": {
  "property": "max_mana",
  "amount": 48,
  "in_percent": false,
  "slug": "item"
 }
},
{
 "model": "item.effect",
 "pk": 42,
 "fields": {
  "property": "attack",
  "amount": 4,
  "in_percent": false,
  "slug": "skill"
 }
},
{
 "model": "item.effect",
 "pk": 43,
 "fields": {
  "property": "attack",
  "amount": 8,
  "in_percent": false,
  "slug": "skill"
 }
},
{
 "model": "item.effect",
 "pk": 44,
 "fields": {
  "property": "talisman_amount",
  "amount": 1,
  "in_percent": false,
  "slug": "item"
 }
},
{
 "model": "item.effect",
 "pk": 45,
 "fields": {
  "property": "defence",
  "amount": 8,
  "in_percent": false,
  "slug": "item"
 }
},
{
 "model": "item.effect",
 "pk": 46,
 "fields": {
  "property": "exp",
  "amount": 10,
  "in_percent": true,
  "slug": "item"
 }
},
{
 "model": "item.effect",
 "pk": 47,
 "fields": {
  "property": "attack",
  "amount": 10,
  "in_percent": true,
  "slug": "potion"
 }
},
{
 "model": "item.effect",
 "pk": 48,
 "fields": {
  "property": "max_health",
  "amount": 10,
  "in_percent": true,
  "slug": "potion"
 }
},
{
 "model": "item.effect",
 "pk": 49,
 "fields": {
  "property": "max_mana",
  "amount": 10,
  "in_percent": true,
  "slug": "potion"
 }
},
{
 "model": "item.effect",
 "pk": 51,
 "fields": {
  "property": "attack",
  "amount": 20,
  "in_percent": true,
  "slug": "potion"
 }
},
{
 "model": "item.effect",
 "pk": 52,
 "fields": {
  "property": "defence",
  "amount": 20,
  "in_percent": true,
  "slug": "potion"
 }
},
{
 "model": "item.effect",
 "pk": 55,
 "fields": {
  "property": "defence",
  "amount": 10,
  "in_percent": true,
  "slug": "item"
 }
},
{
 "model": "item.effect",
 "pk": 56,
 "fields": {
  "property": "drop",
  "amount": 10,
  "in_percent": true,
  "slug": "skill"
 }
},
{
 "model": "item.effect",
 "pk": 57,
 "fields": {
  "property": "accuracy",
  "amount": 10,
  "in_percent": true,
  "slug": "potion"
 }
},
{
 "model": "item.effect",
 "pk": 58,
 "fields": {
  "property": "evasion",
  "amount": 10,
  "in_percent": true,
  "slug": "potion"
 }
},
{
 "model": "item.effect",
 "pk": 59,
 "fields": {
  "property": "attack",
  "amount": 2,
  "in_percent": false,
  "slug": "power"
 }
},
{
 "model": "item.effect",
 "pk": 60,
 "fields": {
  "property": "defence",
  "amount": 2,
  "in_percent": false,
  "slug": "power"
 }
},
{
 "model": "item.effect",
 "pk": 61,
 "fields": {
  "property": "accuracy",
  "amount": 1,
  "in_percent": false,
  "slug": "power"
 }
},
{
 "model": "item.effect",
 "pk": 62,
 "fields": {
  "property": "evasion",
  "amount": 1,
  "in_percent": false,
  "slug": "power"
 }
},
{
 "model": "item.effect",
 "pk": 63,
 "fields": {
  "property": "max_health",
  "amount": 6,
  "in_percent": false,
  "slug": "power"
 }
},
{
 "model": "item.effect",
 "pk": 64,
 "fields": {
  "property": "max_mana",
  "amount": 4,
  "in_percent": false,
  "slug": "power"
 }
},
{
 "model": "item.effect",
 "pk": 65,
 "fields": {
  "property": "crit_race",
  "amount": 10,
  "in_percent": false,
  "slug": "power"
 }
},
{
 "model": "item.effect",
 "pk": 66,
 "fields": {
  "property": "crit_power",
  "amount": 10,
  "in_percent": false,
  "slug": "power"
 }
},
{
 "model": "item.itemeffect",
 "pk": 2,
 "fields": {
  "item": 21,
  "effect": 2
 }
},
{
 "model": "item.itemeffect",
 "pk": 3,
 "fields": {
  "item": 22,
  "effect": 3
 }
},
{
 "model": "item.itemeffect",
 "pk": 4,
 "fields": {
  "item": 23,
  "effect": 4
 }
},
{
 "model": "item.itemeffect",
 "pk": 5,
 "fields": {
  "item": 26,
  "effect": 1
 }
},
{
 "model": "item.itemeffect",
 "pk": 6,
 "fields": {
  "item": 25,
  "effect": 5
 }
},
{
 "model": "item.itemeffect",
 "pk": 7,
 "fields": {
  "item": 24,
  "effect": 6
 }
},
{
 "model": "item.itemeffect",
 "pk": 8,
 "fields": {
  "item": 33,
  "effect": 7
 }
},
{
 "model": "item.itemeffect",
 "pk": 9,
 "fields": {
  "item": 35,
  "effect": 8
 }
},
{
 "model": "item.itemeffect",
 "pk": 10,
 "fields": {
  "item": 34,
  "effect": 9
 }
},
{
 "model": "item.itemeffect",
 "pk": 11,
 "fields": {
  "item": 32,
  "effect": 9
 }
},
{
 "model": "item.itemeffect",
 "pk": 12,
 "fields": {
  "item": 31,
  "effect": 10
 }
},
{
 "model": "item.itemeffect",
 "pk": 13,
 "fields": {
  "item": 30,
  "effect": 11
 }
},
{
 "model": "item.itemeffect",
 "pk": 14,
 "fields": {
  "item": 29,
  "effect": 12
 }
},
{
 "model": "item.itemeffect",
 "pk": 15,
 "fields": {
  "item": 28,
  "effect": 11
 }
},
{
 "model": "item.itemeffect",
 "pk": 20,
 "fields": {
  "item": 56,
  "effect": 14
 }
},
{
 "model": "item.itemeffect",
 "pk": 21,
 "fields": {
  "item": 71,
  "effect": 24
 }
},
{
 "model": "item.itemeffect",
 "pk": 22,
 "fields": {
  "item": 72,
  "effect": 25
 }
},
{
 "model": "item.itemeffect",
 "pk": 23,
 "fields": {
  "item": 73,
  "effect": 26
 }
},
{
 "model": "item.itemeffect",
 "pk": 24,
 "fields": {
  "item": 80,
  "effect": 27
 }
},
{
 "model": "item.itemeffect",
 "pk": 25,
 "fields": {
  "item": 81,
  "effect": 28
 }
},
{
 "model": "item.itemeffect",
 "pk": 26,
 "fields": {
  "item": 82,
  "effect": 28
 }
},
{
 "model": "item.itemeffect",
 "pk": 27,
 "fields": {
  "item": 83,
  "effect": 29
 }
},
{
 "model": "item.itemeffect",
 "pk": 28,
 "fields": {
  "item": 105,
  "effect": 36
 }
},
{
 "model": "item.itemeffect",
 "pk": 29,
 "fields": {
  "item": 104,
  "effect": 37
 }
},
{
 "model": "item.itemeffect",
 "pk": 30,
 "fields": {
  "item": 21,
  "effect": 38
 }
},
{
 "model": "item.itemeffect",
 "pk": 31,
 "fields": {
  "item": 24,
  "effect": 40
 }
},
{
 "model": "item.itemeffect",
 "pk": 32,
 "fields": {
  "item": 73,
  "effect": 41
 }
},
{
 "model": "item.itemeffect",
 "pk": 33,
 "fields": {
  "item": 109,
  "effect": 44
 }
},
{
 "model": "item.itemeffect",
 "pk": 34,
 "fields": {
  "item": 109,
  "effect": 45
 }
},
{
 "model": "item.itemeffect",
 "pk": 35,
 "fields": {
  "item": 53,
  "effect": 46
 }
},
{
 "model": "item.itemeffect",
 "pk": 36,
 "fields": {
  "item": 110,
  "effect": 47
 }
},
{
 "model": "item.itemeffect",
 "pk": 38,
 "fields": {
  "item": 111,
  "effect": 16
 }
},
{
 "model": "item.itemeffect",
 "pk": 39,
 "fields": {
  "item": 112,
  "effect": 48
 }
},
{
 "model": "item.itemeffect",
 "pk": 40,
 "fields": {
  "item": 112,
  "effect": 49
 }
},
{
 "model": "item.itemeffect",
 "pk": 50,
 "fields": {
  "item": 118,
  "effect": 51
 }
},
{
 "model": "item.itemeffect",
 "pk": 51,
 "fields": {
  "item": 118,
  "effect": 52
 }
},
{
 "model": "item.itemeffect",
 "pk": 54,
 "fields": {
  "item": 52,
  "effect": 55
 }
},
{
 "model": "item.itemeffect",
 "pk": 55,
 "fields": {
  "item": 119,
  "effect": 57
 }
},
{
 "model": "item.itemeffect",
 "pk": 56,
 "fields": {
  "item": 120,
  "effect": 58
 }
},
{
 "model": "item.itemeffect",
 "pk": 57,
 "fields": {
  "item": 121,
  "effect": 13
 }
},
{
 "model": "item.itemeffect",
 "pk": 58,
 "fields": {
  "item": 122,
  "effect": 13
 }
},
{
 "model": "item.itemeffect",
 "pk": 59,
 "fields": {
  "item": 122,
  "effect": 16
 }
},
{
 "model": "item.itemeffect",
 "pk": 60,
 "fields": {
  "item": 122,
  "effect": 47
 }
},
{
 "model": "item.itemeffect",
 "pk": 61,
 "fields": {
  "item": 122,
  "effect": 48
 }
},
{
 "model": "item.itemeffect",
 "pk": 62,
 "fields": {
  "item": 122,
  "effect": 49
 }
},
{
 "model": "item.itemeffect",
 "pk": 63,
 "fields": {
  "item": 122,
  "effect": 57
 }
},
{
 "model": "item.itemeffect",
 "pk": 64,
 "fields": {
  "item": 122,
  "effect": 58
 }
},
{
 "model": "item.craftingitem",
 "pk": 1,
 "fields": {
  "material": 15,
  "recipe": 36,
  "amount": 20
 }
},
{
 "model": "item.craftingitem",
 "pk": 2,
 "fields": {
  "material": 17,
  "recipe": 36,
  "amount": 80
 }
},
{
 "model": "item.craftingitem",
 "pk": 3,
 "fields": {
  "material": 17,
  "recipe": 37,
  "amount": 60
 }
},
{
 "model": "item.craftingitem",
 "pk": 4,
 "fields": {
  "material": 15,
  "recipe": 37,
  "amount": 20
 }
},
{
 "model": "item.craftingitem",
 "pk": 5,
 "fields": {
  "material": 17,
  "recipe": 40,
  "amount": 20
 }
},
{
 "model": "item.craftingitem",
 "pk": 6,
 "fields": {
  "material": 15,
  "recipe": 40,
  "amount": 60
 }
},
{
 "model": "item.craftingitem",
 "pk": 7,
 "fields": {
  "material": 17,
  "recipe": 38,
  "amount": 60
 }
},
{
 "model": "item.craftingitem",
 "pk": 8,
 "fields": {
  "material": 15,
  "recipe": 38,
  "amount": 20
 }
},
{
 "model": "item.craftingitem",
 "pk": 9,
 "fields": {
  "material": 15,
  "recipe": 41,
  "amount": 60
 }
},
{
 "model": "item.craftingitem",
 "pk": 10,
 "fields": {
  "material": 16,
  "recipe": 41,
  "amount": 20
 }
},
{
 "model": "item.craftingitem",
 "pk": 11,
 "fields": {
  "material": 16,
  "recipe": 39,
  "amount": 60
 }
},
{
 "model": "item.craftingitem",
 "pk": 12,
 "fields": {
  "material": 18,
  "recipe": 39,
  "amount": 20
 }
},
{
 "model": "item.craftingitem",
 "pk": 13,
 "fields": {
  "material": 18,
  "recipe": 42,
  "amount": 60
 }
},
{
 "model": "item.craftingitem",
 "pk": 14,
 "fields": {
  "material": 16,
  "recipe": 42,
  "amount": 20
 }
},
{
 "model": "item.craftingitem",
 "pk": 15,
 "fields": {
  "material": 19,
  "recipe": 43,
  "amount": 300
 }
},
{
 "model": "item.craftingitem",
 "pk": 16,
 "fields": {
  "material": 20,
  "recipe": 44,
  "amount": 300
 }
},
{
 "model": "item.craftingitem",
 "pk": 17,
 "fields": {
  "material": 62,
  "recipe": 61,
  "amount": 7
 }
},
{
 "model": "item.craftingitem",
 "pk": 18,
 "fields": {
  "material": 65,
  "recipe": 61,
  "amount": 100
 }
},
{
 "model": "item.craftingitem",
 "pk": 19,
 "fields": {
  "material": 63,
  "recipe": 61,
  "amount": 30
 }
},
{
 "model": "item.craftingitem",
 "pk": 20,
 "fields": {
  "material": 16,
  "recipe": 67,
  "amount": 10
 }
},
{
 "model": "item.craftingitem",
 "pk": 21,
 "fields": {
  "material": 18,
  "recipe": 68,
  "amount": 10
 }
},
{
 "model": "item.craftingitem",
 "pk": 22,
 "fields": {
  "material": 17,
  "recipe": 69,
  "amount": 10
 }
},
{
 "model": "item.craftingitem",
 "pk": 23,
 "fields": {
  "material": 15,
  "recipe": 70,
  "amount": 10
 }
},
{
 "model": "item.craftingitem",
 "pk": 24,
 "fields": {
  "material": 66,
  "recipe": 74,
  "amount": 100
 }
},
{
 "model": "item.craftingitem",
 "pk": 25,
 "fields": {
  "material": 64,
  "recipe": 74,
  "amount": 30
 }
},
{
 "model": "item.craftingitem",
 "pk": 26,
 "fields": {
  "material": 75,
  "recipe": 74,
  "amount": 7
 }
},
{
 "model": "item.craftingitem",
 "pk": 27,
 "fields": {
  "material": 64,
  "recipe": 77,
  "amount": 100
 }
},
{
 "model": "item.craftingitem",
 "pk": 28,
 "fields": {
  "material": 66,
  "recipe": 77,
  "amount": 30
 }
},
{
 "model": "item.craftingitem",
 "pk": 29,
 "fields": {
  "material": 76,
  "recipe": 77,
  "amount": 7
 }
},
{
 "model": "item.craftingitem",
 "pk": 30,
 "fields": {
  "material": 63,
  "recipe": 79,
  "amount": 100
 }
},
{
 "model": "item.craftingitem",
 "pk": 31,
 "fields": {
  "material": 64,
  "recipe": 79,
  "amount": 30
 }
},
{
 "model": "item.craftingitem",
 "pk": 32,
 "fields": {
  "material": 78,
  "recipe": 79,
  "amount": 7
 }
},
{
 "model": "item.craftingitem",
 "pk": 33,
 "fields": {
  "material": 63,
  "recipe": 85,
  "amount": 100
 }
},
{
 "model": "item.craftingitem",
 "pk": 34,
 "fields": {
  "material": 65,
  "recipe": 85,
  "amount": 30
 }
},
{
 "model": "item.craftingitem",
 "pk": 35,
 "fields": {
  "material": 84,
  "recipe": 85,
  "amount": 7
 }
},
{
 "model": "item.craftingitem",
 "pk": 36,
 "fields": {
  "material": 63,
  "recipe": 87,
  "amount": 50
 }
},
{
 "model": "item.craftingitem",
 "pk": 37,
 "fields": {
  "material": 65,
  "recipe": 87,
  "amount": 30
 }
},
{
 "model": "item.craftingitem",
 "pk": 38,
 "fields": {
  "material": 64,
  "recipe": 87,
  "amount": 50
 }
},
{
 "model": "item.craftingitem",
 "pk": 39,
 "fields": {
  "material": 86,
  "recipe": 87,
  "amount": 7
 }
},
{
 "model": "item.craftingitem",
 "pk": 40,
 "fields": {
  "material": 63,
  "recipe": 89,
  "amount": 80
 }
},
{
 "model": "item.craftingitem",
 "pk": 41,
 "fields": {
  "material": 64,
  "recipe": 89,
  "amount": 50
 }
},
{
 "model": "item.craftingitem",
 "pk": 42,
 "fields": {
  "material": 88,
  "recipe": 89,
  "amount": 7
 }
},
{
 "model": "item.craftingitem",
 "pk": 43,
 "fields": {
  "material": 63,
  "recipe": 91,
  "amount": 30
 }
},
{
 "model": "item.craftingitem",
 "pk": 44,
 "fields": {
  "material": 65,
  "recipe": 91,
  "amount": 70
 }
},
{
 "model": "item.craftingitem",
 "pk": 45,
 "fields": {
  "material": 64,
  "recipe": 91,
  "amount": 30
 }
},
{
 "model": "item.craftingitem",
 "pk": 46,
 "fields": {
  "material": 90,
  "recipe": 91,
  "amount": 7
 }
},
{
 "model": "character.skill",
 "pk": 1,
 "fields": {
  "name": "Мастер Создания",
  "emoji": "🔨",
  "description": "Позволяет создавать предметы в Мастерской",
  "level": 1,
  "mana_cost": 0,
  "effect_time": null,
  "cooldown": null,
  "type": "passive"
 }
},
{
 "model": "character.skill",
 "pk": 2,
 "fields": {
  "name": "Мастер Создания",
  "emoji": "🔨",
  "description": "Позволяет создавать предметы в Мастерской",
  "level": 2,
  "mana_cost": 0,
  "effect_time": null,
  "cooldown": null,
  "type": "passive"
 }
},
{
 "model": "character.skill",
 "pk": 3,
 "fields": {
  "name": "Улучшенная Атака",
  "emoji": "🗡",
  "description": "Увеличивает атаку персонажа",
  "level": 1,
  "mana_cost": 0,
  "effect_time": null,
  "cooldown": null,
  "type": "passive"
 }
},
{
 "model": "character.skill",
 "pk": 4,
 "fields": {
  "name": "Улучшенная Атака",
  "emoji": "🗡",
  "description": "Увеличивает атаку персонажа",
  "level": 2,
  "mana_cost": 0,
  "effect_time": null,
  "cooldown": null,
  "type": "passive"
 }
},
{
 "model": "character.skill",
 "pk": 5,
 "fields": {
  "name": "Улучшенное Чутье",
  "emoji": "🦻🏻",
  "description": "Благодаря повышенному чутью Охотник добывает больше предметов за охоту",
  "level": 2,
  "mana_cost": 0,
  "effect_time": null,
  "cooldown": null,
  "type": "passive"
 }
},
{
 "model": "character.skill",
 "pk": 6,
 "fields": {
  "name": "Улучшенное Чутье",
  "emoji": "🦻🏻",
  "description": "Благодаря повышенному чутью Охотник добывает больше предметов за охоту",
  "level": 1,
  "mana_cost": 0,
  "effect_time": null,
  "cooldown": null,
  "type": "passive"
 }
},
{
 "model": "character.skill",
 "pk": 7,
 "fields": {
  "name": "Улучшенная Защита",
  "emoji": "🛡",
  "description": "Увеличивает защиту персонажа",
  "level": 1,
  "mana_cost": 0,
  "effect_time": null,
  "cooldown": null,
  "type": "passive"
 }
},
{
 "model": "character.skill",
 "pk": 8,
 "fields": {
  "name": "Улучшенная Защита",
  "emoji": "🛡",
  "description": "Увеличивает защиту персонажа",
  "level": 2,
  "mana_cost": 0,
  "effect_time": null,
  "cooldown": null,
  "type": "passive"
 }
},
{
 "model": "character.skill",
 "pk": 9,
 "fields": {
  "name": "Огненный Шар",
  "emoji": "🔥",
  "description": "При активации данной способности. Маг наносит дополнительный урон при Охоте и PvP.",
  "level": 1,
  "mana_cost": 4,
  "effect_time": null,
  "cooldown": null,
  "type": "toggle"
 }
},
{
 "model": "character.skill",
 "pk": 10,
 "fields": {
  "name": "Невидимость",
  "emoji": "💨",
  "description": "При использовании данной способности Охотника нельзя найти в Локации.",
  "level": 1,
  "mana_cost": 25,
  "effect_time": "06:00:00",
  "cooldown": "12:00:00",
  "type": "active"
 }
},
{
 "model": "character.skill",
 "pk": 11,
 "fields": {
  "name": "Крепкая Броня",
  "emoji": "🛡",
  "description": "Нападая на Вас Персонаж может убить себя.",
  "level": 1,
  "mana_cost": 0,
  "effect_time": null,
  "cooldown": null,
  "type": "passive"
 }
},
{
 "model": "character.skill",
 "pk": 12,
 "fields": {
  "name": "Массовые Заклинания",
  "emoji": "🌪",
  "description": "При охоте есть шанс убить сразу несколько Монстров за раз",
  "level": 1,
  "mana_cost": 0,
  "effect_time": null,
  "cooldown": null,
  "type": "passive"
 }
},
{
 "model": "character.skill",
 "pk": 13,
 "fields": {
  "name": "Выживаемость",
  "emoji": "❤️",
  "description": "При смерти есть шанс не потерять Опыт",
  "level": 1,
  "mana_cost": 0,
  "effect_time": null,
  "cooldown": null,
  "type": "passive"
 }
},
{
 "model": "character.skill",
 "pk": 14,
 "fields": {
  "name": "Создание Эликсира",
  "emoji": "🌡",
  "description": "Можно создать случайный Эликсир",
  "level": 1,
  "mana_cost": 0,
  "effect_time": null,
  "cooldown": "12:00:00",
  "type": "active"
 }
},
{
 "model": "character.skill",
 "pk": 15,
 "fields": {
  "name": "Уклонение",
  "emoji": "🥾",
  "description": "При проигрыше в PvP есть шанс скрыться в Городе",
  "level": 1,
  "mana_cost": 0,
  "effect_time": null,
  "cooldown": null,
  "type": "passive"
 }
},
{
 "model": "character.skill",
 "pk": 16,
 "fields": {
  "name": "Огненный Шар",
  "emoji": "🔥",
  "description": "При активации данной способности. Маг наносит дополнительный урон при Охоте и PvP.",
  "level": 2,
  "mana_cost": 7,
  "effect_time": null,
  "cooldown": null,
  "type": "toggle"
 }
},
{
 "model": "character.skill",
 "pk": 17,
 "fields": {
  "name": "Усиленный Удар",
  "emoji": "💫",
  "description": "При активации данной способности. Мастер наносит дополнительный урон при Охоте и PvP.",
  "level": 1,
  "mana_cost": 4,
  "effect_time": null,
  "cooldown": null,
  "type": "toggle"
 }
},
{
 "model": "character.skill",
 "pk": 18,
 "fields": {
  "name": "Усиленный Удар",
  "emoji": "💫",
  "description": "При активации данной способности. Мастер наносит дополнительный урон при Охоте и PvP.",
  "level": 2,
  "mana_cost": 8,
  "effect_time": null,
  "cooldown": null,
  "type": "toggle"
 }
},
{
 "model": "character.skill",
 "pk": 19,
 "fields": {
  "name": "Удар Щитом",
  "emoji": "🛡",
  "description": "При активации данной способности. Рыцарь наносит дополнительный урон при Охоте и PvP.",
  "level": 1,
  "mana_cost": 4,
  "effect_time": null,
  "cooldown": null,
  "type": "toggle"
 }
},
{
 "model": "character.skill",
 "pk": 20,
 "fields": {
  "name": "Удар Щитом",
  "emoji": "🛡",
  "description": "При активации данной способности. Рыцарь наносит дополнительный урон при Охоте и PvP.",
  "level": 2,
  "mana_cost": 8,
  "effect_time": null,
  "cooldown": null,
  "type": "toggle"
 }
},
{
 "model": "character.skill",
 "pk": 21,
 "fields": {
  "name": "Удар со Спины",
  "emoji": "🗡",
  "description": "При активации данной способности. Охотник наносит дополнительный урон при Охоте и PvP.",
  "level": 1,
  "mana_cost": 4,
  "effect_time": null,
  "cooldown": null,
  "type": "toggle"
 }
},
{
 "model": "character.skill",
 "pk": 22,
 "fields": {
  "name": "Удар со Спины",
  "emoji": "🗡",
  "description": "При активации данной способности. Охотник наносит дополнительный урон при Охоте и PvP.",
  "level": 2,
  "mana_cost": 8,
  "effect_time": null,
  "cooldown": null,
  "type": "toggle"
 }
},
{
 "model": "character.skilleffect",
 "pk": 1,
 "fields": {
  "skill": 7,
  "effect": 13
 }
},
{
 "model": "character.skilleffect",
 "pk": 2,
 "fields": {
  "skill": 3,
  "effect": 14
 }
},
{
 "model": "character.skilleffect",
 "pk": 4,
 "fields": {
  "skill": 5,
  "effect": 22
 }
},
{
 "model": "character.skilleffect",
 "pk": 5,
 "fields": {
  "skill": 4,
  "effect": 20
 }
},
{
 "model": "character.skilleffect",
 "pk": 6,
 "fields": {
  "skill": 8,
  "effect": 21
 }
},
{
 "model": "character.skilleffect",
 "pk": 7,
 "fields": {
  "skill": 9,
  "effect": 23
 }
},
{
 "model": "character.skilleffect",
 "pk": 8,
 "fields": {
  "skill": 11,
  "effect": 30
 }
},
{
 "model": "character.skilleffect",
 "pk": 9,
 "fields": {
  "skill": 12,
  "effect": 31
 }
},
{
 "model": "character.skilleffect",
 "pk": 10,
 "fields": {
  "skill": 13,
  "effect": 32
 }
},
{
 "model": "character.skilleffect",
 "pk": 11,
 "fields": {
  "skill": 15,
  "effect": 33
 }
},
{
 "model": "character.skilleffect",
 "pk": 12,
 "fields": {
  "skill": 16,
  "effect": 34
 }
},
{
 "model": "character.skilleffect",
 "pk": 13,
 "fields": {
  "skill": 10,
  "effect": 35
 }
},
{
 "model": "character.skilleffect",
 "pk": 14,
 "fields": {
  "skill": 17,
  "effect": 42
 }
},
{
 "model": "character.skilleffect",
 "pk": 15,
 "fields": {
  "skill": 18,
  "effect": 43
 }
},
{
 "model": "character.skilleffect",
 "pk": 16,
 "fields": {
  "skill": 19,
  "effect": 42
 }
},
{
 "model": "character.skilleffect",
 "pk": 17,
 "fields": {
  "skill": 20,
  "effect": 43
 }
},
{
 "model": "character.skilleffect",
 "pk": 18,
 "fields": {
  "skill": 21,
  "effect": 23
 }
},
{
 "model": "character.skilleffect",
 "pk": 19,
 "fields": {
  "skill": 22,
  "effect": 34
 }
},
{
 "model": "character.skilleffect",
 "pk": 20,
 "fields": {
  "skill": 6,
  "effect": 56
 }
},
{
 "model": "character.power",
 "pk": 1,
 "fields": {
  "name": "⚔️Сила Атаки",
  "effect": 59,
  "price": 1
 }
},
{
 "model": "character.power",
 "pk": 2,
 "fields": {
  "name": "🛡Сила Защиты",
  "effect": 60,
  "price": 1
 }
},
{
 "model": "character.power",
 "pk": 3,
 "fields": {
  "name": "🎯Сила Точности",
  "effect": 61,
  "price": 2
 }
},
{
 "model": "character.power",
 "pk": 4,
 "fields": {
  "name": "🥾Сила Уклонения",
  "effect": 62,
  "price": 2
 }
},
{
 "model": "character.power",
 "pk": 5,
 "fields": {
  "name": "❤️Сила Здоровья",
  "effect": 63,
  "price": 1
 }
},
{
 "model": "character.power",
 "pk": 6,
 "fields": {
  "name": "🔷Сила Маны",
  "effect": 64,
  "price": 1
 }
},
{
 "model": "character.power",
 "pk": 7,
 "fields": {
  "name": "🎲Сила Удачи",
  "effect": 65,
  "price": 3
 }
},
{
 "model": "character.power",
 "pk": 8,
 "fields": {
  "name": "♦️Сила Удара",
  "effect": 66,
  "price": 3
 }
},
{
 "model": "character.characterclass",
 "pk": 1,
 "fields": {
  "name": "Рыцарь",
  "created": "2024-03-25T12:02:02.622Z",
  "emoji": "🗡",
  "description": "Рыцарь обладает хорошей защитой, но небольшой атакой. Носит тяжелую броню и меч",
  "attack": 9,
  "defence": 10
 }
},
{
 "model": "character.characterclass",
 "pk": 2,
 "fields": {
  "name": "Мастер",
  "created": "2024-03-25T12:02:02.777Z",
  "emoji": "🔨",
  "description": "Мастер умеет создавать полезные вещи из материалов, обладает нормальной защитой. Носит тяжелую броню и дубинки",
  "attack": 9,
  "defence": 10
 }
},
{
 "model": "character.characterclass",
 "pk": 3,
 "fields": {
  "name": "Охотник",
  "created": "2024-03-25T12:02:03.026Z",
  "emoji": "🏹",
  "description": "Охотник добывает больше предметов во время охоты. Носит легкую броню и кинжал",
  "attack": 10,
  "defence": 9
 }
},
{
 "model": "character.characterclass",
 "pk": 4,
 "fields": {
  "name": "Маг",
  "created": "2024-03-25T12:02:03.276Z",
  "emoji": "🪄",
  "description": "Маг обладает высокой атакой, но небольшой защитой. Носит ткань и посох",
  "attack": 10,
  "defence": 9
 }
},
{
 "model": "character.classequipment",
 "pk": 1,
 "fields": {
  "type": "light_armor",
  "character_class": 3
 }
},
{
 "model": "character.classequipment",
 "pk": 2,
 "fields": {
  "type": "dagger",
  "character_class": 3
 }
},
{
 "model": "character.classequipment",
 "pk": 3,
 "fields": {
  "type": "blunt",
  "character_class": 2
 }
},
{
 "model": "character.classequipment",
 "pk": 4,
 "fields": {
  "type": "sword",
  "character_class": 1
 }
},
{
 "model": "character.classequipment",
 "pk": 5,
 "fields": {
  "type": "robe",
  "character_class": 4
 }
},
{
 "model": "character.classequipment",
 "pk": 6,
 "fields": {
  "type": "staff",
  "character_class": 4
 }
},
{
 "model": "character.classequipment",
 "pk": 7,
 "fields": {
  "type": "heavy_armor",
  "character_class": 2
 }
},
{
 "model": "character.classequipment",
 "pk": 8,
 "fields": {
  "type": "heavy_armor",
  "character_class": 1
 }
},
{
 "model": "character.classequipment",
 "pk": 9,
 "fields": {
  "type": "bracelet",
  "character_class": 1
 }
},
{
 "model": "character.classequipment",
 "pk": 10,
 "fields": {
  "type": "bracelet",
  "character_class": 2
 }
},
{
 "model": "character.classequipment",
 "pk": 11,
 "fields": {
  "type": "bracelet",
  "character_class": 3
 }
},
{
 "model": "character.classequipment",
 "pk": 12,
 "fields": {
  "type": "bracelet",
  "character_class": 4
 }
},
{
 "model": "character.characterclassskill",
 "pk": 1,
 "fields": {
  "skill": 6,
  "character_class": 3
 }
},
{
 "model": "character.characterclassskill",
 "pk": 2,
 "fields": {
  "skill": 1,
  "character_class": 2
 }
},
{
 "model": "character.characterclassskill",
 "pk": 3,
 "fields": {
  "skill": 7,
  "character_class": 1
 }
},
{
 "model": "character.characterclassskill",
 "pk": 4,
 "fields": {
  "skill": 3,
  "character_class": 4
 }
},
{
 "model": "character.characterclassskill",
 "pk": 5,
 "fields": {
  "skill": 9,
  "character_class": 4
 }
},
{
 "model": "character.characterclassskill",
 "pk": 6,
 "fields": {
  "skill": 21,
  "character_class": 3
 }
},
{
 "model": "character.characterclassskill",
 "pk": 7,
 "fields": {
  "skill": 17,
  "character_class": 2
 }
},
{
 "model": "character.characterclassskill",
 "pk": 8,
 "fields": {
  "skill": 19,
  "character_class": 1
 }
},
{
 "model": "location.huntingzone",
 "pk": 1,
 "fields": {
  "name": "Заброшенная Шахта",
  "created": "2024-04-18T10:54:28.261Z",
  "exp": 1
 }
},
{
 "model": "location.huntingzone",
 "pk": 2,
 "fields": {
  "name": "Лагерь Гоблинов",
  "created": "2024-04-18T10:59:43.364Z",
  "exp": 2
 }
},
{
 "model": "location.huntingzone",
 "pk": 3,
 "fields": {
  "name": "Эльфийский лес",
  "created": "2024-04-18T11:00:56.387Z",
  "exp": 3
 }
},
{
 "model": "location.huntingzone",
 "pk": 4,
 "fields": {
  "name": "Лагерь Орков",
  "created": "2024-04-18T11:02:35.305Z",
  "exp": 4
 }
},
{
 "model": "location.huntingzone",
 "pk": 5,
 "fields": {
  "name": "Мертвая Деревня",
  "created": "2024-04-18T11:04:50.305Z",
  "exp": 6
 }
},
{
 "model": "location.huntingzone",
 "pk": 6,
 "fields": {
  "name": "Призрачный Лес",
  "created": "2024-04-18T11:06:01.558Z",
  "exp": 7
 }
},
{
 "model": "location.huntingzone",
 "pk": 7,
 "fields": {
  "name": "Угольная Шахта",
  "created": "2024-04-18T11:07:38.967Z",
  "exp": 9
 }
},
{
 "model": "location.location",
 "pk": 1,
 "fields": {
  "place": 10,
  "required_power": 128
 }
},
{
 "model": "location.location",
 "pk": 2,
 "fields": {
  "place": 10,
  "required_power": 198
 }
},
{
 "model": "location.location",
 "pk": 3,
 "fields": {
  "place": 10,
  "required_power": 277
 }
},
{
 "model": "location.location",
 "pk": 4,
 "fields": {
  "place": 10,
  "required_power": 349
 }
},
{
 "model": "location.location",
 "pk": 5,
 "fields": {
  "place": 10,
  "required_power": 497
 }
},
{
 "model": "location.location",
 "pk": 6,
 "fields": {
  "place": 10,
  "required_power": 589
 }
},
{
 "model": "location.location",
 "pk": 7,
 "fields": {
  "place": 10,
  "required_power": 710
 }
},
{
 "model": "location.huntingzonedrop",
 "pk": 1,
 "fields": {
  "hunting_zone": 1,
  "item": 1,
  "min_amount": 1,
  "max_amount": 2,
  "chance": 50.0
 }
},
{
 "model": "location.huntingzonedrop",
 "pk": 2,
 "fields": {
  "hunting_zone": 1,
  "item": 3,
  "min_amount": 1,
  "max_amount": 1,
  "chance": 3.0
 }
},
{
 "model": "location.huntingzonedrop",
 "pk": 3,
 "fields": {
  "hunting_zone": 1,
  "item": 7,
  "min_amount": 1,
  "max_amount": 1,
  "chance": 0.05
 }
},
{
 "model": "location.huntingzonedrop",
 "pk": 4,
 "fields": {
  "hunting_zone": 1,
  "item": 4,
  "min_amount": 1,
  "max_amount": 1,
  "chance": 0.05
 }
},
{
 "model": "location.huntingzonedrop",
 "pk": 5,
 "fields": {
  "hunting_zone": 1,
  "item": 6,
  "min_amount": 1,
  "max_amount": 1,
  "chance": 0.1
 }
},
{
 "model": "location.huntingzonedrop",
 "pk": 6,
 "fields": {
  "hunting_zone": 2,
  "item": 1,
  "min_amount": 1,
  "max_amount": 2,
  "chance": 50.0
 }
},
{
 "model": "location.huntingzonedrop",
 "pk": 7,
 "fields": {
  "hunting_zone": 2,
  "item": 3,
  "min_amount": 1,
  "max_amount": 1,
  "chance": 5.0
 }
},
{
 "model": "location.huntingzonedrop",
 "pk": 8,
 "fields": {
  "hunting_zone": 2,
  "item": 4,
  "min_amount": 1,
  "max_amount": 1,
  "chance": 0.1
 }
},
{
 "model": "location.huntingzonedrop",
 "pk": 9,
 "fields": {
  "hunting_zone": 2,
  "item": 6,
  "min_amount": 1,
  "max_amount": 1,
  "chance": 1.0
 }
},
{
 "model": "location.huntingzonedrop",
 "pk": 10,
 "fields": {
  "hunting_zone": 2,
  "item": 7,
  "min_amount": 1,
  "max_amount": 1,
  "chance": 0.1
 }
},
{
 "model": "location.huntingzonedrop",
 "pk": 11,
 "fields": {
  "hunting_zone": 3,
  "item": 1,
  "min_amount": 2,
  "max_amount": 4,
  "chance": 50.0
 }
},
{
 "model": "location.huntingzonedrop",
 "pk": 12,
 "fields": {
  "hunting_zone": 3,
  "item": 4,
  "min_amount": 1,
  "max_amount": 1,
  "chance": 0.5
 }
},
{
 "model": "location.huntingzonedrop",
 "pk": 13,
 "fields": {
  "hunting_zone": 3,
  "item": 7,
  "min_amount": 1,
  "max_amount": 1,
  "chance": 0.5
 }
},
{
 "model": "location.huntingzonedrop",
 "pk": 14,
 "fields": {
  "hunting_zone": 3,
  "item": 3,
  "min_amount": 1,
  "max_amount": 1,
  "chance": 7.0
 }
},
{
 "model": "location.huntingzonedrop",
 "pk": 15,
 "fields": {
  "hunting_zone": 3,
  "item": 6,
  "min_amount": 1,
  "max_amount": 1,
  "chance": 1.5
 }
},
{
 "model": "location.huntingzonedrop",
 "pk": 16,
 "fields": {
  "hunting_zone": 4,
  "item": 1,
  "min_amount": 3,
  "max_amount": 6,
  "chance": 50.0
 }
},
{
 "model": "location.huntingzonedrop",
 "pk": 17,
 "fields": {
  "hunting_zone": 4,
  "item": 7,
  "min_amount": 1,
  "max_amount": 1,
  "chance": 1.0
 }
},
{
 "model": "location.huntingzonedrop",
 "pk": 18,
 "fields": {
  "hunting_zone": 4,
  "item": 4,
  "min_amount": 1,
  "max_amount": 1,
  "chance": 1.0
 }
},
{
 "model": "location.huntingzonedrop",
 "pk": 19,
 "fields": {
  "hunting_zone": 4,
  "item": 3,
  "min_amount": 1,
  "max_amount": 1,
  "chance": 9.0
 }
},
{
 "model": "location.huntingzonedrop",
 "pk": 20,
 "fields": {
  "hunting_zone": 4,
  "item": 6,
  "min_amount": 1,
  "max_amount": 1,
  "chance": 2.0
 }
},
{
 "model": "location.huntingzonedrop",
 "pk": 21,
 "fields": {
  "hunting_zone": 5,
  "item": 1,
  "min_amount": 5,
  "max_amount": 10,
  "chance": 50.0
 }
},
{
 "model": "location.huntingzonedrop",
 "pk": 22,
 "fields": {
  "hunting_zone": 5,
  "item": 93,
  "min_amount": 1,
  "max_amount": 1,
  "chance": 0.5
 }
},
{
 "model": "location.huntingzonedrop",
 "pk": 23,
 "fields": {
  "hunting_zone": 5,
  "item": 94,
  "min_amount": 1,
  "max_amount": 1,
  "chance": 0.5
 }
},
{
 "model": "location.huntingzonedrop",
 "pk": 24,
 "fields": {
  "hunting_zone": 5,
  "item": 95,
  "min_amount": 1,
  "max_amount": 1,
  "chance": 3.0
 }
},
{
 "model": "location.huntingzonedrop",
 "pk": 25,
 "fields": {
  "hunting_zone": 5,
  "item": 92,
  "min_amount": 1,
  "max_amount": 1,
  "chance": 0.5
 }
},
{
 "model": "location.huntingzonedrop",
 "pk": 26,
 "fields": {
  "hunting_zone": 6,
  "item": 1,
  "min_amount": 6,
  "max_amount": 12,
  "chance": 50.0
 }
},
{
 "model": "location.huntingzonedrop",
 "pk": 27,
 "fields": {
  "hunting_zone": 6,
  "item": 93,
  "min_amount": 1,
  "max_amount": 1,
  "chance": 1.0
 }
},
{
 "model": "location.huntingzonedrop",
 "pk": 28,
 "fields": {
  "hunting_zone": 6,
  "item": 94,
  "min_amount": 1,
  "max_amount": 1,
  "chance": 1.0
 }
},
{
 "model": "location.huntingzonedrop",
 "pk": 29,
 "fields": {
  "hunting_zone": 6,
  "item": 92,
  "min_amount": 1,
  "max_amount": 1,
  "chance": 1.0
 }
},
{
 "model": "location.huntingzonedrop",
 "pk": 30,
 "fields": {
  "hunting_zone": 6,
  "item": 95,
  "min_amount": 1,
  "max_amount": 1,
  "chance": 5.0
 }
},
{
 "model": "location.huntingzonedrop",
 "pk": 31,
 "fields": {
  "hunting_zone": 7,
  "item": 1,
  "min_amount": 9,
  "max_amount": 14,
  "chance": 50.0
 }
},
{
 "model": "location.huntingzonedrop",
 "pk": 32,
 "fields": {
  "hunting_zone": 7,
  "item": 93,
  "min_amount": 1,
  "max_amount": 1,
  "chance": 1.5
 }
},
{
 "model": "location.huntingzonedrop",
 "pk": 33,
 "fields": {
  "hunting_zone": 7,
  "item": 94,
  "min_amount": 1,
  "max_amount": 1,
  "chance": 1.5
 }
},
{
 "model": "location.huntingzonedrop",
 "pk": 34,
 "fields": {
  "hunting_zone": 7,
  "item": 95,
  "min_amount": 1,
  "max_amount": 1,
  "chance": 7.0
 }
},
{
 "model": "location.huntingzonedrop",
 "pk": 35,
 "fields": {
  "hunting_zone": 7,
  "item": 92,
  "min_amount": 1,
  "max_amount": 1,
  "chance": 1.5
 }
},
{
 "model": "location.locationboss",
 "pk": 1,
 "fields": {
  "name": "Король Орков",
  "respawn": "2024-04-19T01:25:20Z",
  "required_power": 418,
  "location": 4
 }
},
{
 "model": "location.locationboss",
 "pk": 2,
 "fields": {
  "name": "Повелитель Зомби",
  "respawn": "2024-04-19T01:08:15.866Z",
  "required_power": 542,
  "location": 5
 }
},
{
 "model": "location.locationboss",
 "pk": 3,
 "fields": {
  "name": "Древний Призрак",
  "respawn": "2024-04-18T21:39:48.852Z",
  "required_power": 642,
  "location": 6
 }
},
{
 "model": "location.locationboss",
 "pk": 4,
 "fields": {
  "name": "Железный Голем",
  "respawn": "2024-04-19T00:38:12.902Z",
  "required_power": 729,
  "location": 7
 }
},
{
 "model": "location.locationbossdrop",
 "pk": 1,
 "fields": {
  "boss": 1,
  "item": 7,
  "min_amount": 1,
  "max_amount": 1,
  "chance": 20.0
 }
},
{
 "model": "location.locationbossdrop",
 "pk": 2,
 "fields": {
  "boss": 1,
  "item": 12,
  "min_amount": 1,
  "max_amount": 1,
  "chance": 20.0
 }
},
{
 "model": "location.locationbossdrop",
 "pk": 3,
 "fields": {
  "boss": 1,
  "item": 4,
  "min_amount": 1,
  "max_amount": 1,
  "chance": 20.0
 }
},
{
 "model": "location.locationbossdrop",
 "pk": 4,
 "fields": {
  "boss": 1,
  "item": 117,
  "min_amount": 1,
  "max_amount": 1,
  "chance": 20.0
 }
},
{
 "model": "location.locationbossdrop",
 "pk": 5,
 "fields": {
  "boss": 2,
  "item": 8,
  "min_amount": 1,
  "max_amount": 2,
  "chance": 25.0
 }
},
{
 "model": "location.locationbossdrop",
 "pk": 6,
 "fields": {
  "boss": 2,
  "item": 9,
  "min_amount": 1,
  "max_amount": 2,
  "chance": 25.0
 }
},
{
 "model": "location.locationbossdrop",
 "pk": 8,
 "fields": {
  "boss": 2,
  "item": 93,
  "min_amount": 1,
  "max_amount": 3,
  "chance": 50.0
 }
},
{
 "model": "location.locationbossdrop",
 "pk": 9,
 "fields": {
  "boss": 2,
  "item": 94,
  "min_amount": 1,
  "max_amount": 3,
  "chance": 50.0
 }
},
{
 "model": "location.locationbossdrop",
 "pk": 10,
 "fields": {
  "boss": 3,
  "item": 93,
  "min_amount": 1,
  "max_amount": 5,
  "chance": 50.0
 }
},
{
 "model": "location.locationbossdrop",
 "pk": 11,
 "fields": {
  "boss": 3,
  "item": 94,
  "min_amount": 1,
  "max_amount": 5,
  "chance": 50.0
 }
},
{
 "model": "location.locationbossdrop",
 "pk": 12,
 "fields": {
  "boss": 3,
  "item": 103,
  "min_amount": 1,
  "max_amount": 1,
  "chance": 10.0
 }
},
{
 "model": "location.locationbossdrop",
 "pk": 13,
 "fields": {
  "boss": 3,
  "item": 8,
  "min_amount": 1,
  "max_amount": 4,
  "chance": 25.0
 }
},
{
 "model": "location.locationbossdrop",
 "pk": 14,
 "fields": {
  "boss": 3,
  "item": 9,
  "min_amount": 1,
  "max_amount": 4,
  "chance": 25.0
 }
},
{
 "model": "location.locationbossdrop",
 "pk": 15,
 "fields": {
  "boss": 3,
  "item": 92,
  "min_amount": 1,
  "max_amount": 1,
  "chance": 20.0
 }
},
{
 "model": "location.locationbossdrop",
 "pk": 16,
 "fields": {
  "boss": 2,
  "item": 92,
  "min_amount": 1,
  "max_amount": 1,
  "chance": 10.0
 }
},
{
 "model": "location.locationbossdrop",
 "pk": 17,
 "fields": {
  "boss": 2,
  "item": 103,
  "min_amount": 1,
  "max_amount": 1,
  "chance": 5.0
 }
},
{
 "model": "location.locationbossdrop",
 "pk": 18,
 "fields": {
  "boss": 4,
  "item": 93,
  "min_amount": 2,
  "max_amount": 7,
  "chance": 50.0
 }
},
{
 "model": "location.locationbossdrop",
 "pk": 19,
 "fields": {
  "boss": 4,
  "item": 94,
  "min_amount": 2,
  "max_amount": 7,
  "chance": 50.0
 }
},
{
 "model": "location.locationbossdrop",
 "pk": 20,
 "fields": {
  "boss": 4,
  "item": 8,
  "min_amount": 2,
  "max_amount": 6,
  "chance": 25.0
 }
},
{
 "model": "location.locationbossdrop",
 "pk": 21,
 "fields": {
  "boss": 4,
  "item": 9,
  "min_amount": 2,
  "max_amount": 6,
  "chance": 25.0
 }
},
{
 "model": "location.locationbossdrop",
 "pk": 22,
 "fields": {
  "boss": 4,
  "item": 92,
  "min_amount": 1,
  "max_amount": 1,
  "chance": 30.0
 }
},
{
 "model": "location.locationbossdrop",
 "pk": 23,
 "fields": {
  "boss": 4,
  "item": 103,
  "min_amount": 1,
  "max_amount": 1,
  "chance": 15.0
 }
},
{
 "model": "clan.clanboss",
 "pk": 1,
 "fields": {
  "name": "Каменный Голем",
  "respawn": "2024-04-18T14:56:49Z",
  "required_power": 8940
 }
},
{
 "model": "clan.clanbossdrop",
 "pk": 1,
 "fields": {
  "clan_boss": 1,
  "item": 11,
  "min_amount": 1,
  "max_amount": 1,
  "chance": 10.0
 }
},
{
 "model": "clan.clanbossdrop",
 "pk": 2,
 "fields": {
  "clan_boss": 1,
  "item": 10,
  "min_amount": 1,
  "max_amount": 1,
  "chance": 10.0
 }
},
{
 "model": "clan.clanbossdrop",
 "pk": 3,
 "fields": {
  "clan_boss": 1,
  "item": 9,
  "min_amount": 10,
  "max_amount": 20,
  "chance": 100.0
 }
},
{
 "model": "clan.clanbossdrop",
 "pk": 4,
 "fields": {
  "clan_boss": 1,
  "item": 8,
  "min_amount": 10,
  "max_amount": 20,
  "chance": 100.0
 }
},
{
 "model": "clan.clanbossdrop",
 "pk": 5,
 "fields": {
  "clan_boss": 1,
  "item": 73,
  "min_amount": 1,
  "max_amount": 1,
  "chance": 5.0
 }
},
{
 "model": "clan.clanbossdrop",
 "pk": 6,
 "fields": {
  "clan_boss": 1,
  "item": 72,
  "min_amount": 1,
  "max_amount": 1,
  "chance": 5.0
 }
},
{
 "model": "clan.clanbossdrop",
 "pk": 7,
 "fields": {
  "clan_boss": 1,
  "item": 71,
  "min_amount": 1,
  "max_amount": 1,
  "chance": 5.0
 }
},
{
 "model": "clan.clanbossdrop",
 "pk": 8,
 "fields": {
  "clan_boss": 1,
  "item": 83,
  "min_amount": 1,
  "max_amount": 1,
  "chance": 5.0
 }
},
{
 "model": "clan.clanbossdrop",
 "pk": 9,
 "fields": {
  "clan_boss": 1,
  "item": 82,
  "min_amount": 1,
  "max_amount": 1,
  "chance": 5.0
 }
},
{
 "model": "clan.clanbossdrop",
 "pk": 10,
 "fields": {
  "clan_boss": 1,
  "item": 81,
  "min_amount": 1,
  "max_amount": 1,
  "chance": 5.0
 }
},
{
 "model": "clan.clanbossdrop",
 "pk": 11,
 "fields": {
  "clan_boss": 1,
  "item": 80,
  "min_amount": 1,
  "max_amount": 1,
  "chance": 5.0
 }
},
{
 "model": "clan.clanbossdrop",
 "pk": 13,
 "fields": {
  "clan_boss": 1,
  "item": 109,
  "min_amount": 1,
  "max_amount": 1,
  "chance": 5.0
 }
},
{
 "model": "clan.clanbossdrop",
 "pk": 14,
 "fields": {
  "clan_boss": 1,
  "item": 103,
  "min_amount": 1,
  "max_amount": 1,
  "chance": 50.0
 }
}
]
